file_path,speaker,file_name,duration_seconds
/Users/gertrudisrms/Documents/Kuliah/Semester 6/Speech Processing/Projek_FInal_Speaker_Identification/data/50_speakers_audio_data/Speaker0037/Speaker0037_053.wav,Speaker0037,Speaker0037_053.wav,60.00036281179138
/Users/gertrudisrms/Documents/Kuliah/Semester 6/Speech Processing/Projek_FInal_Speaker_Identification/data/50_speakers_audio_data/Speaker0037/Speaker0037_047.wav,Speaker0037,Speaker0037_047.wav,60.00036281179138
/Users/gertrudisrms/Documents/Kuliah/Semester 6/Speech Processing/Projek_FInal_Speaker_Identification/data/50_speakers_audio_data/Speaker0037/Speaker0037_046.wav,Speaker0037,Speaker0037_046.wav,60.00036281179138
/Users/gertrudisrms/Documents/Kuliah/Semester 6/Speech Processing/Projek_FInal_Speaker_Identification/data/50_speakers_audio_data/Speaker0037/Speaker0037_052.wav,Speaker0037,Speaker0037_052.wav,60.00036281179138
/Users/gertrudisrms/Documents/Kuliah/Semester 6/Speech Processing/Projek_FInal_Speaker_Identification/data/50_speakers_audio_data/Speaker0037/Speaker0037_044.wav,Speaker0037,Speaker0037_044.wav,60.00036281179138
/Users/gertrudisrms/Documents/Kuliah/Semester 6/Speech Processing/Projek_FInal_Speaker_Identification/data/50_speakers_audio_data/Speaker0037/Speaker0037_050.wav,Speaker0037,Speaker0037_050.wav,60.00036281179138
/Users/gertrudisrms/Documents/Kuliah/Semester 6/Speech Processing/Projek_FInal_Speaker_Identification/data/50_speakers_audio_data/Speaker0037/Speaker0037_051.wav,Speaker0037,Speaker0037_051.wav,60.00036281179138
/Users/gertrudisrms/Documents/Kuliah/Semester 6/Speech Processing/Projek_FInal_Speaker_Identification/data/50_speakers_audio_data/Speaker0037/Speaker0037_045.wav,Speaker0037,Speaker0037_045.wav,60.00036281179138
/Users/gertrudisrms/Documents/Kuliah/Semester 6/Speech Processing/Projek_FInal_Speaker_Identification/data/50_speakers_audio_data/Speaker0037/Speaker0037_041.wav,Speaker0037,Speaker0037_041.wav,60.00036281179138
/Users/gertrudisrms/Documents/Kuliah/Semester 6/Speech Processing/Projek_FInal_Speaker_Identification/data/50_speakers_audio_data/Speaker0037/Speaker0037_054.wav,Speaker0037,Speaker0037_054.wav,8.881632653061224
/Users/gertrudisrms/Documents/Kuliah/Semester 6/Speech Processing/Projek_FInal_Speaker_Identification/data/50_speakers_audio_data/Speaker0037/Speaker0037_040.wav,Speaker0037,Speaker0037_040.wav,60.00036281179138
/Users/gertrudisrms/Documents/Kuliah/Semester 6/Speech Processing/Projek_FInal_Speaker_Identification/data/50_speakers_audio_data/Speaker0037/Speaker0037_042.wav,Speaker0037,Speaker0037_042.wav,60.00036281179138
/Users/gertrudisrms/Documents/Kuliah/Semester 6/Speech Processing/Projek_FInal_Speaker_Identification/data/50_speakers_audio_data/Speaker0037/Speaker0037_043.wav,Speaker0037,Speaker0037_043.wav,60.00036281179138
/Users/gertrudisrms/Documents/Kuliah/Semester 6/Speech Processing/Projek_FInal_Speaker_Identification/data/50_speakers_audio_data/Speaker0037/Speaker0037_018.wav,Speaker0037,Speaker0037_018.wav,60.00036281179138
/Users/gertrudisrms/Documents/Kuliah/Semester 6/Speech Processing/Projek_FInal_Speaker_Identification/data/50_speakers_audio_data/Speaker0037/Speaker0037_030.wav,Speaker0037,Speaker0037_030.wav,60.00036281179138
/Users/gertrudisrms/Documents/Kuliah/Semester 6/Speech Processing/Projek_FInal_Speaker_Identification/data/50_speakers_audio_data/Speaker0037/Speaker0037_024.wav,Speaker0037,Speaker0037_024.wav,60.00036281179138
/Users/gertrudisrms/Documents/Kuliah/Semester 6/Speech Processing/Projek_FInal_Speaker_Identification/data/50_speakers_audio_data/Speaker0037/Speaker0037_025.wav,Speaker0037,Speaker0037_025.wav,60.00036281179138
/Users/gertrudisrms/Documents/Kuliah/Semester 6/Speech Processing/Projek_FInal_Speaker_Identification/data/50_speakers_audio_data/Speaker0037/Speaker0037_031.wav,Speaker0037,Speaker0037_031.wav,60.00036281179138
/Users/gertrudisrms/Documents/Kuliah/Semester 6/Speech Processing/Projek_FInal_Speaker_Identification/data/50_speakers_audio_data/Speaker0037/Speaker0037_019.wav,Speaker0037,Speaker0037_019.wav,60.00036281179138
/Users/gertrudisrms/Documents/Kuliah/Semester 6/Speech Processing/Projek_FInal_Speaker_Identification/data/50_speakers_audio_data/Speaker0037/Speaker0037_027.wav,Speaker0037,Speaker0037_027.wav,60.00036281179138
/Users/gertrudisrms/Documents/Kuliah/Semester 6/Speech Processing/Projek_FInal_Speaker_Identification/data/50_speakers_audio_data/Speaker0037/Speaker0037_033.wav,Speaker0037,Speaker0037_033.wav,60.00036281179138
/Users/gertrudisrms/Documents/Kuliah/Semester 6/Speech Processing/Projek_FInal_Speaker_Identification/data/50_speakers_audio_data/Speaker0037/Speaker0037_032.wav,Speaker0037,Speaker0037_032.wav,60.00036281179138
/Users/gertrudisrms/Documents/Kuliah/Semester 6/Speech Processing/Projek_FInal_Speaker_Identification/data/50_speakers_audio_data/Speaker0037/Speaker0037_026.wav,Speaker0037,Speaker0037_026.wav,60.00036281179138
/Users/gertrudisrms/Documents/Kuliah/Semester 6/Speech Processing/Projek_FInal_Speaker_Identification/data/50_speakers_audio_data/Speaker0037/Speaker0037_022.wav,Speaker0037,Speaker0037_022.wav,60.00036281179138
/Users/gertrudisrms/Documents/Kuliah/Semester 6/Speech Processing/Projek_FInal_Speaker_Identification/data/50_speakers_audio_data/Speaker0037/Speaker0037_036.wav,Speaker0037,Speaker0037_036.wav,60.00036281179138
/Users/gertrudisrms/Documents/Kuliah/Semester 6/Speech Processing/Projek_FInal_Speaker_Identification/data/50_speakers_audio_data/Speaker0037/Speaker0037_037.wav,Speaker0037,Speaker0037_037.wav,60.00036281179138
/Users/gertrudisrms/Documents/Kuliah/Semester 6/Speech Processing/Projek_FInal_Speaker_Identification/data/50_speakers_audio_data/Speaker0037/Speaker0037_023.wav,Speaker0037,Speaker0037_023.wav,60.00036281179138
/Users/gertrudisrms/Documents/Kuliah/Semester 6/Speech Processing/Projek_FInal_Speaker_Identification/data/50_speakers_audio_data/Speaker0037/Speaker0037_035.wav,Speaker0037,Speaker0037_035.wav,60.00036281179138
/Users/gertrudisrms/Documents/Kuliah/Semester 6/Speech Processing/Projek_FInal_Speaker_Identification/data/50_speakers_audio_data/Speaker0037/Speaker0037_021.wav,Speaker0037,Speaker0037_021.wav,60.00036281179138
/Users/gertrudisrms/Documents/Kuliah/Semester 6/Speech Processing/Projek_FInal_Speaker_Identification/data/50_speakers_audio_data/Speaker0037/Speaker0037_009.wav,Speaker0037,Speaker0037_009.wav,60.00036281179138
/Users/gertrudisrms/Documents/Kuliah/Semester 6/Speech Processing/Projek_FInal_Speaker_Identification/data/50_speakers_audio_data/Speaker0037/Speaker0037_008.wav,Speaker0037,Speaker0037_008.wav,60.00036281179138
/Users/gertrudisrms/Documents/Kuliah/Semester 6/Speech Processing/Projek_FInal_Speaker_Identification/data/50_speakers_audio_data/Speaker0037/Speaker0037_020.wav,Speaker0037,Speaker0037_020.wav,60.00036281179138
/Users/gertrudisrms/Documents/Kuliah/Semester 6/Speech Processing/Projek_FInal_Speaker_Identification/data/50_speakers_audio_data/Speaker0037/Speaker0037_034.wav,Speaker0037,Speaker0037_034.wav,60.00036281179138
/Users/gertrudisrms/Documents/Kuliah/Semester 6/Speech Processing/Projek_FInal_Speaker_Identification/data/50_speakers_audio_data/Speaker0037/Speaker0037_039.wav,Speaker0037,Speaker0037_039.wav,60.00036281179138
/Users/gertrudisrms/Documents/Kuliah/Semester 6/Speech Processing/Projek_FInal_Speaker_Identification/data/50_speakers_audio_data/Speaker0037/Speaker0037_011.wav,Speaker0037,Speaker0037_011.wav,60.00036281179138
/Users/gertrudisrms/Documents/Kuliah/Semester 6/Speech Processing/Projek_FInal_Speaker_Identification/data/50_speakers_audio_data/Speaker0037/Speaker0037_005.wav,Speaker0037,Speaker0037_005.wav,60.00036281179138
/Users/gertrudisrms/Documents/Kuliah/Semester 6/Speech Processing/Projek_FInal_Speaker_Identification/data/50_speakers_audio_data/Speaker0037/Speaker0037_004.wav,Speaker0037,Speaker0037_004.wav,60.00036281179138
/Users/gertrudisrms/Documents/Kuliah/Semester 6/Speech Processing/Projek_FInal_Speaker_Identification/data/50_speakers_audio_data/Speaker0037/Speaker0037_010.wav,Speaker0037,Speaker0037_010.wav,60.00036281179138
/Users/gertrudisrms/Documents/Kuliah/Semester 6/Speech Processing/Projek_FInal_Speaker_Identification/data/50_speakers_audio_data/Speaker0037/Speaker0037_038.wav,Speaker0037,Speaker0037_038.wav,60.00036281179138
/Users/gertrudisrms/Documents/Kuliah/Semester 6/Speech Processing/Projek_FInal_Speaker_Identification/data/50_speakers_audio_data/Speaker0037/Speaker0037_006.wav,Speaker0037,Speaker0037_006.wav,60.00036281179138
/Users/gertrudisrms/Documents/Kuliah/Semester 6/Speech Processing/Projek_FInal_Speaker_Identification/data/50_speakers_audio_data/Speaker0037/Speaker0037_012.wav,Speaker0037,Speaker0037_012.wav,60.00036281179138
/Users/gertrudisrms/Documents/Kuliah/Semester 6/Speech Processing/Projek_FInal_Speaker_Identification/data/50_speakers_audio_data/Speaker0037/Speaker0037_013.wav,Speaker0037,Speaker0037_013.wav,60.00036281179138
/Users/gertrudisrms/Documents/Kuliah/Semester 6/Speech Processing/Projek_FInal_Speaker_Identification/data/50_speakers_audio_data/Speaker0037/Speaker0037_007.wav,Speaker0037,Speaker0037_007.wav,60.00036281179138
/Users/gertrudisrms/Documents/Kuliah/Semester 6/Speech Processing/Projek_FInal_Speaker_Identification/data/50_speakers_audio_data/Speaker0037/Speaker0037_003.wav,Speaker0037,Speaker0037_003.wav,60.00036281179138
/Users/gertrudisrms/Documents/Kuliah/Semester 6/Speech Processing/Projek_FInal_Speaker_Identification/data/50_speakers_audio_data/Speaker0037/Speaker0037_017.wav,Speaker0037,Speaker0037_017.wav,60.00036281179138
/Users/gertrudisrms/Documents/Kuliah/Semester 6/Speech Processing/Projek_FInal_Speaker_Identification/data/50_speakers_audio_data/Speaker0037/Speaker0037_016.wav,Speaker0037,Speaker0037_016.wav,60.00036281179138
/Users/gertrudisrms/Documents/Kuliah/Semester 6/Speech Processing/Projek_FInal_Speaker_Identification/data/50_speakers_audio_data/Speaker0037/Speaker0037_002.wav,Speaker0037,Speaker0037_002.wav,60.00036281179138
/Users/gertrudisrms/Documents/Kuliah/Semester 6/Speech Processing/Projek_FInal_Speaker_Identification/data/50_speakers_audio_data/Speaker0037/Speaker0037_014.wav,Speaker0037,Speaker0037_014.wav,60.00036281179138
/Users/gertrudisrms/Documents/Kuliah/Semester 6/Speech Processing/Projek_FInal_Speaker_Identification/data/50_speakers_audio_data/Speaker0037/Speaker0037_000.wav,Speaker0037,Speaker0037_000.wav,60.00036281179138
/Users/gertrudisrms/Documents/Kuliah/Semester 6/Speech Processing/Projek_FInal_Speaker_Identification/data/50_speakers_audio_data/Speaker0037/Speaker0037_028.wav,Speaker0037,Speaker0037_028.wav,60.00036281179138
/Users/gertrudisrms/Documents/Kuliah/Semester 6/Speech Processing/Projek_FInal_Speaker_Identification/data/50_speakers_audio_data/Speaker0037/Speaker0037_029.wav,Speaker0037,Speaker0037_029.wav,60.00036281179138
/Users/gertrudisrms/Documents/Kuliah/Semester 6/Speech Processing/Projek_FInal_Speaker_Identification/data/50_speakers_audio_data/Speaker0037/Speaker0037_001.wav,Speaker0037,Speaker0037_001.wav,60.00036281179138
/Users/gertrudisrms/Documents/Kuliah/Semester 6/Speech Processing/Projek_FInal_Speaker_Identification/data/50_speakers_audio_data/Speaker0037/Speaker0037_015.wav,Speaker0037,Speaker0037_015.wav,60.00036281179138
/Users/gertrudisrms/Documents/Kuliah/Semester 6/Speech Processing/Projek_FInal_Speaker_Identification/data/50_speakers_audio_data/Speaker0037/Speaker0037_048.wav,Speaker0037,Speaker0037_048.wav,60.00036281179138
/Users/gertrudisrms/Documents/Kuliah/Semester 6/Speech Processing/Projek_FInal_Speaker_Identification/data/50_speakers_audio_data/Speaker0037/Speaker0037_049.wav,Speaker0037,Speaker0037_049.wav,60.00036281179138
/Users/gertrudisrms/Documents/Kuliah/Semester 6/Speech Processing/Projek_FInal_Speaker_Identification/data/50_speakers_audio_data/Speaker0030/Speaker30_009.wav,Speaker0030,Speaker30_009.wav,60.00036281179138
/Users/gertrudisrms/Documents/Kuliah/Semester 6/Speech Processing/Projek_FInal_Speaker_Identification/data/50_speakers_audio_data/Speaker0030/Speaker30_021.wav,Speaker0030,Speaker30_021.wav,60.00036281179138
/Users/gertrudisrms/Documents/Kuliah/Semester 6/Speech Processing/Projek_FInal_Speaker_Identification/data/50_speakers_audio_data/Speaker0030/Speaker30_020.wav,Speaker0030,Speaker30_020.wav,60.00036281179138
/Users/gertrudisrms/Documents/Kuliah/Semester 6/Speech Processing/Projek_FInal_Speaker_Identification/data/50_speakers_audio_data/Speaker0030/Speaker30_008.wav,Speaker0030,Speaker30_008.wav,60.00036281179138
/Users/gertrudisrms/Documents/Kuliah/Semester 6/Speech Processing/Projek_FInal_Speaker_Identification/data/50_speakers_audio_data/Speaker0030/Speaker30_022.wav,Speaker0030,Speaker30_022.wav,60.00036281179138
/Users/gertrudisrms/Documents/Kuliah/Semester 6/Speech Processing/Projek_FInal_Speaker_Identification/data/50_speakers_audio_data/Speaker0030/Speaker30_023.wav,Speaker0030,Speaker30_023.wav,60.00036281179138
/Users/gertrudisrms/Documents/Kuliah/Semester 6/Speech Processing/Projek_FInal_Speaker_Identification/data/50_speakers_audio_data/Speaker0030/Speaker30_027.wav,Speaker0030,Speaker30_027.wav,60.00036281179138
/Users/gertrudisrms/Documents/Kuliah/Semester 6/Speech Processing/Projek_FInal_Speaker_Identification/data/50_speakers_audio_data/Speaker0030/Speaker30_032.wav,Speaker0030,Speaker30_032.wav,24.674104308390024
/Users/gertrudisrms/Documents/Kuliah/Semester 6/Speech Processing/Projek_FInal_Speaker_Identification/data/50_speakers_audio_data/Speaker0030/Speaker30_026.wav,Speaker0030,Speaker30_026.wav,60.00036281179138
/Users/gertrudisrms/Documents/Kuliah/Semester 6/Speech Processing/Projek_FInal_Speaker_Identification/data/50_speakers_audio_data/Speaker0030/Speaker30_030.wav,Speaker0030,Speaker30_030.wav,60.00036281179138
/Users/gertrudisrms/Documents/Kuliah/Semester 6/Speech Processing/Projek_FInal_Speaker_Identification/data/50_speakers_audio_data/Speaker0030/Speaker30_024.wav,Speaker0030,Speaker30_024.wav,60.00036281179138
/Users/gertrudisrms/Documents/Kuliah/Semester 6/Speech Processing/Projek_FInal_Speaker_Identification/data/50_speakers_audio_data/Speaker0030/Speaker30_018.wav,Speaker0030,Speaker30_018.wav,60.00036281179138
/Users/gertrudisrms/Documents/Kuliah/Semester 6/Speech Processing/Projek_FInal_Speaker_Identification/data/50_speakers_audio_data/Speaker0030/Speaker30_019.wav,Speaker0030,Speaker30_019.wav,60.00036281179138
/Users/gertrudisrms/Documents/Kuliah/Semester 6/Speech Processing/Projek_FInal_Speaker_Identification/data/50_speakers_audio_data/Speaker0030/Speaker30_025.wav,Speaker0030,Speaker30_025.wav,60.00036281179138
/Users/gertrudisrms/Documents/Kuliah/Semester 6/Speech Processing/Projek_FInal_Speaker_Identification/data/50_speakers_audio_data/Speaker0030/Speaker30_031.wav,Speaker0030,Speaker30_031.wav,60.00036281179138
/Users/gertrudisrms/Documents/Kuliah/Semester 6/Speech Processing/Projek_FInal_Speaker_Identification/data/50_speakers_audio_data/Speaker0030/Speaker30_028.wav,Speaker0030,Speaker30_028.wav,60.00036281179138
/Users/gertrudisrms/Documents/Kuliah/Semester 6/Speech Processing/Projek_FInal_Speaker_Identification/data/50_speakers_audio_data/Speaker0030/Speaker30_014.wav,Speaker0030,Speaker30_014.wav,60.00036281179138
/Users/gertrudisrms/Documents/Kuliah/Semester 6/Speech Processing/Projek_FInal_Speaker_Identification/data/50_speakers_audio_data/Speaker0030/Speaker30_000.wav,Speaker0030,Speaker30_000.wav,60.00036281179138
/Users/gertrudisrms/Documents/Kuliah/Semester 6/Speech Processing/Projek_FInal_Speaker_Identification/data/50_speakers_audio_data/Speaker0030/Speaker30_001.wav,Speaker0030,Speaker30_001.wav,60.00036281179138
/Users/gertrudisrms/Documents/Kuliah/Semester 6/Speech Processing/Projek_FInal_Speaker_Identification/data/50_speakers_audio_data/Speaker0030/Speaker30_015.wav,Speaker0030,Speaker30_015.wav,60.00036281179138
/Users/gertrudisrms/Documents/Kuliah/Semester 6/Speech Processing/Projek_FInal_Speaker_Identification/data/50_speakers_audio_data/Speaker0030/Speaker30_029.wav,Speaker0030,Speaker30_029.wav,60.00036281179138
/Users/gertrudisrms/Documents/Kuliah/Semester 6/Speech Processing/Projek_FInal_Speaker_Identification/data/50_speakers_audio_data/Speaker0030/Speaker30_003.wav,Speaker0030,Speaker30_003.wav,60.00036281179138
/Users/gertrudisrms/Documents/Kuliah/Semester 6/Speech Processing/Projek_FInal_Speaker_Identification/data/50_speakers_audio_data/Speaker0030/Speaker30_017.wav,Speaker0030,Speaker30_017.wav,60.00036281179138
/Users/gertrudisrms/Documents/Kuliah/Semester 6/Speech Processing/Projek_FInal_Speaker_Identification/data/50_speakers_audio_data/Speaker0030/Speaker30_016.wav,Speaker0030,Speaker30_016.wav,60.00036281179138
/Users/gertrudisrms/Documents/Kuliah/Semester 6/Speech Processing/Projek_FInal_Speaker_Identification/data/50_speakers_audio_data/Speaker0030/Speaker30_002.wav,Speaker0030,Speaker30_002.wav,60.00036281179138
/Users/gertrudisrms/Documents/Kuliah/Semester 6/Speech Processing/Projek_FInal_Speaker_Identification/data/50_speakers_audio_data/Speaker0030/Speaker30_006.wav,Speaker0030,Speaker30_006.wav,60.00036281179138
/Users/gertrudisrms/Documents/Kuliah/Semester 6/Speech Processing/Projek_FInal_Speaker_Identification/data/50_speakers_audio_data/Speaker0030/Speaker30_012.wav,Speaker0030,Speaker30_012.wav,60.00036281179138
/Users/gertrudisrms/Documents/Kuliah/Semester 6/Speech Processing/Projek_FInal_Speaker_Identification/data/50_speakers_audio_data/Speaker0030/Speaker30_013.wav,Speaker0030,Speaker30_013.wav,60.00036281179138
/Users/gertrudisrms/Documents/Kuliah/Semester 6/Speech Processing/Projek_FInal_Speaker_Identification/data/50_speakers_audio_data/Speaker0030/Speaker30_007.wav,Speaker0030,Speaker30_007.wav,60.00036281179138
/Users/gertrudisrms/Documents/Kuliah/Semester 6/Speech Processing/Projek_FInal_Speaker_Identification/data/50_speakers_audio_data/Speaker0030/Speaker30_011.wav,Speaker0030,Speaker30_011.wav,60.00036281179138
/Users/gertrudisrms/Documents/Kuliah/Semester 6/Speech Processing/Projek_FInal_Speaker_Identification/data/50_speakers_audio_data/Speaker0030/Speaker30_005.wav,Speaker0030,Speaker30_005.wav,60.00036281179138
/Users/gertrudisrms/Documents/Kuliah/Semester 6/Speech Processing/Projek_FInal_Speaker_Identification/data/50_speakers_audio_data/Speaker0030/Speaker30_004.wav,Speaker0030,Speaker30_004.wav,60.00036281179138
/Users/gertrudisrms/Documents/Kuliah/Semester 6/Speech Processing/Projek_FInal_Speaker_Identification/data/50_speakers_audio_data/Speaker0030/Speaker30_010.wav,Speaker0030,Speaker30_010.wav,60.00036281179138
/Users/gertrudisrms/Documents/Kuliah/Semester 6/Speech Processing/Projek_FInal_Speaker_Identification/data/50_speakers_audio_data/Speaker0039/Speaker0039_038.wav,Speaker0039,Speaker0039_038.wav,60.00036281179138
/Users/gertrudisrms/Documents/Kuliah/Semester 6/Speech Processing/Projek_FInal_Speaker_Identification/data/50_speakers_audio_data/Speaker0039/Speaker0039_010.wav,Speaker0039,Speaker0039_010.wav,60.00036281179138
/Users/gertrudisrms/Documents/Kuliah/Semester 6/Speech Processing/Projek_FInal_Speaker_Identification/data/50_speakers_audio_data/Speaker0039/Speaker0039_004.wav,Speaker0039,Speaker0039_004.wav,60.00036281179138
/Users/gertrudisrms/Documents/Kuliah/Semester 6/Speech Processing/Projek_FInal_Speaker_Identification/data/50_speakers_audio_data/Speaker0039/Speaker0039_005.wav,Speaker0039,Speaker0039_005.wav,60.00036281179138
/Users/gertrudisrms/Documents/Kuliah/Semester 6/Speech Processing/Projek_FInal_Speaker_Identification/data/50_speakers_audio_data/Speaker0039/Speaker0039_011.wav,Speaker0039,Speaker0039_011.wav,60.00036281179138
/Users/gertrudisrms/Documents/Kuliah/Semester 6/Speech Processing/Projek_FInal_Speaker_Identification/data/50_speakers_audio_data/Speaker0039/Speaker0039_039.wav,Speaker0039,Speaker0039_039.wav,60.00036281179138
/Users/gertrudisrms/Documents/Kuliah/Semester 6/Speech Processing/Projek_FInal_Speaker_Identification/data/50_speakers_audio_data/Speaker0039/Speaker0039_007.wav,Speaker0039,Speaker0039_007.wav,60.00036281179138
/Users/gertrudisrms/Documents/Kuliah/Semester 6/Speech Processing/Projek_FInal_Speaker_Identification/data/50_speakers_audio_data/Speaker0039/Speaker0039_013.wav,Speaker0039,Speaker0039_013.wav,60.00036281179138
/Users/gertrudisrms/Documents/Kuliah/Semester 6/Speech Processing/Projek_FInal_Speaker_Identification/data/50_speakers_audio_data/Speaker0039/Speaker0039_012.wav,Speaker0039,Speaker0039_012.wav,60.00036281179138
/Users/gertrudisrms/Documents/Kuliah/Semester 6/Speech Processing/Projek_FInal_Speaker_Identification/data/50_speakers_audio_data/Speaker0039/Speaker0039_006.wav,Speaker0039,Speaker0039_006.wav,60.00036281179138
/Users/gertrudisrms/Documents/Kuliah/Semester 6/Speech Processing/Projek_FInal_Speaker_Identification/data/50_speakers_audio_data/Speaker0039/Speaker0039_002.wav,Speaker0039,Speaker0039_002.wav,60.00036281179138
/Users/gertrudisrms/Documents/Kuliah/Semester 6/Speech Processing/Projek_FInal_Speaker_Identification/data/50_speakers_audio_data/Speaker0039/Speaker0039_016.wav,Speaker0039,Speaker0039_016.wav,60.00036281179138
/Users/gertrudisrms/Documents/Kuliah/Semester 6/Speech Processing/Projek_FInal_Speaker_Identification/data/50_speakers_audio_data/Speaker0039/Speaker0039_017.wav,Speaker0039,Speaker0039_017.wav,60.00036281179138
/Users/gertrudisrms/Documents/Kuliah/Semester 6/Speech Processing/Projek_FInal_Speaker_Identification/data/50_speakers_audio_data/Speaker0039/Speaker0039_003.wav,Speaker0039,Speaker0039_003.wav,60.00036281179138
/Users/gertrudisrms/Documents/Kuliah/Semester 6/Speech Processing/Projek_FInal_Speaker_Identification/data/50_speakers_audio_data/Speaker0039/Speaker0039_015.wav,Speaker0039,Speaker0039_015.wav,60.00036281179138
/Users/gertrudisrms/Documents/Kuliah/Semester 6/Speech Processing/Projek_FInal_Speaker_Identification/data/50_speakers_audio_data/Speaker0039/Speaker0039_001.wav,Speaker0039,Speaker0039_001.wav,60.00036281179138
/Users/gertrudisrms/Documents/Kuliah/Semester 6/Speech Processing/Projek_FInal_Speaker_Identification/data/50_speakers_audio_data/Speaker0039/Speaker0039_029.wav,Speaker0039,Speaker0039_029.wav,60.00036281179138
/Users/gertrudisrms/Documents/Kuliah/Semester 6/Speech Processing/Projek_FInal_Speaker_Identification/data/50_speakers_audio_data/Speaker0039/Speaker0039_028.wav,Speaker0039,Speaker0039_028.wav,60.00036281179138
/Users/gertrudisrms/Documents/Kuliah/Semester 6/Speech Processing/Projek_FInal_Speaker_Identification/data/50_speakers_audio_data/Speaker0039/Speaker0039_000.wav,Speaker0039,Speaker0039_000.wav,60.00036281179138
/Users/gertrudisrms/Documents/Kuliah/Semester 6/Speech Processing/Projek_FInal_Speaker_Identification/data/50_speakers_audio_data/Speaker0039/Speaker0039_014.wav,Speaker0039,Speaker0039_014.wav,60.00036281179138
/Users/gertrudisrms/Documents/Kuliah/Semester 6/Speech Processing/Projek_FInal_Speaker_Identification/data/50_speakers_audio_data/Speaker0039/Speaker0039_049.wav,Speaker0039,Speaker0039_049.wav,60.00036281179138
/Users/gertrudisrms/Documents/Kuliah/Semester 6/Speech Processing/Projek_FInal_Speaker_Identification/data/50_speakers_audio_data/Speaker0039/Speaker0039_048.wav,Speaker0039,Speaker0039_048.wav,60.00036281179138
/Users/gertrudisrms/Documents/Kuliah/Semester 6/Speech Processing/Projek_FInal_Speaker_Identification/data/50_speakers_audio_data/Speaker0039/Speaker0039_046.wav,Speaker0039,Speaker0039_046.wav,60.00036281179138
/Users/gertrudisrms/Documents/Kuliah/Semester 6/Speech Processing/Projek_FInal_Speaker_Identification/data/50_speakers_audio_data/Speaker0039/Speaker0039_047.wav,Speaker0039,Speaker0039_047.wav,60.00036281179138
/Users/gertrudisrms/Documents/Kuliah/Semester 6/Speech Processing/Projek_FInal_Speaker_Identification/data/50_speakers_audio_data/Speaker0039/Speaker0039_045.wav,Speaker0039,Speaker0039_045.wav,60.00036281179138
/Users/gertrudisrms/Documents/Kuliah/Semester 6/Speech Processing/Projek_FInal_Speaker_Identification/data/50_speakers_audio_data/Speaker0039/Speaker0039_050.wav,Speaker0039,Speaker0039_050.wav,40.76553287981859
/Users/gertrudisrms/Documents/Kuliah/Semester 6/Speech Processing/Projek_FInal_Speaker_Identification/data/50_speakers_audio_data/Speaker0039/Speaker0039_044.wav,Speaker0039,Speaker0039_044.wav,60.00036281179138
/Users/gertrudisrms/Documents/Kuliah/Semester 6/Speech Processing/Projek_FInal_Speaker_Identification/data/50_speakers_audio_data/Speaker0039/Speaker0039_040.wav,Speaker0039,Speaker0039_040.wav,60.00036281179138
/Users/gertrudisrms/Documents/Kuliah/Semester 6/Speech Processing/Projek_FInal_Speaker_Identification/data/50_speakers_audio_data/Speaker0039/Speaker0039_041.wav,Speaker0039,Speaker0039_041.wav,60.00036281179138
/Users/gertrudisrms/Documents/Kuliah/Semester 6/Speech Processing/Projek_FInal_Speaker_Identification/data/50_speakers_audio_data/Speaker0039/Speaker0039_043.wav,Speaker0039,Speaker0039_043.wav,60.00036281179138
/Users/gertrudisrms/Documents/Kuliah/Semester 6/Speech Processing/Projek_FInal_Speaker_Identification/data/50_speakers_audio_data/Speaker0039/Speaker0039_042.wav,Speaker0039,Speaker0039_042.wav,60.00036281179138
/Users/gertrudisrms/Documents/Kuliah/Semester 6/Speech Processing/Projek_FInal_Speaker_Identification/data/50_speakers_audio_data/Speaker0039/Speaker0039_019.wav,Speaker0039,Speaker0039_019.wav,60.00036281179138
/Users/gertrudisrms/Documents/Kuliah/Semester 6/Speech Processing/Projek_FInal_Speaker_Identification/data/50_speakers_audio_data/Speaker0039/Speaker0039_031.wav,Speaker0039,Speaker0039_031.wav,60.00036281179138
/Users/gertrudisrms/Documents/Kuliah/Semester 6/Speech Processing/Projek_FInal_Speaker_Identification/data/50_speakers_audio_data/Speaker0039/Speaker0039_025.wav,Speaker0039,Speaker0039_025.wav,60.00036281179138
/Users/gertrudisrms/Documents/Kuliah/Semester 6/Speech Processing/Projek_FInal_Speaker_Identification/data/50_speakers_audio_data/Speaker0039/Speaker0039_024.wav,Speaker0039,Speaker0039_024.wav,60.00036281179138
/Users/gertrudisrms/Documents/Kuliah/Semester 6/Speech Processing/Projek_FInal_Speaker_Identification/data/50_speakers_audio_data/Speaker0039/Speaker0039_030.wav,Speaker0039,Speaker0039_030.wav,60.00036281179138
/Users/gertrudisrms/Documents/Kuliah/Semester 6/Speech Processing/Projek_FInal_Speaker_Identification/data/50_speakers_audio_data/Speaker0039/Speaker0039_018.wav,Speaker0039,Speaker0039_018.wav,60.00036281179138
/Users/gertrudisrms/Documents/Kuliah/Semester 6/Speech Processing/Projek_FInal_Speaker_Identification/data/50_speakers_audio_data/Speaker0039/Speaker0039_026.wav,Speaker0039,Speaker0039_026.wav,60.00036281179138
/Users/gertrudisrms/Documents/Kuliah/Semester 6/Speech Processing/Projek_FInal_Speaker_Identification/data/50_speakers_audio_data/Speaker0039/Speaker0039_032.wav,Speaker0039,Speaker0039_032.wav,60.00036281179138
/Users/gertrudisrms/Documents/Kuliah/Semester 6/Speech Processing/Projek_FInal_Speaker_Identification/data/50_speakers_audio_data/Speaker0039/Speaker0039_033.wav,Speaker0039,Speaker0039_033.wav,60.00036281179138
/Users/gertrudisrms/Documents/Kuliah/Semester 6/Speech Processing/Projek_FInal_Speaker_Identification/data/50_speakers_audio_data/Speaker0039/Speaker0039_027.wav,Speaker0039,Speaker0039_027.wav,60.00036281179138
/Users/gertrudisrms/Documents/Kuliah/Semester 6/Speech Processing/Projek_FInal_Speaker_Identification/data/50_speakers_audio_data/Speaker0039/Speaker0039_023.wav,Speaker0039,Speaker0039_023.wav,60.00036281179138
/Users/gertrudisrms/Documents/Kuliah/Semester 6/Speech Processing/Projek_FInal_Speaker_Identification/data/50_speakers_audio_data/Speaker0039/Speaker0039_037.wav,Speaker0039,Speaker0039_037.wav,60.00036281179138
/Users/gertrudisrms/Documents/Kuliah/Semester 6/Speech Processing/Projek_FInal_Speaker_Identification/data/50_speakers_audio_data/Speaker0039/Speaker0039_036.wav,Speaker0039,Speaker0039_036.wav,60.00036281179138
/Users/gertrudisrms/Documents/Kuliah/Semester 6/Speech Processing/Projek_FInal_Speaker_Identification/data/50_speakers_audio_data/Speaker0039/Speaker0039_022.wav,Speaker0039,Speaker0039_022.wav,60.00036281179138
/Users/gertrudisrms/Documents/Kuliah/Semester 6/Speech Processing/Projek_FInal_Speaker_Identification/data/50_speakers_audio_data/Speaker0039/Speaker0039_034.wav,Speaker0039,Speaker0039_034.wav,60.00036281179138
/Users/gertrudisrms/Documents/Kuliah/Semester 6/Speech Processing/Projek_FInal_Speaker_Identification/data/50_speakers_audio_data/Speaker0039/Speaker0039_020.wav,Speaker0039,Speaker0039_020.wav,60.00036281179138
/Users/gertrudisrms/Documents/Kuliah/Semester 6/Speech Processing/Projek_FInal_Speaker_Identification/data/50_speakers_audio_data/Speaker0039/Speaker0039_008.wav,Speaker0039,Speaker0039_008.wav,60.00036281179138
/Users/gertrudisrms/Documents/Kuliah/Semester 6/Speech Processing/Projek_FInal_Speaker_Identification/data/50_speakers_audio_data/Speaker0039/Speaker0039_009.wav,Speaker0039,Speaker0039_009.wav,60.00036281179138
/Users/gertrudisrms/Documents/Kuliah/Semester 6/Speech Processing/Projek_FInal_Speaker_Identification/data/50_speakers_audio_data/Speaker0039/Speaker0039_021.wav,Speaker0039,Speaker0039_021.wav,60.00036281179138
/Users/gertrudisrms/Documents/Kuliah/Semester 6/Speech Processing/Projek_FInal_Speaker_Identification/data/50_speakers_audio_data/Speaker0039/Speaker0039_035.wav,Speaker0039,Speaker0039_035.wav,60.00036281179138
/Users/gertrudisrms/Documents/Kuliah/Semester 6/Speech Processing/Projek_FInal_Speaker_Identification/data/50_speakers_audio_data/Speaker0038/Speaker0038_029.wav,Speaker0038,Speaker0038_029.wav,60.00036281179138
/Users/gertrudisrms/Documents/Kuliah/Semester 6/Speech Processing/Projek_FInal_Speaker_Identification/data/50_speakers_audio_data/Speaker0038/Speaker0038_001.wav,Speaker0038,Speaker0038_001.wav,60.00036281179138
/Users/gertrudisrms/Documents/Kuliah/Semester 6/Speech Processing/Projek_FInal_Speaker_Identification/data/50_speakers_audio_data/Speaker0038/Speaker0038_015.wav,Speaker0038,Speaker0038_015.wav,60.00036281179138
/Users/gertrudisrms/Documents/Kuliah/Semester 6/Speech Processing/Projek_FInal_Speaker_Identification/data/50_speakers_audio_data/Speaker0038/Speaker0038_014.wav,Speaker0038,Speaker0038_014.wav,60.00036281179138
/Users/gertrudisrms/Documents/Kuliah/Semester 6/Speech Processing/Projek_FInal_Speaker_Identification/data/50_speakers_audio_data/Speaker0038/Speaker0038_000.wav,Speaker0038,Speaker0038_000.wav,60.00036281179138
/Users/gertrudisrms/Documents/Kuliah/Semester 6/Speech Processing/Projek_FInal_Speaker_Identification/data/50_speakers_audio_data/Speaker0038/Speaker0038_028.wav,Speaker0038,Speaker0038_028.wav,60.00036281179138
/Users/gertrudisrms/Documents/Kuliah/Semester 6/Speech Processing/Projek_FInal_Speaker_Identification/data/50_speakers_audio_data/Speaker0038/Speaker0038_016.wav,Speaker0038,Speaker0038_016.wav,60.00036281179138
/Users/gertrudisrms/Documents/Kuliah/Semester 6/Speech Processing/Projek_FInal_Speaker_Identification/data/50_speakers_audio_data/Speaker0038/Speaker0038_002.wav,Speaker0038,Speaker0038_002.wav,60.00036281179138
/Users/gertrudisrms/Documents/Kuliah/Semester 6/Speech Processing/Projek_FInal_Speaker_Identification/data/50_speakers_audio_data/Speaker0038/Speaker0038_003.wav,Speaker0038,Speaker0038_003.wav,60.00036281179138
/Users/gertrudisrms/Documents/Kuliah/Semester 6/Speech Processing/Projek_FInal_Speaker_Identification/data/50_speakers_audio_data/Speaker0038/Speaker0038_017.wav,Speaker0038,Speaker0038_017.wav,60.00036281179138
/Users/gertrudisrms/Documents/Kuliah/Semester 6/Speech Processing/Projek_FInal_Speaker_Identification/data/50_speakers_audio_data/Speaker0038/Speaker0038_013.wav,Speaker0038,Speaker0038_013.wav,60.00036281179138
/Users/gertrudisrms/Documents/Kuliah/Semester 6/Speech Processing/Projek_FInal_Speaker_Identification/data/50_speakers_audio_data/Speaker0038/Speaker0038_007.wav,Speaker0038,Speaker0038_007.wav,60.00036281179138
/Users/gertrudisrms/Documents/Kuliah/Semester 6/Speech Processing/Projek_FInal_Speaker_Identification/data/50_speakers_audio_data/Speaker0038/Speaker0038_006.wav,Speaker0038,Speaker0038_006.wav,60.00036281179138
/Users/gertrudisrms/Documents/Kuliah/Semester 6/Speech Processing/Projek_FInal_Speaker_Identification/data/50_speakers_audio_data/Speaker0038/Speaker0038_012.wav,Speaker0038,Speaker0038_012.wav,60.00036281179138
/Users/gertrudisrms/Documents/Kuliah/Semester 6/Speech Processing/Projek_FInal_Speaker_Identification/data/50_speakers_audio_data/Speaker0038/Speaker0038_004.wav,Speaker0038,Speaker0038_004.wav,60.00036281179138
/Users/gertrudisrms/Documents/Kuliah/Semester 6/Speech Processing/Projek_FInal_Speaker_Identification/data/50_speakers_audio_data/Speaker0038/Speaker0038_010.wav,Speaker0038,Speaker0038_010.wav,60.00036281179138
/Users/gertrudisrms/Documents/Kuliah/Semester 6/Speech Processing/Projek_FInal_Speaker_Identification/data/50_speakers_audio_data/Speaker0038/Speaker0038_011.wav,Speaker0038,Speaker0038_011.wav,60.00036281179138
/Users/gertrudisrms/Documents/Kuliah/Semester 6/Speech Processing/Projek_FInal_Speaker_Identification/data/50_speakers_audio_data/Speaker0038/Speaker0038_005.wav,Speaker0038,Speaker0038_005.wav,60.00036281179138
/Users/gertrudisrms/Documents/Kuliah/Semester 6/Speech Processing/Projek_FInal_Speaker_Identification/data/50_speakers_audio_data/Speaker0038/Speaker0038_008.wav,Speaker0038,Speaker0038_008.wav,60.00036281179138
/Users/gertrudisrms/Documents/Kuliah/Semester 6/Speech Processing/Projek_FInal_Speaker_Identification/data/50_speakers_audio_data/Speaker0038/Speaker0038_020.wav,Speaker0038,Speaker0038_020.wav,60.00036281179138
/Users/gertrudisrms/Documents/Kuliah/Semester 6/Speech Processing/Projek_FInal_Speaker_Identification/data/50_speakers_audio_data/Speaker0038/Speaker0038_021.wav,Speaker0038,Speaker0038_021.wav,60.00036281179138
/Users/gertrudisrms/Documents/Kuliah/Semester 6/Speech Processing/Projek_FInal_Speaker_Identification/data/50_speakers_audio_data/Speaker0038/Speaker0038_009.wav,Speaker0038,Speaker0038_009.wav,60.00036281179138
/Users/gertrudisrms/Documents/Kuliah/Semester 6/Speech Processing/Projek_FInal_Speaker_Identification/data/50_speakers_audio_data/Speaker0038/Speaker0038_023.wav,Speaker0038,Speaker0038_023.wav,60.00036281179138
/Users/gertrudisrms/Documents/Kuliah/Semester 6/Speech Processing/Projek_FInal_Speaker_Identification/data/50_speakers_audio_data/Speaker0038/Speaker0038_022.wav,Speaker0038,Speaker0038_022.wav,60.00036281179138
/Users/gertrudisrms/Documents/Kuliah/Semester 6/Speech Processing/Projek_FInal_Speaker_Identification/data/50_speakers_audio_data/Speaker0038/Speaker0038_032.wav,Speaker0038,Speaker0038_032.wav,60.00036281179138
/Users/gertrudisrms/Documents/Kuliah/Semester 6/Speech Processing/Projek_FInal_Speaker_Identification/data/50_speakers_audio_data/Speaker0038/Speaker0038_026.wav,Speaker0038,Speaker0038_026.wav,60.00036281179138
/Users/gertrudisrms/Documents/Kuliah/Semester 6/Speech Processing/Projek_FInal_Speaker_Identification/data/50_speakers_audio_data/Speaker0038/Speaker0038_027.wav,Speaker0038,Speaker0038_027.wav,60.00036281179138
/Users/gertrudisrms/Documents/Kuliah/Semester 6/Speech Processing/Projek_FInal_Speaker_Identification/data/50_speakers_audio_data/Speaker0038/Speaker0038_033.wav,Speaker0038,Speaker0038_033.wav,12.399455782312925
/Users/gertrudisrms/Documents/Kuliah/Semester 6/Speech Processing/Projek_FInal_Speaker_Identification/data/50_speakers_audio_data/Speaker0038/Speaker0038_025.wav,Speaker0038,Speaker0038_025.wav,60.00036281179138
/Users/gertrudisrms/Documents/Kuliah/Semester 6/Speech Processing/Projek_FInal_Speaker_Identification/data/50_speakers_audio_data/Speaker0038/Speaker0038_031.wav,Speaker0038,Speaker0038_031.wav,60.00036281179138
/Users/gertrudisrms/Documents/Kuliah/Semester 6/Speech Processing/Projek_FInal_Speaker_Identification/data/50_speakers_audio_data/Speaker0038/Speaker0038_019.wav,Speaker0038,Speaker0038_019.wav,60.00036281179138
/Users/gertrudisrms/Documents/Kuliah/Semester 6/Speech Processing/Projek_FInal_Speaker_Identification/data/50_speakers_audio_data/Speaker0038/Speaker0038_018.wav,Speaker0038,Speaker0038_018.wav,60.00036281179138
/Users/gertrudisrms/Documents/Kuliah/Semester 6/Speech Processing/Projek_FInal_Speaker_Identification/data/50_speakers_audio_data/Speaker0038/Speaker0038_030.wav,Speaker0038,Speaker0038_030.wav,60.00036281179138
/Users/gertrudisrms/Documents/Kuliah/Semester 6/Speech Processing/Projek_FInal_Speaker_Identification/data/50_speakers_audio_data/Speaker0038/Speaker0038_024.wav,Speaker0038,Speaker0038_024.wav,60.00036281179138
/Users/gertrudisrms/Documents/Kuliah/Semester 6/Speech Processing/Projek_FInal_Speaker_Identification/data/50_speakers_audio_data/Speaker0031/Speaker31_018.wav,Speaker0031,Speaker31_018.wav,60.00036281179138
/Users/gertrudisrms/Documents/Kuliah/Semester 6/Speech Processing/Projek_FInal_Speaker_Identification/data/50_speakers_audio_data/Speaker0031/Speaker31_024.wav,Speaker0031,Speaker31_024.wav,60.00036281179138
/Users/gertrudisrms/Documents/Kuliah/Semester 6/Speech Processing/Projek_FInal_Speaker_Identification/data/50_speakers_audio_data/Speaker0031/Speaker31_030.wav,Speaker0031,Speaker31_030.wav,60.00036281179138
/Users/gertrudisrms/Documents/Kuliah/Semester 6/Speech Processing/Projek_FInal_Speaker_Identification/data/50_speakers_audio_data/Speaker0031/Speaker31_031.wav,Speaker0031,Speaker31_031.wav,60.00036281179138
/Users/gertrudisrms/Documents/Kuliah/Semester 6/Speech Processing/Projek_FInal_Speaker_Identification/data/50_speakers_audio_data/Speaker0031/Speaker31_025.wav,Speaker0031,Speaker31_025.wav,60.00036281179138
/Users/gertrudisrms/Documents/Kuliah/Semester 6/Speech Processing/Projek_FInal_Speaker_Identification/data/50_speakers_audio_data/Speaker0031/Speaker31_019.wav,Speaker0031,Speaker31_019.wav,60.00036281179138
/Users/gertrudisrms/Documents/Kuliah/Semester 6/Speech Processing/Projek_FInal_Speaker_Identification/data/50_speakers_audio_data/Speaker0031/Speaker31_033.wav,Speaker0031,Speaker31_033.wav,60.00036281179138
/Users/gertrudisrms/Documents/Kuliah/Semester 6/Speech Processing/Projek_FInal_Speaker_Identification/data/50_speakers_audio_data/Speaker0031/Speaker31_027.wav,Speaker0031,Speaker31_027.wav,60.00036281179138
/Users/gertrudisrms/Documents/Kuliah/Semester 6/Speech Processing/Projek_FInal_Speaker_Identification/data/50_speakers_audio_data/Speaker0031/Speaker31_026.wav,Speaker0031,Speaker31_026.wav,60.00036281179138
/Users/gertrudisrms/Documents/Kuliah/Semester 6/Speech Processing/Projek_FInal_Speaker_Identification/data/50_speakers_audio_data/Speaker0031/Speaker31_032.wav,Speaker0031,Speaker31_032.wav,60.00036281179138
/Users/gertrudisrms/Documents/Kuliah/Semester 6/Speech Processing/Projek_FInal_Speaker_Identification/data/50_speakers_audio_data/Speaker0031/Speaker31_036.wav,Speaker0031,Speaker31_036.wav,60.00036281179138
/Users/gertrudisrms/Documents/Kuliah/Semester 6/Speech Processing/Projek_FInal_Speaker_Identification/data/50_speakers_audio_data/Speaker0031/Speaker31_022.wav,Speaker0031,Speaker31_022.wav,60.00036281179138
/Users/gertrudisrms/Documents/Kuliah/Semester 6/Speech Processing/Projek_FInal_Speaker_Identification/data/50_speakers_audio_data/Speaker0031/Speaker31_023.wav,Speaker0031,Speaker31_023.wav,60.00036281179138
/Users/gertrudisrms/Documents/Kuliah/Semester 6/Speech Processing/Projek_FInal_Speaker_Identification/data/50_speakers_audio_data/Speaker0031/Speaker31_037.wav,Speaker0031,Speaker31_037.wav,60.00036281179138
/Users/gertrudisrms/Documents/Kuliah/Semester 6/Speech Processing/Projek_FInal_Speaker_Identification/data/50_speakers_audio_data/Speaker0031/Speaker31_021.wav,Speaker0031,Speaker31_021.wav,60.00036281179138
/Users/gertrudisrms/Documents/Kuliah/Semester 6/Speech Processing/Projek_FInal_Speaker_Identification/data/50_speakers_audio_data/Speaker0031/Speaker31_035.wav,Speaker0031,Speaker31_035.wav,60.00036281179138
/Users/gertrudisrms/Documents/Kuliah/Semester 6/Speech Processing/Projek_FInal_Speaker_Identification/data/50_speakers_audio_data/Speaker0031/Speaker31_009.wav,Speaker0031,Speaker31_009.wav,60.00036281179138
/Users/gertrudisrms/Documents/Kuliah/Semester 6/Speech Processing/Projek_FInal_Speaker_Identification/data/50_speakers_audio_data/Speaker0031/Speaker31_008.wav,Speaker0031,Speaker31_008.wav,60.00036281179138
/Users/gertrudisrms/Documents/Kuliah/Semester 6/Speech Processing/Projek_FInal_Speaker_Identification/data/50_speakers_audio_data/Speaker0031/Speaker31_034.wav,Speaker0031,Speaker31_034.wav,60.00036281179138
/Users/gertrudisrms/Documents/Kuliah/Semester 6/Speech Processing/Projek_FInal_Speaker_Identification/data/50_speakers_audio_data/Speaker0031/Speaker31_020.wav,Speaker0031,Speaker31_020.wav,60.00036281179138
/Users/gertrudisrms/Documents/Kuliah/Semester 6/Speech Processing/Projek_FInal_Speaker_Identification/data/50_speakers_audio_data/Speaker0031/Speaker31_046.wav,Speaker0031,Speaker31_046.wav,30.879637188208616
/Users/gertrudisrms/Documents/Kuliah/Semester 6/Speech Processing/Projek_FInal_Speaker_Identification/data/50_speakers_audio_data/Speaker0031/Speaker31_044.wav,Speaker0031,Speaker31_044.wav,60.00036281179138
/Users/gertrudisrms/Documents/Kuliah/Semester 6/Speech Processing/Projek_FInal_Speaker_Identification/data/50_speakers_audio_data/Speaker0031/Speaker31_045.wav,Speaker0031,Speaker31_045.wav,60.00036281179138
/Users/gertrudisrms/Documents/Kuliah/Semester 6/Speech Processing/Projek_FInal_Speaker_Identification/data/50_speakers_audio_data/Speaker0031/Speaker31_041.wav,Speaker0031,Speaker31_041.wav,60.00036281179138
/Users/gertrudisrms/Documents/Kuliah/Semester 6/Speech Processing/Projek_FInal_Speaker_Identification/data/50_speakers_audio_data/Speaker0031/Speaker31_040.wav,Speaker0031,Speaker31_040.wav,60.00036281179138
/Users/gertrudisrms/Documents/Kuliah/Semester 6/Speech Processing/Projek_FInal_Speaker_Identification/data/50_speakers_audio_data/Speaker0031/Speaker31_042.wav,Speaker0031,Speaker31_042.wav,60.00036281179138
/Users/gertrudisrms/Documents/Kuliah/Semester 6/Speech Processing/Projek_FInal_Speaker_Identification/data/50_speakers_audio_data/Speaker0031/Speaker31_043.wav,Speaker0031,Speaker31_043.wav,60.00036281179138
/Users/gertrudisrms/Documents/Kuliah/Semester 6/Speech Processing/Projek_FInal_Speaker_Identification/data/50_speakers_audio_data/Speaker0031/Speaker31_039.wav,Speaker0031,Speaker31_039.wav,60.00036281179138
/Users/gertrudisrms/Documents/Kuliah/Semester 6/Speech Processing/Projek_FInal_Speaker_Identification/data/50_speakers_audio_data/Speaker0031/Speaker31_005.wav,Speaker0031,Speaker31_005.wav,60.00036281179138
/Users/gertrudisrms/Documents/Kuliah/Semester 6/Speech Processing/Projek_FInal_Speaker_Identification/data/50_speakers_audio_data/Speaker0031/Speaker31_011.wav,Speaker0031,Speaker31_011.wav,60.00036281179138
/Users/gertrudisrms/Documents/Kuliah/Semester 6/Speech Processing/Projek_FInal_Speaker_Identification/data/50_speakers_audio_data/Speaker0031/Speaker31_010.wav,Speaker0031,Speaker31_010.wav,60.00036281179138
/Users/gertrudisrms/Documents/Kuliah/Semester 6/Speech Processing/Projek_FInal_Speaker_Identification/data/50_speakers_audio_data/Speaker0031/Speaker31_004.wav,Speaker0031,Speaker31_004.wav,60.00036281179138
/Users/gertrudisrms/Documents/Kuliah/Semester 6/Speech Processing/Projek_FInal_Speaker_Identification/data/50_speakers_audio_data/Speaker0031/Speaker31_038.wav,Speaker0031,Speaker31_038.wav,60.00036281179138
/Users/gertrudisrms/Documents/Kuliah/Semester 6/Speech Processing/Projek_FInal_Speaker_Identification/data/50_speakers_audio_data/Speaker0031/Speaker31_012.wav,Speaker0031,Speaker31_012.wav,60.00036281179138
/Users/gertrudisrms/Documents/Kuliah/Semester 6/Speech Processing/Projek_FInal_Speaker_Identification/data/50_speakers_audio_data/Speaker0031/Speaker31_006.wav,Speaker0031,Speaker31_006.wav,60.00036281179138
/Users/gertrudisrms/Documents/Kuliah/Semester 6/Speech Processing/Projek_FInal_Speaker_Identification/data/50_speakers_audio_data/Speaker0031/Speaker31_007.wav,Speaker0031,Speaker31_007.wav,60.00036281179138
/Users/gertrudisrms/Documents/Kuliah/Semester 6/Speech Processing/Projek_FInal_Speaker_Identification/data/50_speakers_audio_data/Speaker0031/Speaker31_013.wav,Speaker0031,Speaker31_013.wav,60.00036281179138
/Users/gertrudisrms/Documents/Kuliah/Semester 6/Speech Processing/Projek_FInal_Speaker_Identification/data/50_speakers_audio_data/Speaker0031/Speaker31_017.wav,Speaker0031,Speaker31_017.wav,60.00036281179138
/Users/gertrudisrms/Documents/Kuliah/Semester 6/Speech Processing/Projek_FInal_Speaker_Identification/data/50_speakers_audio_data/Speaker0031/Speaker31_003.wav,Speaker0031,Speaker31_003.wav,60.00036281179138
/Users/gertrudisrms/Documents/Kuliah/Semester 6/Speech Processing/Projek_FInal_Speaker_Identification/data/50_speakers_audio_data/Speaker0031/Speaker31_002.wav,Speaker0031,Speaker31_002.wav,60.00036281179138
/Users/gertrudisrms/Documents/Kuliah/Semester 6/Speech Processing/Projek_FInal_Speaker_Identification/data/50_speakers_audio_data/Speaker0031/Speaker31_016.wav,Speaker0031,Speaker31_016.wav,60.00036281179138
/Users/gertrudisrms/Documents/Kuliah/Semester 6/Speech Processing/Projek_FInal_Speaker_Identification/data/50_speakers_audio_data/Speaker0031/Speaker31_000.wav,Speaker0031,Speaker31_000.wav,60.00036281179138
/Users/gertrudisrms/Documents/Kuliah/Semester 6/Speech Processing/Projek_FInal_Speaker_Identification/data/50_speakers_audio_data/Speaker0031/Speaker31_014.wav,Speaker0031,Speaker31_014.wav,60.00036281179138
/Users/gertrudisrms/Documents/Kuliah/Semester 6/Speech Processing/Projek_FInal_Speaker_Identification/data/50_speakers_audio_data/Speaker0031/Speaker31_028.wav,Speaker0031,Speaker31_028.wav,60.00036281179138
/Users/gertrudisrms/Documents/Kuliah/Semester 6/Speech Processing/Projek_FInal_Speaker_Identification/data/50_speakers_audio_data/Speaker0031/Speaker31_029.wav,Speaker0031,Speaker31_029.wav,60.00036281179138
/Users/gertrudisrms/Documents/Kuliah/Semester 6/Speech Processing/Projek_FInal_Speaker_Identification/data/50_speakers_audio_data/Speaker0031/Speaker31_015.wav,Speaker0031,Speaker31_015.wav,60.00036281179138
/Users/gertrudisrms/Documents/Kuliah/Semester 6/Speech Processing/Projek_FInal_Speaker_Identification/data/50_speakers_audio_data/Speaker0031/Speaker31_001.wav,Speaker0031,Speaker31_001.wav,60.00036281179138
/Users/gertrudisrms/Documents/Kuliah/Semester 6/Speech Processing/Projek_FInal_Speaker_Identification/data/50_speakers_audio_data/Speaker0036/Speaker0036_009.wav,Speaker0036,Speaker0036_009.wav,
/Users/gertrudisrms/Documents/Kuliah/Semester 6/Speech Processing/Projek_FInal_Speaker_Identification/data/50_speakers_audio_data/Speaker0036/Speaker0036_021.wav,Speaker0036,Speaker0036_021.wav,
/Users/gertrudisrms/Documents/Kuliah/Semester 6/Speech Processing/Projek_FInal_Speaker_Identification/data/50_speakers_audio_data/Speaker0036/Speaker0036_020.wav,Speaker0036,Speaker0036_020.wav,
/Users/gertrudisrms/Documents/Kuliah/Semester 6/Speech Processing/Projek_FInal_Speaker_Identification/data/50_speakers_audio_data/Speaker0036/Speaker0036_008.wav,Speaker0036,Speaker0036_008.wav,
/Users/gertrudisrms/Documents/Kuliah/Semester 6/Speech Processing/Projek_FInal_Speaker_Identification/data/50_speakers_audio_data/Speaker0036/Speaker0036_022.wav,Speaker0036,Speaker0036_022.wav,
/Users/gertrudisrms/Documents/Kuliah/Semester 6/Speech Processing/Projek_FInal_Speaker_Identification/data/50_speakers_audio_data/Speaker0036/Speaker0036_023.wav,Speaker0036,Speaker0036_023.wav,
/Users/gertrudisrms/Documents/Kuliah/Semester 6/Speech Processing/Projek_FInal_Speaker_Identification/data/50_speakers_audio_data/Speaker0036/Speaker0036_027.wav,Speaker0036,Speaker0036_027.wav,
/Users/gertrudisrms/Documents/Kuliah/Semester 6/Speech Processing/Projek_FInal_Speaker_Identification/data/50_speakers_audio_data/Speaker0036/Speaker0036_026.wav,Speaker0036,Speaker0036_026.wav,
/Users/gertrudisrms/Documents/Kuliah/Semester 6/Speech Processing/Projek_FInal_Speaker_Identification/data/50_speakers_audio_data/Speaker0036/Speaker0036_032.wav,Speaker0036,Speaker0036_032.wav,
/Users/gertrudisrms/Documents/Kuliah/Semester 6/Speech Processing/Projek_FInal_Speaker_Identification/data/50_speakers_audio_data/Speaker0036/Speaker0036_024.wav,Speaker0036,Speaker0036_024.wav,
/Users/gertrudisrms/Documents/Kuliah/Semester 6/Speech Processing/Projek_FInal_Speaker_Identification/data/50_speakers_audio_data/Speaker0036/Speaker0036_030.wav,Speaker0036,Speaker0036_030.wav,
/Users/gertrudisrms/Documents/Kuliah/Semester 6/Speech Processing/Projek_FInal_Speaker_Identification/data/50_speakers_audio_data/Speaker0036/Speaker0036_018.wav,Speaker0036,Speaker0036_018.wav,
/Users/gertrudisrms/Documents/Kuliah/Semester 6/Speech Processing/Projek_FInal_Speaker_Identification/data/50_speakers_audio_data/Speaker0036/Speaker0036_019.wav,Speaker0036,Speaker0036_019.wav,
/Users/gertrudisrms/Documents/Kuliah/Semester 6/Speech Processing/Projek_FInal_Speaker_Identification/data/50_speakers_audio_data/Speaker0036/Speaker0036_031.wav,Speaker0036,Speaker0036_031.wav,
/Users/gertrudisrms/Documents/Kuliah/Semester 6/Speech Processing/Projek_FInal_Speaker_Identification/data/50_speakers_audio_data/Speaker0036/Speaker0036_025.wav,Speaker0036,Speaker0036_025.wav,
/Users/gertrudisrms/Documents/Kuliah/Semester 6/Speech Processing/Projek_FInal_Speaker_Identification/data/50_speakers_audio_data/Speaker0036/Speaker0036_028.wav,Speaker0036,Speaker0036_028.wav,
/Users/gertrudisrms/Documents/Kuliah/Semester 6/Speech Processing/Projek_FInal_Speaker_Identification/data/50_speakers_audio_data/Speaker0036/Speaker0036_000.wav,Speaker0036,Speaker0036_000.wav,
/Users/gertrudisrms/Documents/Kuliah/Semester 6/Speech Processing/Projek_FInal_Speaker_Identification/data/50_speakers_audio_data/Speaker0036/Speaker0036_014.wav,Speaker0036,Speaker0036_014.wav,
/Users/gertrudisrms/Documents/Kuliah/Semester 6/Speech Processing/Projek_FInal_Speaker_Identification/data/50_speakers_audio_data/Speaker0036/Speaker0036_015.wav,Speaker0036,Speaker0036_015.wav,
/Users/gertrudisrms/Documents/Kuliah/Semester 6/Speech Processing/Projek_FInal_Speaker_Identification/data/50_speakers_audio_data/Speaker0036/Speaker0036_001.wav,Speaker0036,Speaker0036_001.wav,
/Users/gertrudisrms/Documents/Kuliah/Semester 6/Speech Processing/Projek_FInal_Speaker_Identification/data/50_speakers_audio_data/Speaker0036/Speaker0036_029.wav,Speaker0036,Speaker0036_029.wav,
/Users/gertrudisrms/Documents/Kuliah/Semester 6/Speech Processing/Projek_FInal_Speaker_Identification/data/50_speakers_audio_data/Speaker0036/Speaker0036_017.wav,Speaker0036,Speaker0036_017.wav,
/Users/gertrudisrms/Documents/Kuliah/Semester 6/Speech Processing/Projek_FInal_Speaker_Identification/data/50_speakers_audio_data/Speaker0036/Speaker0036_003.wav,Speaker0036,Speaker0036_003.wav,
/Users/gertrudisrms/Documents/Kuliah/Semester 6/Speech Processing/Projek_FInal_Speaker_Identification/data/50_speakers_audio_data/Speaker0036/Speaker0036_002.wav,Speaker0036,Speaker0036_002.wav,
/Users/gertrudisrms/Documents/Kuliah/Semester 6/Speech Processing/Projek_FInal_Speaker_Identification/data/50_speakers_audio_data/Speaker0036/Speaker0036_016.wav,Speaker0036,Speaker0036_016.wav,
/Users/gertrudisrms/Documents/Kuliah/Semester 6/Speech Processing/Projek_FInal_Speaker_Identification/data/50_speakers_audio_data/Speaker0036/Speaker0036_012.wav,Speaker0036,Speaker0036_012.wav,
/Users/gertrudisrms/Documents/Kuliah/Semester 6/Speech Processing/Projek_FInal_Speaker_Identification/data/50_speakers_audio_data/Speaker0036/Speaker0036_006.wav,Speaker0036,Speaker0036_006.wav,
/Users/gertrudisrms/Documents/Kuliah/Semester 6/Speech Processing/Projek_FInal_Speaker_Identification/data/50_speakers_audio_data/Speaker0036/Speaker0036_007.wav,Speaker0036,Speaker0036_007.wav,
/Users/gertrudisrms/Documents/Kuliah/Semester 6/Speech Processing/Projek_FInal_Speaker_Identification/data/50_speakers_audio_data/Speaker0036/Speaker0036_013.wav,Speaker0036,Speaker0036_013.wav,
/Users/gertrudisrms/Documents/Kuliah/Semester 6/Speech Processing/Projek_FInal_Speaker_Identification/data/50_speakers_audio_data/Speaker0036/Speaker0036_005.wav,Speaker0036,Speaker0036_005.wav,
/Users/gertrudisrms/Documents/Kuliah/Semester 6/Speech Processing/Projek_FInal_Speaker_Identification/data/50_speakers_audio_data/Speaker0036/Speaker0036_011.wav,Speaker0036,Speaker0036_011.wav,
/Users/gertrudisrms/Documents/Kuliah/Semester 6/Speech Processing/Projek_FInal_Speaker_Identification/data/50_speakers_audio_data/Speaker0036/Speaker0036_010.wav,Speaker0036,Speaker0036_010.wav,
/Users/gertrudisrms/Documents/Kuliah/Semester 6/Speech Processing/Projek_FInal_Speaker_Identification/data/50_speakers_audio_data/Speaker0036/Speaker0036_004.wav,Speaker0036,Speaker0036_004.wav,
/Users/gertrudisrms/Documents/Kuliah/Semester 6/Speech Processing/Projek_FInal_Speaker_Identification/data/50_speakers_audio_data/Speaker_0006/Speaker_0006_00037.wav,Speaker_0006,Speaker_0006_00037.wav,60.032
/Users/gertrudisrms/Documents/Kuliah/Semester 6/Speech Processing/Projek_FInal_Speaker_Identification/data/50_speakers_audio_data/Speaker_0006/Speaker_0006_00023.wav,Speaker_0006,Speaker_0006_00023.wav,59.904
/Users/gertrudisrms/Documents/Kuliah/Semester 6/Speech Processing/Projek_FInal_Speaker_Identification/data/50_speakers_audio_data/Speaker_0006/Speaker_0006_00022.wav,Speaker_0006,Speaker_0006_00022.wav,60.032
/Users/gertrudisrms/Documents/Kuliah/Semester 6/Speech Processing/Projek_FInal_Speaker_Identification/data/50_speakers_audio_data/Speaker_0006/Speaker_0006_00036.wav,Speaker_0006,Speaker_0006_00036.wav,60.032
/Users/gertrudisrms/Documents/Kuliah/Semester 6/Speech Processing/Projek_FInal_Speaker_Identification/data/50_speakers_audio_data/Speaker_0006/Speaker_0006_00008.wav,Speaker_0006,Speaker_0006_00008.wav,60.032
/Users/gertrudisrms/Documents/Kuliah/Semester 6/Speech Processing/Projek_FInal_Speaker_Identification/data/50_speakers_audio_data/Speaker_0006/Speaker_0006_00020.wav,Speaker_0006,Speaker_0006_00020.wav,60.032
/Users/gertrudisrms/Documents/Kuliah/Semester 6/Speech Processing/Projek_FInal_Speaker_Identification/data/50_speakers_audio_data/Speaker_0006/Speaker_0006_00034.wav,Speaker_0006,Speaker_0006_00034.wav,60.032
/Users/gertrudisrms/Documents/Kuliah/Semester 6/Speech Processing/Projek_FInal_Speaker_Identification/data/50_speakers_audio_data/Speaker_0006/Speaker_0006_00035.wav,Speaker_0006,Speaker_0006_00035.wav,59.904
/Users/gertrudisrms/Documents/Kuliah/Semester 6/Speech Processing/Projek_FInal_Speaker_Identification/data/50_speakers_audio_data/Speaker_0006/Speaker_0006_00021.wav,Speaker_0006,Speaker_0006_00021.wav,60.032
/Users/gertrudisrms/Documents/Kuliah/Semester 6/Speech Processing/Projek_FInal_Speaker_Identification/data/50_speakers_audio_data/Speaker_0006/Speaker_0006_00009.wav,Speaker_0006,Speaker_0006_00009.wav,60.032
/Users/gertrudisrms/Documents/Kuliah/Semester 6/Speech Processing/Projek_FInal_Speaker_Identification/data/50_speakers_audio_data/Speaker_0006/Speaker_0006_00025.wav,Speaker_0006,Speaker_0006_00025.wav,60.032
/Users/gertrudisrms/Documents/Kuliah/Semester 6/Speech Processing/Projek_FInal_Speaker_Identification/data/50_speakers_audio_data/Speaker_0006/Speaker_0006_00031.wav,Speaker_0006,Speaker_0006_00031.wav,59.904
/Users/gertrudisrms/Documents/Kuliah/Semester 6/Speech Processing/Projek_FInal_Speaker_Identification/data/50_speakers_audio_data/Speaker_0006/Speaker_0006_00019.wav,Speaker_0006,Speaker_0006_00019.wav,59.904
/Users/gertrudisrms/Documents/Kuliah/Semester 6/Speech Processing/Projek_FInal_Speaker_Identification/data/50_speakers_audio_data/Speaker_0006/Speaker_0006_00018.wav,Speaker_0006,Speaker_0006_00018.wav,60.032
/Users/gertrudisrms/Documents/Kuliah/Semester 6/Speech Processing/Projek_FInal_Speaker_Identification/data/50_speakers_audio_data/Speaker_0006/Speaker_0006_00030.wav,Speaker_0006,Speaker_0006_00030.wav,60.032
/Users/gertrudisrms/Documents/Kuliah/Semester 6/Speech Processing/Projek_FInal_Speaker_Identification/data/50_speakers_audio_data/Speaker_0006/Speaker_0006_00024.wav,Speaker_0006,Speaker_0006_00024.wav,60.032
/Users/gertrudisrms/Documents/Kuliah/Semester 6/Speech Processing/Projek_FInal_Speaker_Identification/data/50_speakers_audio_data/Speaker_0006/Speaker_0006_00032.wav,Speaker_0006,Speaker_0006_00032.wav,60.032
/Users/gertrudisrms/Documents/Kuliah/Semester 6/Speech Processing/Projek_FInal_Speaker_Identification/data/50_speakers_audio_data/Speaker_0006/Speaker_0006_00026.wav,Speaker_0006,Speaker_0006_00026.wav,60.032
/Users/gertrudisrms/Documents/Kuliah/Semester 6/Speech Processing/Projek_FInal_Speaker_Identification/data/50_speakers_audio_data/Speaker_0006/Speaker_0006_00027.wav,Speaker_0006,Speaker_0006_00027.wav,59.904
/Users/gertrudisrms/Documents/Kuliah/Semester 6/Speech Processing/Projek_FInal_Speaker_Identification/data/50_speakers_audio_data/Speaker_0006/Speaker_0006_00033.wav,Speaker_0006,Speaker_0006_00033.wav,60.032
/Users/gertrudisrms/Documents/Kuliah/Semester 6/Speech Processing/Projek_FInal_Speaker_Identification/data/50_speakers_audio_data/Speaker_0006/Speaker_0006_00068.wav,Speaker_0006,Speaker_0006_00068.wav,60.032
/Users/gertrudisrms/Documents/Kuliah/Semester 6/Speech Processing/Projek_FInal_Speaker_Identification/data/50_speakers_audio_data/Speaker_0006/Speaker_0006_00054.wav,Speaker_0006,Speaker_0006_00054.wav,60.032
/Users/gertrudisrms/Documents/Kuliah/Semester 6/Speech Processing/Projek_FInal_Speaker_Identification/data/50_speakers_audio_data/Speaker_0006/Speaker_0006_00040.wav,Speaker_0006,Speaker_0006_00040.wav,60.032
/Users/gertrudisrms/Documents/Kuliah/Semester 6/Speech Processing/Projek_FInal_Speaker_Identification/data/50_speakers_audio_data/Speaker_0006/Speaker_0006_00041.wav,Speaker_0006,Speaker_0006_00041.wav,60.032
/Users/gertrudisrms/Documents/Kuliah/Semester 6/Speech Processing/Projek_FInal_Speaker_Identification/data/50_speakers_audio_data/Speaker_0006/Speaker_0006_00055.wav,Speaker_0006,Speaker_0006_00055.wav,59.904
/Users/gertrudisrms/Documents/Kuliah/Semester 6/Speech Processing/Projek_FInal_Speaker_Identification/data/50_speakers_audio_data/Speaker_0006/Speaker_0006_00069.wav,Speaker_0006,Speaker_0006_00069.wav,60.032
/Users/gertrudisrms/Documents/Kuliah/Semester 6/Speech Processing/Projek_FInal_Speaker_Identification/data/50_speakers_audio_data/Speaker_0006/Speaker_0006_00043.wav,Speaker_0006,Speaker_0006_00043.wav,59.904
/Users/gertrudisrms/Documents/Kuliah/Semester 6/Speech Processing/Projek_FInal_Speaker_Identification/data/50_speakers_audio_data/Speaker_0006/Speaker_0006_00057.wav,Speaker_0006,Speaker_0006_00057.wav,60.032
/Users/gertrudisrms/Documents/Kuliah/Semester 6/Speech Processing/Projek_FInal_Speaker_Identification/data/50_speakers_audio_data/Speaker_0006/Speaker_0006_00056.wav,Speaker_0006,Speaker_0006_00056.wav,60.032
/Users/gertrudisrms/Documents/Kuliah/Semester 6/Speech Processing/Projek_FInal_Speaker_Identification/data/50_speakers_audio_data/Speaker_0006/Speaker_0006_00042.wav,Speaker_0006,Speaker_0006_00042.wav,60.032
/Users/gertrudisrms/Documents/Kuliah/Semester 6/Speech Processing/Projek_FInal_Speaker_Identification/data/50_speakers_audio_data/Speaker_0006/Speaker_0006_00046.wav,Speaker_0006,Speaker_0006_00046.wav,60.032
/Users/gertrudisrms/Documents/Kuliah/Semester 6/Speech Processing/Projek_FInal_Speaker_Identification/data/50_speakers_audio_data/Speaker_0006/Speaker_0006_00052.wav,Speaker_0006,Speaker_0006_00052.wav,60.032
/Users/gertrudisrms/Documents/Kuliah/Semester 6/Speech Processing/Projek_FInal_Speaker_Identification/data/50_speakers_audio_data/Speaker_0006/Speaker_0006_00053.wav,Speaker_0006,Speaker_0006_00053.wav,60.032
/Users/gertrudisrms/Documents/Kuliah/Semester 6/Speech Processing/Projek_FInal_Speaker_Identification/data/50_speakers_audio_data/Speaker_0006/Speaker_0006_00047.wav,Speaker_0006,Speaker_0006_00047.wav,59.904
/Users/gertrudisrms/Documents/Kuliah/Semester 6/Speech Processing/Projek_FInal_Speaker_Identification/data/50_speakers_audio_data/Speaker_0006/Speaker_0006_00051.wav,Speaker_0006,Speaker_0006_00051.wav,59.904
/Users/gertrudisrms/Documents/Kuliah/Semester 6/Speech Processing/Projek_FInal_Speaker_Identification/data/50_speakers_audio_data/Speaker_0006/Speaker_0006_00045.wav,Speaker_0006,Speaker_0006_00045.wav,60.032
/Users/gertrudisrms/Documents/Kuliah/Semester 6/Speech Processing/Projek_FInal_Speaker_Identification/data/50_speakers_audio_data/Speaker_0006/Speaker_0006_00044.wav,Speaker_0006,Speaker_0006_00044.wav,60.032
/Users/gertrudisrms/Documents/Kuliah/Semester 6/Speech Processing/Projek_FInal_Speaker_Identification/data/50_speakers_audio_data/Speaker_0006/Speaker_0006_00050.wav,Speaker_0006,Speaker_0006_00050.wav,60.032
/Users/gertrudisrms/Documents/Kuliah/Semester 6/Speech Processing/Projek_FInal_Speaker_Identification/data/50_speakers_audio_data/Speaker_0006/Speaker_0006_00049.wav,Speaker_0006,Speaker_0006_00049.wav,60.032
/Users/gertrudisrms/Documents/Kuliah/Semester 6/Speech Processing/Projek_FInal_Speaker_Identification/data/50_speakers_audio_data/Speaker_0006/Speaker_0006_00075.wav,Speaker_0006,Speaker_0006_00075.wav,22.802875
/Users/gertrudisrms/Documents/Kuliah/Semester 6/Speech Processing/Projek_FInal_Speaker_Identification/data/50_speakers_audio_data/Speaker_0006/Speaker_0006_00061.wav,Speaker_0006,Speaker_0006_00061.wav,60.032
/Users/gertrudisrms/Documents/Kuliah/Semester 6/Speech Processing/Projek_FInal_Speaker_Identification/data/50_speakers_audio_data/Speaker_0006/Speaker_0006_00060.wav,Speaker_0006,Speaker_0006_00060.wav,60.032
/Users/gertrudisrms/Documents/Kuliah/Semester 6/Speech Processing/Projek_FInal_Speaker_Identification/data/50_speakers_audio_data/Speaker_0006/Speaker_0006_00074.wav,Speaker_0006,Speaker_0006_00074.wav,60.032
/Users/gertrudisrms/Documents/Kuliah/Semester 6/Speech Processing/Projek_FInal_Speaker_Identification/data/50_speakers_audio_data/Speaker_0006/Speaker_0006_00048.wav,Speaker_0006,Speaker_0006_00048.wav,60.032
/Users/gertrudisrms/Documents/Kuliah/Semester 6/Speech Processing/Projek_FInal_Speaker_Identification/data/50_speakers_audio_data/Speaker_0006/Speaker_0006_00062.wav,Speaker_0006,Speaker_0006_00062.wav,60.032
/Users/gertrudisrms/Documents/Kuliah/Semester 6/Speech Processing/Projek_FInal_Speaker_Identification/data/50_speakers_audio_data/Speaker_0006/Speaker_0006_00063.wav,Speaker_0006,Speaker_0006_00063.wav,59.904
/Users/gertrudisrms/Documents/Kuliah/Semester 6/Speech Processing/Projek_FInal_Speaker_Identification/data/50_speakers_audio_data/Speaker_0006/Speaker_0006_00067.wav,Speaker_0006,Speaker_0006_00067.wav,59.904
/Users/gertrudisrms/Documents/Kuliah/Semester 6/Speech Processing/Projek_FInal_Speaker_Identification/data/50_speakers_audio_data/Speaker_0006/Speaker_0006_00073.wav,Speaker_0006,Speaker_0006_00073.wav,60.032
/Users/gertrudisrms/Documents/Kuliah/Semester 6/Speech Processing/Projek_FInal_Speaker_Identification/data/50_speakers_audio_data/Speaker_0006/Speaker_0006_00072.wav,Speaker_0006,Speaker_0006_00072.wav,60.032
/Users/gertrudisrms/Documents/Kuliah/Semester 6/Speech Processing/Projek_FInal_Speaker_Identification/data/50_speakers_audio_data/Speaker_0006/Speaker_0006_00066.wav,Speaker_0006,Speaker_0006_00066.wav,60.032
/Users/gertrudisrms/Documents/Kuliah/Semester 6/Speech Processing/Projek_FInal_Speaker_Identification/data/50_speakers_audio_data/Speaker_0006/Speaker_0006_00070.wav,Speaker_0006,Speaker_0006_00070.wav,60.032
/Users/gertrudisrms/Documents/Kuliah/Semester 6/Speech Processing/Projek_FInal_Speaker_Identification/data/50_speakers_audio_data/Speaker_0006/Speaker_0006_00064.wav,Speaker_0006,Speaker_0006_00064.wav,60.032
/Users/gertrudisrms/Documents/Kuliah/Semester 6/Speech Processing/Projek_FInal_Speaker_Identification/data/50_speakers_audio_data/Speaker_0006/Speaker_0006_00058.wav,Speaker_0006,Speaker_0006_00058.wav,60.032
/Users/gertrudisrms/Documents/Kuliah/Semester 6/Speech Processing/Projek_FInal_Speaker_Identification/data/50_speakers_audio_data/Speaker_0006/Speaker_0006_00059.wav,Speaker_0006,Speaker_0006_00059.wav,59.904
/Users/gertrudisrms/Documents/Kuliah/Semester 6/Speech Processing/Projek_FInal_Speaker_Identification/data/50_speakers_audio_data/Speaker_0006/Speaker_0006_00065.wav,Speaker_0006,Speaker_0006_00065.wav,60.032
/Users/gertrudisrms/Documents/Kuliah/Semester 6/Speech Processing/Projek_FInal_Speaker_Identification/data/50_speakers_audio_data/Speaker_0006/Speaker_0006_00071.wav,Speaker_0006,Speaker_0006_00071.wav,59.904
/Users/gertrudisrms/Documents/Kuliah/Semester 6/Speech Processing/Projek_FInal_Speaker_Identification/data/50_speakers_audio_data/Speaker_0006/Speaker_0006_00016.wav,Speaker_0006,Speaker_0006_00016.wav,60.032
/Users/gertrudisrms/Documents/Kuliah/Semester 6/Speech Processing/Projek_FInal_Speaker_Identification/data/50_speakers_audio_data/Speaker_0006/Speaker_0006_00002.wav,Speaker_0006,Speaker_0006_00002.wav,60.032
/Users/gertrudisrms/Documents/Kuliah/Semester 6/Speech Processing/Projek_FInal_Speaker_Identification/data/50_speakers_audio_data/Speaker_0006/Speaker_0006_00003.wav,Speaker_0006,Speaker_0006_00003.wav,59.904
/Users/gertrudisrms/Documents/Kuliah/Semester 6/Speech Processing/Projek_FInal_Speaker_Identification/data/50_speakers_audio_data/Speaker_0006/Speaker_0006_00017.wav,Speaker_0006,Speaker_0006_00017.wav,60.032
/Users/gertrudisrms/Documents/Kuliah/Semester 6/Speech Processing/Projek_FInal_Speaker_Identification/data/50_speakers_audio_data/Speaker_0006/Speaker_0006_00029.wav,Speaker_0006,Speaker_0006_00029.wav,60.032
/Users/gertrudisrms/Documents/Kuliah/Semester 6/Speech Processing/Projek_FInal_Speaker_Identification/data/50_speakers_audio_data/Speaker_0006/Speaker_0006_00001.wav,Speaker_0006,Speaker_0006_00001.wav,60.032
/Users/gertrudisrms/Documents/Kuliah/Semester 6/Speech Processing/Projek_FInal_Speaker_Identification/data/50_speakers_audio_data/Speaker_0006/Speaker_0006_00015.wav,Speaker_0006,Speaker_0006_00015.wav,59.904
/Users/gertrudisrms/Documents/Kuliah/Semester 6/Speech Processing/Projek_FInal_Speaker_Identification/data/50_speakers_audio_data/Speaker_0006/Speaker_0006_00014.wav,Speaker_0006,Speaker_0006_00014.wav,60.032
/Users/gertrudisrms/Documents/Kuliah/Semester 6/Speech Processing/Projek_FInal_Speaker_Identification/data/50_speakers_audio_data/Speaker_0006/Speaker_0006_00000.wav,Speaker_0006,Speaker_0006_00000.wav,60.032
/Users/gertrudisrms/Documents/Kuliah/Semester 6/Speech Processing/Projek_FInal_Speaker_Identification/data/50_speakers_audio_data/Speaker_0006/Speaker_0006_00028.wav,Speaker_0006,Speaker_0006_00028.wav,60.032
/Users/gertrudisrms/Documents/Kuliah/Semester 6/Speech Processing/Projek_FInal_Speaker_Identification/data/50_speakers_audio_data/Speaker_0006/Speaker_0006_00004.wav,Speaker_0006,Speaker_0006_00004.wav,60.032
/Users/gertrudisrms/Documents/Kuliah/Semester 6/Speech Processing/Projek_FInal_Speaker_Identification/data/50_speakers_audio_data/Speaker_0006/Speaker_0006_00010.wav,Speaker_0006,Speaker_0006_00010.wav,60.032
/Users/gertrudisrms/Documents/Kuliah/Semester 6/Speech Processing/Projek_FInal_Speaker_Identification/data/50_speakers_audio_data/Speaker_0006/Speaker_0006_00038.wav,Speaker_0006,Speaker_0006_00038.wav,60.032
/Users/gertrudisrms/Documents/Kuliah/Semester 6/Speech Processing/Projek_FInal_Speaker_Identification/data/50_speakers_audio_data/Speaker_0006/Speaker_0006_00039.wav,Speaker_0006,Speaker_0006_00039.wav,59.904
/Users/gertrudisrms/Documents/Kuliah/Semester 6/Speech Processing/Projek_FInal_Speaker_Identification/data/50_speakers_audio_data/Speaker_0006/Speaker_0006_00011.wav,Speaker_0006,Speaker_0006_00011.wav,59.904
/Users/gertrudisrms/Documents/Kuliah/Semester 6/Speech Processing/Projek_FInal_Speaker_Identification/data/50_speakers_audio_data/Speaker_0006/Speaker_0006_00005.wav,Speaker_0006,Speaker_0006_00005.wav,60.032
/Users/gertrudisrms/Documents/Kuliah/Semester 6/Speech Processing/Projek_FInal_Speaker_Identification/data/50_speakers_audio_data/Speaker_0006/Speaker_0006_00013.wav,Speaker_0006,Speaker_0006_00013.wav,60.032
/Users/gertrudisrms/Documents/Kuliah/Semester 6/Speech Processing/Projek_FInal_Speaker_Identification/data/50_speakers_audio_data/Speaker_0006/Speaker_0006_00007.wav,Speaker_0006,Speaker_0006_00007.wav,59.904
/Users/gertrudisrms/Documents/Kuliah/Semester 6/Speech Processing/Projek_FInal_Speaker_Identification/data/50_speakers_audio_data/Speaker_0006/Speaker_0006_00006.wav,Speaker_0006,Speaker_0006_00006.wav,60.032
/Users/gertrudisrms/Documents/Kuliah/Semester 6/Speech Processing/Projek_FInal_Speaker_Identification/data/50_speakers_audio_data/Speaker_0006/Speaker_0006_00012.wav,Speaker_0006,Speaker_0006_00012.wav,60.032
/Users/gertrudisrms/Documents/Kuliah/Semester 6/Speech Processing/Projek_FInal_Speaker_Identification/data/50_speakers_audio_data/Speaker_0001/Speaker_0001_00090.wav,Speaker_0001,Speaker_0001_00090.wav,60.032
/Users/gertrudisrms/Documents/Kuliah/Semester 6/Speech Processing/Projek_FInal_Speaker_Identification/data/50_speakers_audio_data/Speaker_0001/Speaker_0001_00084.wav,Speaker_0001,Speaker_0001_00084.wav,60.032
/Users/gertrudisrms/Documents/Kuliah/Semester 6/Speech Processing/Projek_FInal_Speaker_Identification/data/50_speakers_audio_data/Speaker_0001/Speaker_0001_00053.wav,Speaker_0001,Speaker_0001_00053.wav,60.032
/Users/gertrudisrms/Documents/Kuliah/Semester 6/Speech Processing/Projek_FInal_Speaker_Identification/data/50_speakers_audio_data/Speaker_0001/Speaker_0001_00047.wav,Speaker_0001,Speaker_0001_00047.wav,59.904
/Users/gertrudisrms/Documents/Kuliah/Semester 6/Speech Processing/Projek_FInal_Speaker_Identification/data/50_speakers_audio_data/Speaker_0001/Speaker_0001_00046.wav,Speaker_0001,Speaker_0001_00046.wav,60.032
/Users/gertrudisrms/Documents/Kuliah/Semester 6/Speech Processing/Projek_FInal_Speaker_Identification/data/50_speakers_audio_data/Speaker_0001/Speaker_0001_00052.wav,Speaker_0001,Speaker_0001_00052.wav,60.032
/Users/gertrudisrms/Documents/Kuliah/Semester 6/Speech Processing/Projek_FInal_Speaker_Identification/data/50_speakers_audio_data/Speaker_0001/Speaker_0001_00085.wav,Speaker_0001,Speaker_0001_00085.wav,60.032
/Users/gertrudisrms/Documents/Kuliah/Semester 6/Speech Processing/Projek_FInal_Speaker_Identification/data/50_speakers_audio_data/Speaker_0001/Speaker_0001_00091.wav,Speaker_0001,Speaker_0001_00091.wav,59.904
/Users/gertrudisrms/Documents/Kuliah/Semester 6/Speech Processing/Projek_FInal_Speaker_Identification/data/50_speakers_audio_data/Speaker_0001/Speaker_0001_00087.wav,Speaker_0001,Speaker_0001_00087.wav,59.904
/Users/gertrudisrms/Documents/Kuliah/Semester 6/Speech Processing/Projek_FInal_Speaker_Identification/data/50_speakers_audio_data/Speaker_0001/Speaker_0001_00093.wav,Speaker_0001,Speaker_0001_00093.wav,60.032
/Users/gertrudisrms/Documents/Kuliah/Semester 6/Speech Processing/Projek_FInal_Speaker_Identification/data/50_speakers_audio_data/Speaker_0001/Speaker_0001_00078.wav,Speaker_0001,Speaker_0001_00078.wav,60.032
/Users/gertrudisrms/Documents/Kuliah/Semester 6/Speech Processing/Projek_FInal_Speaker_Identification/data/50_speakers_audio_data/Speaker_0001/Speaker_0001_00044.wav,Speaker_0001,Speaker_0001_00044.wav,60.032
/Users/gertrudisrms/Documents/Kuliah/Semester 6/Speech Processing/Projek_FInal_Speaker_Identification/data/50_speakers_audio_data/Speaker_0001/Speaker_0001_00050.wav,Speaker_0001,Speaker_0001_00050.wav,60.032
/Users/gertrudisrms/Documents/Kuliah/Semester 6/Speech Processing/Projek_FInal_Speaker_Identification/data/50_speakers_audio_data/Speaker_0001/Speaker_0001_00051.wav,Speaker_0001,Speaker_0001_00051.wav,59.904
/Users/gertrudisrms/Documents/Kuliah/Semester 6/Speech Processing/Projek_FInal_Speaker_Identification/data/50_speakers_audio_data/Speaker_0001/Speaker_0001_00045.wav,Speaker_0001,Speaker_0001_00045.wav,60.032
/Users/gertrudisrms/Documents/Kuliah/Semester 6/Speech Processing/Projek_FInal_Speaker_Identification/data/50_speakers_audio_data/Speaker_0001/Speaker_0001_00079.wav,Speaker_0001,Speaker_0001_00079.wav,59.904
/Users/gertrudisrms/Documents/Kuliah/Semester 6/Speech Processing/Projek_FInal_Speaker_Identification/data/50_speakers_audio_data/Speaker_0001/Speaker_0001_00092.wav,Speaker_0001,Speaker_0001_00092.wav,60.032
/Users/gertrudisrms/Documents/Kuliah/Semester 6/Speech Processing/Projek_FInal_Speaker_Identification/data/50_speakers_audio_data/Speaker_0001/Speaker_0001_00086.wav,Speaker_0001,Speaker_0001_00086.wav,60.032
/Users/gertrudisrms/Documents/Kuliah/Semester 6/Speech Processing/Projek_FInal_Speaker_Identification/data/50_speakers_audio_data/Speaker_0001/Speaker_0001_00082.wav,Speaker_0001,Speaker_0001_00082.wav,60.032
/Users/gertrudisrms/Documents/Kuliah/Semester 6/Speech Processing/Projek_FInal_Speaker_Identification/data/50_speakers_audio_data/Speaker_0001/Speaker_0001_00096.wav,Speaker_0001,Speaker_0001_00096.wav,60.032
/Users/gertrudisrms/Documents/Kuliah/Semester 6/Speech Processing/Projek_FInal_Speaker_Identification/data/50_speakers_audio_data/Speaker_0001/Speaker_0001_00041.wav,Speaker_0001,Speaker_0001_00041.wav,60.032
/Users/gertrudisrms/Documents/Kuliah/Semester 6/Speech Processing/Projek_FInal_Speaker_Identification/data/50_speakers_audio_data/Speaker_0001/Speaker_0001_00055.wav,Speaker_0001,Speaker_0001_00055.wav,59.904
/Users/gertrudisrms/Documents/Kuliah/Semester 6/Speech Processing/Projek_FInal_Speaker_Identification/data/50_speakers_audio_data/Speaker_0001/Speaker_0001_00069.wav,Speaker_0001,Speaker_0001_00069.wav,60.032
/Users/gertrudisrms/Documents/Kuliah/Semester 6/Speech Processing/Projek_FInal_Speaker_Identification/data/50_speakers_audio_data/Speaker_0001/Speaker_0001_00109.wav,Speaker_0001,Speaker_0001_00109.wav,60.032
/Users/gertrudisrms/Documents/Kuliah/Semester 6/Speech Processing/Projek_FInal_Speaker_Identification/data/50_speakers_audio_data/Speaker_0001/Speaker_0001_00108.wav,Speaker_0001,Speaker_0001_00108.wav,60.032
/Users/gertrudisrms/Documents/Kuliah/Semester 6/Speech Processing/Projek_FInal_Speaker_Identification/data/50_speakers_audio_data/Speaker_0001/Speaker_0001_00068.wav,Speaker_0001,Speaker_0001_00068.wav,60.032
/Users/gertrudisrms/Documents/Kuliah/Semester 6/Speech Processing/Projek_FInal_Speaker_Identification/data/50_speakers_audio_data/Speaker_0001/Speaker_0001_00054.wav,Speaker_0001,Speaker_0001_00054.wav,60.032
/Users/gertrudisrms/Documents/Kuliah/Semester 6/Speech Processing/Projek_FInal_Speaker_Identification/data/50_speakers_audio_data/Speaker_0001/Speaker_0001_00040.wav,Speaker_0001,Speaker_0001_00040.wav,60.032
/Users/gertrudisrms/Documents/Kuliah/Semester 6/Speech Processing/Projek_FInal_Speaker_Identification/data/50_speakers_audio_data/Speaker_0001/Speaker_0001_00097.wav,Speaker_0001,Speaker_0001_00097.wav,60.032
/Users/gertrudisrms/Documents/Kuliah/Semester 6/Speech Processing/Projek_FInal_Speaker_Identification/data/50_speakers_audio_data/Speaker_0001/Speaker_0001_00083.wav,Speaker_0001,Speaker_0001_00083.wav,59.904
/Users/gertrudisrms/Documents/Kuliah/Semester 6/Speech Processing/Projek_FInal_Speaker_Identification/data/50_speakers_audio_data/Speaker_0001/Speaker_0001_00095.wav,Speaker_0001,Speaker_0001_00095.wav,59.904
/Users/gertrudisrms/Documents/Kuliah/Semester 6/Speech Processing/Projek_FInal_Speaker_Identification/data/50_speakers_audio_data/Speaker_0001/Speaker_0001_00081.wav,Speaker_0001,Speaker_0001_00081.wav,60.032
/Users/gertrudisrms/Documents/Kuliah/Semester 6/Speech Processing/Projek_FInal_Speaker_Identification/data/50_speakers_audio_data/Speaker_0001/Speaker_0001_00056.wav,Speaker_0001,Speaker_0001_00056.wav,60.032
/Users/gertrudisrms/Documents/Kuliah/Semester 6/Speech Processing/Projek_FInal_Speaker_Identification/data/50_speakers_audio_data/Speaker_0001/Speaker_0001_00042.wav,Speaker_0001,Speaker_0001_00042.wav,60.032
/Users/gertrudisrms/Documents/Kuliah/Semester 6/Speech Processing/Projek_FInal_Speaker_Identification/data/50_speakers_audio_data/Speaker_0001/Speaker_0001_00043.wav,Speaker_0001,Speaker_0001_00043.wav,59.904
/Users/gertrudisrms/Documents/Kuliah/Semester 6/Speech Processing/Projek_FInal_Speaker_Identification/data/50_speakers_audio_data/Speaker_0001/Speaker_0001_00057.wav,Speaker_0001,Speaker_0001_00057.wav,60.032
/Users/gertrudisrms/Documents/Kuliah/Semester 6/Speech Processing/Projek_FInal_Speaker_Identification/data/50_speakers_audio_data/Speaker_0001/Speaker_0001_00080.wav,Speaker_0001,Speaker_0001_00080.wav,60.032
/Users/gertrudisrms/Documents/Kuliah/Semester 6/Speech Processing/Projek_FInal_Speaker_Identification/data/50_speakers_audio_data/Speaker_0001/Speaker_0001_00094.wav,Speaker_0001,Speaker_0001_00094.wav,60.032
/Users/gertrudisrms/Documents/Kuliah/Semester 6/Speech Processing/Projek_FInal_Speaker_Identification/data/50_speakers_audio_data/Speaker_0001/Speaker_0001_00018.wav,Speaker_0001,Speaker_0001_00018.wav,60.032
/Users/gertrudisrms/Documents/Kuliah/Semester 6/Speech Processing/Projek_FInal_Speaker_Identification/data/50_speakers_audio_data/Speaker_0001/Speaker_0001_00030.wav,Speaker_0001,Speaker_0001_00030.wav,60.032
/Users/gertrudisrms/Documents/Kuliah/Semester 6/Speech Processing/Projek_FInal_Speaker_Identification/data/50_speakers_audio_data/Speaker_0001/Speaker_0001_00024.wav,Speaker_0001,Speaker_0001_00024.wav,60.032
/Users/gertrudisrms/Documents/Kuliah/Semester 6/Speech Processing/Projek_FInal_Speaker_Identification/data/50_speakers_audio_data/Speaker_0001/Speaker_0001_00025.wav,Speaker_0001,Speaker_0001_00025.wav,60.032
/Users/gertrudisrms/Documents/Kuliah/Semester 6/Speech Processing/Projek_FInal_Speaker_Identification/data/50_speakers_audio_data/Speaker_0001/Speaker_0001_00031.wav,Speaker_0001,Speaker_0001_00031.wav,59.904
/Users/gertrudisrms/Documents/Kuliah/Semester 6/Speech Processing/Projek_FInal_Speaker_Identification/data/50_speakers_audio_data/Speaker_0001/Speaker_0001_00019.wav,Speaker_0001,Speaker_0001_00019.wav,59.904
/Users/gertrudisrms/Documents/Kuliah/Semester 6/Speech Processing/Projek_FInal_Speaker_Identification/data/50_speakers_audio_data/Speaker_0001/Speaker_0001_00027.wav,Speaker_0001,Speaker_0001_00027.wav,59.904
/Users/gertrudisrms/Documents/Kuliah/Semester 6/Speech Processing/Projek_FInal_Speaker_Identification/data/50_speakers_audio_data/Speaker_0001/Speaker_0001_00033.wav,Speaker_0001,Speaker_0001_00033.wav,60.032
/Users/gertrudisrms/Documents/Kuliah/Semester 6/Speech Processing/Projek_FInal_Speaker_Identification/data/50_speakers_audio_data/Speaker_0001/Speaker_0001_00032.wav,Speaker_0001,Speaker_0001_00032.wav,60.032
/Users/gertrudisrms/Documents/Kuliah/Semester 6/Speech Processing/Projek_FInal_Speaker_Identification/data/50_speakers_audio_data/Speaker_0001/Speaker_0001_00026.wav,Speaker_0001,Speaker_0001_00026.wav,60.032
/Users/gertrudisrms/Documents/Kuliah/Semester 6/Speech Processing/Projek_FInal_Speaker_Identification/data/50_speakers_audio_data/Speaker_0001/Speaker_0001_00022.wav,Speaker_0001,Speaker_0001_00022.wav,60.032
/Users/gertrudisrms/Documents/Kuliah/Semester 6/Speech Processing/Projek_FInal_Speaker_Identification/data/50_speakers_audio_data/Speaker_0001/Speaker_0001_00036.wav,Speaker_0001,Speaker_0001_00036.wav,60.032
/Users/gertrudisrms/Documents/Kuliah/Semester 6/Speech Processing/Projek_FInal_Speaker_Identification/data/50_speakers_audio_data/Speaker_0001/Speaker_0001_00037.wav,Speaker_0001,Speaker_0001_00037.wav,60.032
/Users/gertrudisrms/Documents/Kuliah/Semester 6/Speech Processing/Projek_FInal_Speaker_Identification/data/50_speakers_audio_data/Speaker_0001/Speaker_0001_00023.wav,Speaker_0001,Speaker_0001_00023.wav,59.904
/Users/gertrudisrms/Documents/Kuliah/Semester 6/Speech Processing/Projek_FInal_Speaker_Identification/data/50_speakers_audio_data/Speaker_0001/Speaker_0001_00035.wav,Speaker_0001,Speaker_0001_00035.wav,59.904
/Users/gertrudisrms/Documents/Kuliah/Semester 6/Speech Processing/Projek_FInal_Speaker_Identification/data/50_speakers_audio_data/Speaker_0001/Speaker_0001_00021.wav,Speaker_0001,Speaker_0001_00021.wav,60.032
/Users/gertrudisrms/Documents/Kuliah/Semester 6/Speech Processing/Projek_FInal_Speaker_Identification/data/50_speakers_audio_data/Speaker_0001/Speaker_0001_00009.wav,Speaker_0001,Speaker_0001_00009.wav,60.032
/Users/gertrudisrms/Documents/Kuliah/Semester 6/Speech Processing/Projek_FInal_Speaker_Identification/data/50_speakers_audio_data/Speaker_0001/Speaker_0001_00008.wav,Speaker_0001,Speaker_0001_00008.wav,60.032
/Users/gertrudisrms/Documents/Kuliah/Semester 6/Speech Processing/Projek_FInal_Speaker_Identification/data/50_speakers_audio_data/Speaker_0001/Speaker_0001_00020.wav,Speaker_0001,Speaker_0001_00020.wav,60.032
/Users/gertrudisrms/Documents/Kuliah/Semester 6/Speech Processing/Projek_FInal_Speaker_Identification/data/50_speakers_audio_data/Speaker_0001/Speaker_0001_00034.wav,Speaker_0001,Speaker_0001_00034.wav,60.032
/Users/gertrudisrms/Documents/Kuliah/Semester 6/Speech Processing/Projek_FInal_Speaker_Identification/data/50_speakers_audio_data/Speaker_0001/Speaker_0001_00039.wav,Speaker_0001,Speaker_0001_00039.wav,59.904
/Users/gertrudisrms/Documents/Kuliah/Semester 6/Speech Processing/Projek_FInal_Speaker_Identification/data/50_speakers_audio_data/Speaker_0001/Speaker_0001_00011.wav,Speaker_0001,Speaker_0001_00011.wav,59.904
/Users/gertrudisrms/Documents/Kuliah/Semester 6/Speech Processing/Projek_FInal_Speaker_Identification/data/50_speakers_audio_data/Speaker_0001/Speaker_0001_00005.wav,Speaker_0001,Speaker_0001_00005.wav,60.032
/Users/gertrudisrms/Documents/Kuliah/Semester 6/Speech Processing/Projek_FInal_Speaker_Identification/data/50_speakers_audio_data/Speaker_0001/Speaker_0001_00004.wav,Speaker_0001,Speaker_0001_00004.wav,60.032
/Users/gertrudisrms/Documents/Kuliah/Semester 6/Speech Processing/Projek_FInal_Speaker_Identification/data/50_speakers_audio_data/Speaker_0001/Speaker_0001_00010.wav,Speaker_0001,Speaker_0001_00010.wav,60.032
/Users/gertrudisrms/Documents/Kuliah/Semester 6/Speech Processing/Projek_FInal_Speaker_Identification/data/50_speakers_audio_data/Speaker_0001/Speaker_0001_00038.wav,Speaker_0001,Speaker_0001_00038.wav,60.032
/Users/gertrudisrms/Documents/Kuliah/Semester 6/Speech Processing/Projek_FInal_Speaker_Identification/data/50_speakers_audio_data/Speaker_0001/Speaker_0001_00006.wav,Speaker_0001,Speaker_0001_00006.wav,60.032
/Users/gertrudisrms/Documents/Kuliah/Semester 6/Speech Processing/Projek_FInal_Speaker_Identification/data/50_speakers_audio_data/Speaker_0001/Speaker_0001_00012.wav,Speaker_0001,Speaker_0001_00012.wav,60.032
/Users/gertrudisrms/Documents/Kuliah/Semester 6/Speech Processing/Projek_FInal_Speaker_Identification/data/50_speakers_audio_data/Speaker_0001/Speaker_0001_00013.wav,Speaker_0001,Speaker_0001_00013.wav,60.032
/Users/gertrudisrms/Documents/Kuliah/Semester 6/Speech Processing/Projek_FInal_Speaker_Identification/data/50_speakers_audio_data/Speaker_0001/Speaker_0001_00007.wav,Speaker_0001,Speaker_0001_00007.wav,59.904
/Users/gertrudisrms/Documents/Kuliah/Semester 6/Speech Processing/Projek_FInal_Speaker_Identification/data/50_speakers_audio_data/Speaker_0001/Speaker_0001_00003.wav,Speaker_0001,Speaker_0001_00003.wav,59.904
/Users/gertrudisrms/Documents/Kuliah/Semester 6/Speech Processing/Projek_FInal_Speaker_Identification/data/50_speakers_audio_data/Speaker_0001/Speaker_0001_00017.wav,Speaker_0001,Speaker_0001_00017.wav,60.032
/Users/gertrudisrms/Documents/Kuliah/Semester 6/Speech Processing/Projek_FInal_Speaker_Identification/data/50_speakers_audio_data/Speaker_0001/Speaker_0001_00016.wav,Speaker_0001,Speaker_0001_00016.wav,60.032
/Users/gertrudisrms/Documents/Kuliah/Semester 6/Speech Processing/Projek_FInal_Speaker_Identification/data/50_speakers_audio_data/Speaker_0001/Speaker_0001_00002.wav,Speaker_0001,Speaker_0001_00002.wav,60.032
/Users/gertrudisrms/Documents/Kuliah/Semester 6/Speech Processing/Projek_FInal_Speaker_Identification/data/50_speakers_audio_data/Speaker_0001/Speaker_0001_00014.wav,Speaker_0001,Speaker_0001_00014.wav,60.032
/Users/gertrudisrms/Documents/Kuliah/Semester 6/Speech Processing/Projek_FInal_Speaker_Identification/data/50_speakers_audio_data/Speaker_0001/Speaker_0001_00000.wav,Speaker_0001,Speaker_0001_00000.wav,60.032
/Users/gertrudisrms/Documents/Kuliah/Semester 6/Speech Processing/Projek_FInal_Speaker_Identification/data/50_speakers_audio_data/Speaker_0001/Speaker_0001_00028.wav,Speaker_0001,Speaker_0001_00028.wav,60.032
/Users/gertrudisrms/Documents/Kuliah/Semester 6/Speech Processing/Projek_FInal_Speaker_Identification/data/50_speakers_audio_data/Speaker_0001/Speaker_0001_00029.wav,Speaker_0001,Speaker_0001_00029.wav,60.032
/Users/gertrudisrms/Documents/Kuliah/Semester 6/Speech Processing/Projek_FInal_Speaker_Identification/data/50_speakers_audio_data/Speaker_0001/Speaker_0001_00001.wav,Speaker_0001,Speaker_0001_00001.wav,60.032
/Users/gertrudisrms/Documents/Kuliah/Semester 6/Speech Processing/Projek_FInal_Speaker_Identification/data/50_speakers_audio_data/Speaker_0001/Speaker_0001_00015.wav,Speaker_0001,Speaker_0001_00015.wav,59.904
/Users/gertrudisrms/Documents/Kuliah/Semester 6/Speech Processing/Projek_FInal_Speaker_Identification/data/50_speakers_audio_data/Speaker_0001/Speaker_0001_00099.wav,Speaker_0001,Speaker_0001_00099.wav,59.904
/Users/gertrudisrms/Documents/Kuliah/Semester 6/Speech Processing/Projek_FInal_Speaker_Identification/data/50_speakers_audio_data/Speaker_0001/Speaker_0001_00072.wav,Speaker_0001,Speaker_0001_00072.wav,60.032
/Users/gertrudisrms/Documents/Kuliah/Semester 6/Speech Processing/Projek_FInal_Speaker_Identification/data/50_speakers_audio_data/Speaker_0001/Speaker_0001_00066.wav,Speaker_0001,Speaker_0001_00066.wav,60.032
/Users/gertrudisrms/Documents/Kuliah/Semester 6/Speech Processing/Projek_FInal_Speaker_Identification/data/50_speakers_audio_data/Speaker_0001/Speaker_0001_00106.wav,Speaker_0001,Speaker_0001_00106.wav,60.032
/Users/gertrudisrms/Documents/Kuliah/Semester 6/Speech Processing/Projek_FInal_Speaker_Identification/data/50_speakers_audio_data/Speaker_0001/Speaker_0001_00112.wav,Speaker_0001,Speaker_0001_00112.wav,60.032
/Users/gertrudisrms/Documents/Kuliah/Semester 6/Speech Processing/Projek_FInal_Speaker_Identification/data/50_speakers_audio_data/Speaker_0001/Speaker_0001_00113.wav,Speaker_0001,Speaker_0001_00113.wav,60.032
/Users/gertrudisrms/Documents/Kuliah/Semester 6/Speech Processing/Projek_FInal_Speaker_Identification/data/50_speakers_audio_data/Speaker_0001/Speaker_0001_00107.wav,Speaker_0001,Speaker_0001_00107.wav,59.904
/Users/gertrudisrms/Documents/Kuliah/Semester 6/Speech Processing/Projek_FInal_Speaker_Identification/data/50_speakers_audio_data/Speaker_0001/Speaker_0001_00067.wav,Speaker_0001,Speaker_0001_00067.wav,59.904
/Users/gertrudisrms/Documents/Kuliah/Semester 6/Speech Processing/Projek_FInal_Speaker_Identification/data/50_speakers_audio_data/Speaker_0001/Speaker_0001_00073.wav,Speaker_0001,Speaker_0001_00073.wav,60.032
/Users/gertrudisrms/Documents/Kuliah/Semester 6/Speech Processing/Projek_FInal_Speaker_Identification/data/50_speakers_audio_data/Speaker_0001/Speaker_0001_00098.wav,Speaker_0001,Speaker_0001_00098.wav,60.032
/Users/gertrudisrms/Documents/Kuliah/Semester 6/Speech Processing/Projek_FInal_Speaker_Identification/data/50_speakers_audio_data/Speaker_0001/Speaker_0001_00059.wav,Speaker_0001,Speaker_0001_00059.wav,59.904
/Users/gertrudisrms/Documents/Kuliah/Semester 6/Speech Processing/Projek_FInal_Speaker_Identification/data/50_speakers_audio_data/Speaker_0001/Speaker_0001_00065.wav,Speaker_0001,Speaker_0001_00065.wav,60.032
/Users/gertrudisrms/Documents/Kuliah/Semester 6/Speech Processing/Projek_FInal_Speaker_Identification/data/50_speakers_audio_data/Speaker_0001/Speaker_0001_00071.wav,Speaker_0001,Speaker_0001_00071.wav,59.904
/Users/gertrudisrms/Documents/Kuliah/Semester 6/Speech Processing/Projek_FInal_Speaker_Identification/data/50_speakers_audio_data/Speaker_0001/Speaker_0001_00111.wav,Speaker_0001,Speaker_0001_00111.wav,59.904
/Users/gertrudisrms/Documents/Kuliah/Semester 6/Speech Processing/Projek_FInal_Speaker_Identification/data/50_speakers_audio_data/Speaker_0001/Speaker_0001_00105.wav,Speaker_0001,Speaker_0001_00105.wav,60.032
/Users/gertrudisrms/Documents/Kuliah/Semester 6/Speech Processing/Projek_FInal_Speaker_Identification/data/50_speakers_audio_data/Speaker_0001/Speaker_0001_00104.wav,Speaker_0001,Speaker_0001_00104.wav,60.032
/Users/gertrudisrms/Documents/Kuliah/Semester 6/Speech Processing/Projek_FInal_Speaker_Identification/data/50_speakers_audio_data/Speaker_0001/Speaker_0001_00110.wav,Speaker_0001,Speaker_0001_00110.wav,60.032
/Users/gertrudisrms/Documents/Kuliah/Semester 6/Speech Processing/Projek_FInal_Speaker_Identification/data/50_speakers_audio_data/Speaker_0001/Speaker_0001_00070.wav,Speaker_0001,Speaker_0001_00070.wav,60.032
/Users/gertrudisrms/Documents/Kuliah/Semester 6/Speech Processing/Projek_FInal_Speaker_Identification/data/50_speakers_audio_data/Speaker_0001/Speaker_0001_00064.wav,Speaker_0001,Speaker_0001_00064.wav,60.032
/Users/gertrudisrms/Documents/Kuliah/Semester 6/Speech Processing/Projek_FInal_Speaker_Identification/data/50_speakers_audio_data/Speaker_0001/Speaker_0001_00058.wav,Speaker_0001,Speaker_0001_00058.wav,60.032
/Users/gertrudisrms/Documents/Kuliah/Semester 6/Speech Processing/Projek_FInal_Speaker_Identification/data/50_speakers_audio_data/Speaker_0001/Speaker_0001_00060.wav,Speaker_0001,Speaker_0001_00060.wav,60.032
/Users/gertrudisrms/Documents/Kuliah/Semester 6/Speech Processing/Projek_FInal_Speaker_Identification/data/50_speakers_audio_data/Speaker_0001/Speaker_0001_00074.wav,Speaker_0001,Speaker_0001_00074.wav,60.032
/Users/gertrudisrms/Documents/Kuliah/Semester 6/Speech Processing/Projek_FInal_Speaker_Identification/data/50_speakers_audio_data/Speaker_0001/Speaker_0001_00048.wav,Speaker_0001,Speaker_0001_00048.wav,60.032
/Users/gertrudisrms/Documents/Kuliah/Semester 6/Speech Processing/Projek_FInal_Speaker_Identification/data/50_speakers_audio_data/Speaker_0001/Speaker_0001_00114.wav,Speaker_0001,Speaker_0001_00114.wav,60.032
/Users/gertrudisrms/Documents/Kuliah/Semester 6/Speech Processing/Projek_FInal_Speaker_Identification/data/50_speakers_audio_data/Speaker_0001/Speaker_0001_00100.wav,Speaker_0001,Speaker_0001_00100.wav,60.032
/Users/gertrudisrms/Documents/Kuliah/Semester 6/Speech Processing/Projek_FInal_Speaker_Identification/data/50_speakers_audio_data/Speaker_0001/Speaker_0001_00101.wav,Speaker_0001,Speaker_0001_00101.wav,60.032
/Users/gertrudisrms/Documents/Kuliah/Semester 6/Speech Processing/Projek_FInal_Speaker_Identification/data/50_speakers_audio_data/Speaker_0001/Speaker_0001_00115.wav,Speaker_0001,Speaker_0001_00115.wav,59.904
/Users/gertrudisrms/Documents/Kuliah/Semester 6/Speech Processing/Projek_FInal_Speaker_Identification/data/50_speakers_audio_data/Speaker_0001/Speaker_0001_00049.wav,Speaker_0001,Speaker_0001_00049.wav,60.032
/Users/gertrudisrms/Documents/Kuliah/Semester 6/Speech Processing/Projek_FInal_Speaker_Identification/data/50_speakers_audio_data/Speaker_0001/Speaker_0001_00075.wav,Speaker_0001,Speaker_0001_00075.wav,59.904
/Users/gertrudisrms/Documents/Kuliah/Semester 6/Speech Processing/Projek_FInal_Speaker_Identification/data/50_speakers_audio_data/Speaker_0001/Speaker_0001_00061.wav,Speaker_0001,Speaker_0001_00061.wav,60.032
/Users/gertrudisrms/Documents/Kuliah/Semester 6/Speech Processing/Projek_FInal_Speaker_Identification/data/50_speakers_audio_data/Speaker_0001/Speaker_0001_00088.wav,Speaker_0001,Speaker_0001_00088.wav,60.032
/Users/gertrudisrms/Documents/Kuliah/Semester 6/Speech Processing/Projek_FInal_Speaker_Identification/data/50_speakers_audio_data/Speaker_0001/Speaker_0001_00077.wav,Speaker_0001,Speaker_0001_00077.wav,60.032
/Users/gertrudisrms/Documents/Kuliah/Semester 6/Speech Processing/Projek_FInal_Speaker_Identification/data/50_speakers_audio_data/Speaker_0001/Speaker_0001_00063.wav,Speaker_0001,Speaker_0001_00063.wav,59.904
/Users/gertrudisrms/Documents/Kuliah/Semester 6/Speech Processing/Projek_FInal_Speaker_Identification/data/50_speakers_audio_data/Speaker_0001/Speaker_0001_00103.wav,Speaker_0001,Speaker_0001_00103.wav,59.904
/Users/gertrudisrms/Documents/Kuliah/Semester 6/Speech Processing/Projek_FInal_Speaker_Identification/data/50_speakers_audio_data/Speaker_0001/Speaker_0001_00117.wav,Speaker_0001,Speaker_0001_00117.wav,50.676375
/Users/gertrudisrms/Documents/Kuliah/Semester 6/Speech Processing/Projek_FInal_Speaker_Identification/data/50_speakers_audio_data/Speaker_0001/Speaker_0001_00116.wav,Speaker_0001,Speaker_0001_00116.wav,60.032
/Users/gertrudisrms/Documents/Kuliah/Semester 6/Speech Processing/Projek_FInal_Speaker_Identification/data/50_speakers_audio_data/Speaker_0001/Speaker_0001_00102.wav,Speaker_0001,Speaker_0001_00102.wav,60.032
/Users/gertrudisrms/Documents/Kuliah/Semester 6/Speech Processing/Projek_FInal_Speaker_Identification/data/50_speakers_audio_data/Speaker_0001/Speaker_0001_00062.wav,Speaker_0001,Speaker_0001_00062.wav,60.032
/Users/gertrudisrms/Documents/Kuliah/Semester 6/Speech Processing/Projek_FInal_Speaker_Identification/data/50_speakers_audio_data/Speaker_0001/Speaker_0001_00076.wav,Speaker_0001,Speaker_0001_00076.wav,60.032
/Users/gertrudisrms/Documents/Kuliah/Semester 6/Speech Processing/Projek_FInal_Speaker_Identification/data/50_speakers_audio_data/Speaker_0001/Speaker_0001_00089.wav,Speaker_0001,Speaker_0001_00089.wav,60.032
/Users/gertrudisrms/Documents/Kuliah/Semester 6/Speech Processing/Projek_FInal_Speaker_Identification/data/50_speakers_audio_data/Speaker_0008/Speaker_0008_00000.wav,Speaker_0008,Speaker_0008_00000.wav,60.032
/Users/gertrudisrms/Documents/Kuliah/Semester 6/Speech Processing/Projek_FInal_Speaker_Identification/data/50_speakers_audio_data/Speaker_0008/Speaker_0008_00014.wav,Speaker_0008,Speaker_0008_00014.wav,60.032
/Users/gertrudisrms/Documents/Kuliah/Semester 6/Speech Processing/Projek_FInal_Speaker_Identification/data/50_speakers_audio_data/Speaker_0008/Speaker_0008_00028.wav,Speaker_0008,Speaker_0008_00028.wav,60.032
/Users/gertrudisrms/Documents/Kuliah/Semester 6/Speech Processing/Projek_FInal_Speaker_Identification/data/50_speakers_audio_data/Speaker_0008/Speaker_0008_00029.wav,Speaker_0008,Speaker_0008_00029.wav,60.032
/Users/gertrudisrms/Documents/Kuliah/Semester 6/Speech Processing/Projek_FInal_Speaker_Identification/data/50_speakers_audio_data/Speaker_0008/Speaker_0008_00015.wav,Speaker_0008,Speaker_0008_00015.wav,59.904
/Users/gertrudisrms/Documents/Kuliah/Semester 6/Speech Processing/Projek_FInal_Speaker_Identification/data/50_speakers_audio_data/Speaker_0008/Speaker_0008_00001.wav,Speaker_0008,Speaker_0008_00001.wav,60.032
/Users/gertrudisrms/Documents/Kuliah/Semester 6/Speech Processing/Projek_FInal_Speaker_Identification/data/50_speakers_audio_data/Speaker_0008/Speaker_0008_00017.wav,Speaker_0008,Speaker_0008_00017.wav,60.032
/Users/gertrudisrms/Documents/Kuliah/Semester 6/Speech Processing/Projek_FInal_Speaker_Identification/data/50_speakers_audio_data/Speaker_0008/Speaker_0008_00003.wav,Speaker_0008,Speaker_0008_00003.wav,59.904
/Users/gertrudisrms/Documents/Kuliah/Semester 6/Speech Processing/Projek_FInal_Speaker_Identification/data/50_speakers_audio_data/Speaker_0008/Speaker_0008_00002.wav,Speaker_0008,Speaker_0008_00002.wav,60.032
/Users/gertrudisrms/Documents/Kuliah/Semester 6/Speech Processing/Projek_FInal_Speaker_Identification/data/50_speakers_audio_data/Speaker_0008/Speaker_0008_00016.wav,Speaker_0008,Speaker_0008_00016.wav,60.032
/Users/gertrudisrms/Documents/Kuliah/Semester 6/Speech Processing/Projek_FInal_Speaker_Identification/data/50_speakers_audio_data/Speaker_0008/Speaker_0008_00012.wav,Speaker_0008,Speaker_0008_00012.wav,60.032
/Users/gertrudisrms/Documents/Kuliah/Semester 6/Speech Processing/Projek_FInal_Speaker_Identification/data/50_speakers_audio_data/Speaker_0008/Speaker_0008_00006.wav,Speaker_0008,Speaker_0008_00006.wav,60.032
/Users/gertrudisrms/Documents/Kuliah/Semester 6/Speech Processing/Projek_FInal_Speaker_Identification/data/50_speakers_audio_data/Speaker_0008/Speaker_0008_00007.wav,Speaker_0008,Speaker_0008_00007.wav,59.904
/Users/gertrudisrms/Documents/Kuliah/Semester 6/Speech Processing/Projek_FInal_Speaker_Identification/data/50_speakers_audio_data/Speaker_0008/Speaker_0008_00013.wav,Speaker_0008,Speaker_0008_00013.wav,60.032
/Users/gertrudisrms/Documents/Kuliah/Semester 6/Speech Processing/Projek_FInal_Speaker_Identification/data/50_speakers_audio_data/Speaker_0008/Speaker_0008_00039.wav,Speaker_0008,Speaker_0008_00039.wav,59.904
/Users/gertrudisrms/Documents/Kuliah/Semester 6/Speech Processing/Projek_FInal_Speaker_Identification/data/50_speakers_audio_data/Speaker_0008/Speaker_0008_00005.wav,Speaker_0008,Speaker_0008_00005.wav,60.032
/Users/gertrudisrms/Documents/Kuliah/Semester 6/Speech Processing/Projek_FInal_Speaker_Identification/data/50_speakers_audio_data/Speaker_0008/Speaker_0008_00011.wav,Speaker_0008,Speaker_0008_00011.wav,59.904
/Users/gertrudisrms/Documents/Kuliah/Semester 6/Speech Processing/Projek_FInal_Speaker_Identification/data/50_speakers_audio_data/Speaker_0008/Speaker_0008_00010.wav,Speaker_0008,Speaker_0008_00010.wav,60.032
/Users/gertrudisrms/Documents/Kuliah/Semester 6/Speech Processing/Projek_FInal_Speaker_Identification/data/50_speakers_audio_data/Speaker_0008/Speaker_0008_00004.wav,Speaker_0008,Speaker_0008_00004.wav,60.032
/Users/gertrudisrms/Documents/Kuliah/Semester 6/Speech Processing/Projek_FInal_Speaker_Identification/data/50_speakers_audio_data/Speaker_0008/Speaker_0008_00038.wav,Speaker_0008,Speaker_0008_00038.wav,60.032
/Users/gertrudisrms/Documents/Kuliah/Semester 6/Speech Processing/Projek_FInal_Speaker_Identification/data/50_speakers_audio_data/Speaker_0008/Speaker_0008_00088.wav,Speaker_0008,Speaker_0008_00088.wav,60.032
/Users/gertrudisrms/Documents/Kuliah/Semester 6/Speech Processing/Projek_FInal_Speaker_Identification/data/50_speakers_audio_data/Speaker_0008/Speaker_0008_00063.wav,Speaker_0008,Speaker_0008_00063.wav,59.904
/Users/gertrudisrms/Documents/Kuliah/Semester 6/Speech Processing/Projek_FInal_Speaker_Identification/data/50_speakers_audio_data/Speaker_0008/Speaker_0008_00077.wav,Speaker_0008,Speaker_0008_00077.wav,60.032
/Users/gertrudisrms/Documents/Kuliah/Semester 6/Speech Processing/Projek_FInal_Speaker_Identification/data/50_speakers_audio_data/Speaker_0008/Speaker_0008_00076.wav,Speaker_0008,Speaker_0008_00076.wav,60.032
/Users/gertrudisrms/Documents/Kuliah/Semester 6/Speech Processing/Projek_FInal_Speaker_Identification/data/50_speakers_audio_data/Speaker_0008/Speaker_0008_00062.wav,Speaker_0008,Speaker_0008_00062.wav,60.032
/Users/gertrudisrms/Documents/Kuliah/Semester 6/Speech Processing/Projek_FInal_Speaker_Identification/data/50_speakers_audio_data/Speaker_0008/Speaker_0008_00089.wav,Speaker_0008,Speaker_0008_00089.wav,60.032
/Users/gertrudisrms/Documents/Kuliah/Semester 6/Speech Processing/Projek_FInal_Speaker_Identification/data/50_speakers_audio_data/Speaker_0008/Speaker_0008_00074.wav,Speaker_0008,Speaker_0008_00074.wav,60.032
/Users/gertrudisrms/Documents/Kuliah/Semester 6/Speech Processing/Projek_FInal_Speaker_Identification/data/50_speakers_audio_data/Speaker_0008/Speaker_0008_00060.wav,Speaker_0008,Speaker_0008_00060.wav,60.032
/Users/gertrudisrms/Documents/Kuliah/Semester 6/Speech Processing/Projek_FInal_Speaker_Identification/data/50_speakers_audio_data/Speaker_0008/Speaker_0008_00048.wav,Speaker_0008,Speaker_0008_00048.wav,60.032
/Users/gertrudisrms/Documents/Kuliah/Semester 6/Speech Processing/Projek_FInal_Speaker_Identification/data/50_speakers_audio_data/Speaker_0008/Speaker_0008_00049.wav,Speaker_0008,Speaker_0008_00049.wav,60.032
/Users/gertrudisrms/Documents/Kuliah/Semester 6/Speech Processing/Projek_FInal_Speaker_Identification/data/50_speakers_audio_data/Speaker_0008/Speaker_0008_00061.wav,Speaker_0008,Speaker_0008_00061.wav,60.032
/Users/gertrudisrms/Documents/Kuliah/Semester 6/Speech Processing/Projek_FInal_Speaker_Identification/data/50_speakers_audio_data/Speaker_0008/Speaker_0008_00075.wav,Speaker_0008,Speaker_0008_00075.wav,59.904
/Users/gertrudisrms/Documents/Kuliah/Semester 6/Speech Processing/Projek_FInal_Speaker_Identification/data/50_speakers_audio_data/Speaker_0008/Speaker_0008_00059.wav,Speaker_0008,Speaker_0008_00059.wav,59.904
/Users/gertrudisrms/Documents/Kuliah/Semester 6/Speech Processing/Projek_FInal_Speaker_Identification/data/50_speakers_audio_data/Speaker_0008/Speaker_0008_00071.wav,Speaker_0008,Speaker_0008_00071.wav,59.904
/Users/gertrudisrms/Documents/Kuliah/Semester 6/Speech Processing/Projek_FInal_Speaker_Identification/data/50_speakers_audio_data/Speaker_0008/Speaker_0008_00065.wav,Speaker_0008,Speaker_0008_00065.wav,60.032
/Users/gertrudisrms/Documents/Kuliah/Semester 6/Speech Processing/Projek_FInal_Speaker_Identification/data/50_speakers_audio_data/Speaker_0008/Speaker_0008_00064.wav,Speaker_0008,Speaker_0008_00064.wav,60.032
/Users/gertrudisrms/Documents/Kuliah/Semester 6/Speech Processing/Projek_FInal_Speaker_Identification/data/50_speakers_audio_data/Speaker_0008/Speaker_0008_00070.wav,Speaker_0008,Speaker_0008_00070.wav,60.032
/Users/gertrudisrms/Documents/Kuliah/Semester 6/Speech Processing/Projek_FInal_Speaker_Identification/data/50_speakers_audio_data/Speaker_0008/Speaker_0008_00058.wav,Speaker_0008,Speaker_0008_00058.wav,60.032
/Users/gertrudisrms/Documents/Kuliah/Semester 6/Speech Processing/Projek_FInal_Speaker_Identification/data/50_speakers_audio_data/Speaker_0008/Speaker_0008_00066.wav,Speaker_0008,Speaker_0008_00066.wav,60.032
/Users/gertrudisrms/Documents/Kuliah/Semester 6/Speech Processing/Projek_FInal_Speaker_Identification/data/50_speakers_audio_data/Speaker_0008/Speaker_0008_00072.wav,Speaker_0008,Speaker_0008_00072.wav,60.032
/Users/gertrudisrms/Documents/Kuliah/Semester 6/Speech Processing/Projek_FInal_Speaker_Identification/data/50_speakers_audio_data/Speaker_0008/Speaker_0008_00073.wav,Speaker_0008,Speaker_0008_00073.wav,60.032
/Users/gertrudisrms/Documents/Kuliah/Semester 6/Speech Processing/Projek_FInal_Speaker_Identification/data/50_speakers_audio_data/Speaker_0008/Speaker_0008_00067.wav,Speaker_0008,Speaker_0008_00067.wav,59.904
/Users/gertrudisrms/Documents/Kuliah/Semester 6/Speech Processing/Projek_FInal_Speaker_Identification/data/50_speakers_audio_data/Speaker_0008/Speaker_0008_00098.wav,Speaker_0008,Speaker_0008_00098.wav,49.7319375
/Users/gertrudisrms/Documents/Kuliah/Semester 6/Speech Processing/Projek_FInal_Speaker_Identification/data/50_speakers_audio_data/Speaker_0008/Speaker_0008_00081.wav,Speaker_0008,Speaker_0008_00081.wav,60.032
/Users/gertrudisrms/Documents/Kuliah/Semester 6/Speech Processing/Projek_FInal_Speaker_Identification/data/50_speakers_audio_data/Speaker_0008/Speaker_0008_00095.wav,Speaker_0008,Speaker_0008_00095.wav,59.904
/Users/gertrudisrms/Documents/Kuliah/Semester 6/Speech Processing/Projek_FInal_Speaker_Identification/data/50_speakers_audio_data/Speaker_0008/Speaker_0008_00042.wav,Speaker_0008,Speaker_0008_00042.wav,60.032
/Users/gertrudisrms/Documents/Kuliah/Semester 6/Speech Processing/Projek_FInal_Speaker_Identification/data/50_speakers_audio_data/Speaker_0008/Speaker_0008_00056.wav,Speaker_0008,Speaker_0008_00056.wav,60.032
/Users/gertrudisrms/Documents/Kuliah/Semester 6/Speech Processing/Projek_FInal_Speaker_Identification/data/50_speakers_audio_data/Speaker_0008/Speaker_0008_00057.wav,Speaker_0008,Speaker_0008_00057.wav,60.032
/Users/gertrudisrms/Documents/Kuliah/Semester 6/Speech Processing/Projek_FInal_Speaker_Identification/data/50_speakers_audio_data/Speaker_0008/Speaker_0008_00043.wav,Speaker_0008,Speaker_0008_00043.wav,59.904
/Users/gertrudisrms/Documents/Kuliah/Semester 6/Speech Processing/Projek_FInal_Speaker_Identification/data/50_speakers_audio_data/Speaker_0008/Speaker_0008_00094.wav,Speaker_0008,Speaker_0008_00094.wav,60.032
/Users/gertrudisrms/Documents/Kuliah/Semester 6/Speech Processing/Projek_FInal_Speaker_Identification/data/50_speakers_audio_data/Speaker_0008/Speaker_0008_00080.wav,Speaker_0008,Speaker_0008_00080.wav,60.032
/Users/gertrudisrms/Documents/Kuliah/Semester 6/Speech Processing/Projek_FInal_Speaker_Identification/data/50_speakers_audio_data/Speaker_0008/Speaker_0008_00096.wav,Speaker_0008,Speaker_0008_00096.wav,60.032
/Users/gertrudisrms/Documents/Kuliah/Semester 6/Speech Processing/Projek_FInal_Speaker_Identification/data/50_speakers_audio_data/Speaker_0008/Speaker_0008_00082.wav,Speaker_0008,Speaker_0008_00082.wav,60.032
/Users/gertrudisrms/Documents/Kuliah/Semester 6/Speech Processing/Projek_FInal_Speaker_Identification/data/50_speakers_audio_data/Speaker_0008/Speaker_0008_00055.wav,Speaker_0008,Speaker_0008_00055.wav,59.904
/Users/gertrudisrms/Documents/Kuliah/Semester 6/Speech Processing/Projek_FInal_Speaker_Identification/data/50_speakers_audio_data/Speaker_0008/Speaker_0008_00041.wav,Speaker_0008,Speaker_0008_00041.wav,60.032
/Users/gertrudisrms/Documents/Kuliah/Semester 6/Speech Processing/Projek_FInal_Speaker_Identification/data/50_speakers_audio_data/Speaker_0008/Speaker_0008_00069.wav,Speaker_0008,Speaker_0008_00069.wav,60.032
/Users/gertrudisrms/Documents/Kuliah/Semester 6/Speech Processing/Projek_FInal_Speaker_Identification/data/50_speakers_audio_data/Speaker_0008/Speaker_0008_00068.wav,Speaker_0008,Speaker_0008_00068.wav,60.032
/Users/gertrudisrms/Documents/Kuliah/Semester 6/Speech Processing/Projek_FInal_Speaker_Identification/data/50_speakers_audio_data/Speaker_0008/Speaker_0008_00040.wav,Speaker_0008,Speaker_0008_00040.wav,60.032
/Users/gertrudisrms/Documents/Kuliah/Semester 6/Speech Processing/Projek_FInal_Speaker_Identification/data/50_speakers_audio_data/Speaker_0008/Speaker_0008_00054.wav,Speaker_0008,Speaker_0008_00054.wav,60.032
/Users/gertrudisrms/Documents/Kuliah/Semester 6/Speech Processing/Projek_FInal_Speaker_Identification/data/50_speakers_audio_data/Speaker_0008/Speaker_0008_00083.wav,Speaker_0008,Speaker_0008_00083.wav,59.904
/Users/gertrudisrms/Documents/Kuliah/Semester 6/Speech Processing/Projek_FInal_Speaker_Identification/data/50_speakers_audio_data/Speaker_0008/Speaker_0008_00097.wav,Speaker_0008,Speaker_0008_00097.wav,60.032
/Users/gertrudisrms/Documents/Kuliah/Semester 6/Speech Processing/Projek_FInal_Speaker_Identification/data/50_speakers_audio_data/Speaker_0008/Speaker_0008_00093.wav,Speaker_0008,Speaker_0008_00093.wav,60.032
/Users/gertrudisrms/Documents/Kuliah/Semester 6/Speech Processing/Projek_FInal_Speaker_Identification/data/50_speakers_audio_data/Speaker_0008/Speaker_0008_00087.wav,Speaker_0008,Speaker_0008_00087.wav,59.904
/Users/gertrudisrms/Documents/Kuliah/Semester 6/Speech Processing/Projek_FInal_Speaker_Identification/data/50_speakers_audio_data/Speaker_0008/Speaker_0008_00078.wav,Speaker_0008,Speaker_0008_00078.wav,60.032
/Users/gertrudisrms/Documents/Kuliah/Semester 6/Speech Processing/Projek_FInal_Speaker_Identification/data/50_speakers_audio_data/Speaker_0008/Speaker_0008_00050.wav,Speaker_0008,Speaker_0008_00050.wav,60.032
/Users/gertrudisrms/Documents/Kuliah/Semester 6/Speech Processing/Projek_FInal_Speaker_Identification/data/50_speakers_audio_data/Speaker_0008/Speaker_0008_00044.wav,Speaker_0008,Speaker_0008_00044.wav,60.032
/Users/gertrudisrms/Documents/Kuliah/Semester 6/Speech Processing/Projek_FInal_Speaker_Identification/data/50_speakers_audio_data/Speaker_0008/Speaker_0008_00045.wav,Speaker_0008,Speaker_0008_00045.wav,60.032
/Users/gertrudisrms/Documents/Kuliah/Semester 6/Speech Processing/Projek_FInal_Speaker_Identification/data/50_speakers_audio_data/Speaker_0008/Speaker_0008_00051.wav,Speaker_0008,Speaker_0008_00051.wav,59.904
/Users/gertrudisrms/Documents/Kuliah/Semester 6/Speech Processing/Projek_FInal_Speaker_Identification/data/50_speakers_audio_data/Speaker_0008/Speaker_0008_00079.wav,Speaker_0008,Speaker_0008_00079.wav,59.904
/Users/gertrudisrms/Documents/Kuliah/Semester 6/Speech Processing/Projek_FInal_Speaker_Identification/data/50_speakers_audio_data/Speaker_0008/Speaker_0008_00086.wav,Speaker_0008,Speaker_0008_00086.wav,60.032
/Users/gertrudisrms/Documents/Kuliah/Semester 6/Speech Processing/Projek_FInal_Speaker_Identification/data/50_speakers_audio_data/Speaker_0008/Speaker_0008_00092.wav,Speaker_0008,Speaker_0008_00092.wav,60.032
/Users/gertrudisrms/Documents/Kuliah/Semester 6/Speech Processing/Projek_FInal_Speaker_Identification/data/50_speakers_audio_data/Speaker_0008/Speaker_0008_00084.wav,Speaker_0008,Speaker_0008_00084.wav,60.032
/Users/gertrudisrms/Documents/Kuliah/Semester 6/Speech Processing/Projek_FInal_Speaker_Identification/data/50_speakers_audio_data/Speaker_0008/Speaker_0008_00090.wav,Speaker_0008,Speaker_0008_00090.wav,60.032
/Users/gertrudisrms/Documents/Kuliah/Semester 6/Speech Processing/Projek_FInal_Speaker_Identification/data/50_speakers_audio_data/Speaker_0008/Speaker_0008_00047.wav,Speaker_0008,Speaker_0008_00047.wav,59.904
/Users/gertrudisrms/Documents/Kuliah/Semester 6/Speech Processing/Projek_FInal_Speaker_Identification/data/50_speakers_audio_data/Speaker_0008/Speaker_0008_00053.wav,Speaker_0008,Speaker_0008_00053.wav,60.032
/Users/gertrudisrms/Documents/Kuliah/Semester 6/Speech Processing/Projek_FInal_Speaker_Identification/data/50_speakers_audio_data/Speaker_0008/Speaker_0008_00052.wav,Speaker_0008,Speaker_0008_00052.wav,60.032
/Users/gertrudisrms/Documents/Kuliah/Semester 6/Speech Processing/Projek_FInal_Speaker_Identification/data/50_speakers_audio_data/Speaker_0008/Speaker_0008_00046.wav,Speaker_0008,Speaker_0008_00046.wav,60.032
/Users/gertrudisrms/Documents/Kuliah/Semester 6/Speech Processing/Projek_FInal_Speaker_Identification/data/50_speakers_audio_data/Speaker_0008/Speaker_0008_00091.wav,Speaker_0008,Speaker_0008_00091.wav,59.904
/Users/gertrudisrms/Documents/Kuliah/Semester 6/Speech Processing/Projek_FInal_Speaker_Identification/data/50_speakers_audio_data/Speaker_0008/Speaker_0008_00085.wav,Speaker_0008,Speaker_0008_00085.wav,60.032
/Users/gertrudisrms/Documents/Kuliah/Semester 6/Speech Processing/Projek_FInal_Speaker_Identification/data/50_speakers_audio_data/Speaker_0008/Speaker_0008_00021.wav,Speaker_0008,Speaker_0008_00021.wav,60.032
/Users/gertrudisrms/Documents/Kuliah/Semester 6/Speech Processing/Projek_FInal_Speaker_Identification/data/50_speakers_audio_data/Speaker_0008/Speaker_0008_00035.wav,Speaker_0008,Speaker_0008_00035.wav,59.904
/Users/gertrudisrms/Documents/Kuliah/Semester 6/Speech Processing/Projek_FInal_Speaker_Identification/data/50_speakers_audio_data/Speaker_0008/Speaker_0008_00009.wav,Speaker_0008,Speaker_0008_00009.wav,60.032
/Users/gertrudisrms/Documents/Kuliah/Semester 6/Speech Processing/Projek_FInal_Speaker_Identification/data/50_speakers_audio_data/Speaker_0008/Speaker_0008_00008.wav,Speaker_0008,Speaker_0008_00008.wav,60.032
/Users/gertrudisrms/Documents/Kuliah/Semester 6/Speech Processing/Projek_FInal_Speaker_Identification/data/50_speakers_audio_data/Speaker_0008/Speaker_0008_00034.wav,Speaker_0008,Speaker_0008_00034.wav,60.032
/Users/gertrudisrms/Documents/Kuliah/Semester 6/Speech Processing/Projek_FInal_Speaker_Identification/data/50_speakers_audio_data/Speaker_0008/Speaker_0008_00020.wav,Speaker_0008,Speaker_0008_00020.wav,60.032
/Users/gertrudisrms/Documents/Kuliah/Semester 6/Speech Processing/Projek_FInal_Speaker_Identification/data/50_speakers_audio_data/Speaker_0008/Speaker_0008_00036.wav,Speaker_0008,Speaker_0008_00036.wav,60.032
/Users/gertrudisrms/Documents/Kuliah/Semester 6/Speech Processing/Projek_FInal_Speaker_Identification/data/50_speakers_audio_data/Speaker_0008/Speaker_0008_00022.wav,Speaker_0008,Speaker_0008_00022.wav,60.032
/Users/gertrudisrms/Documents/Kuliah/Semester 6/Speech Processing/Projek_FInal_Speaker_Identification/data/50_speakers_audio_data/Speaker_0008/Speaker_0008_00023.wav,Speaker_0008,Speaker_0008_00023.wav,59.904
/Users/gertrudisrms/Documents/Kuliah/Semester 6/Speech Processing/Projek_FInal_Speaker_Identification/data/50_speakers_audio_data/Speaker_0008/Speaker_0008_00037.wav,Speaker_0008,Speaker_0008_00037.wav,60.032
/Users/gertrudisrms/Documents/Kuliah/Semester 6/Speech Processing/Projek_FInal_Speaker_Identification/data/50_speakers_audio_data/Speaker_0008/Speaker_0008_00033.wav,Speaker_0008,Speaker_0008_00033.wav,60.032
/Users/gertrudisrms/Documents/Kuliah/Semester 6/Speech Processing/Projek_FInal_Speaker_Identification/data/50_speakers_audio_data/Speaker_0008/Speaker_0008_00027.wav,Speaker_0008,Speaker_0008_00027.wav,59.904
/Users/gertrudisrms/Documents/Kuliah/Semester 6/Speech Processing/Projek_FInal_Speaker_Identification/data/50_speakers_audio_data/Speaker_0008/Speaker_0008_00026.wav,Speaker_0008,Speaker_0008_00026.wav,60.032
/Users/gertrudisrms/Documents/Kuliah/Semester 6/Speech Processing/Projek_FInal_Speaker_Identification/data/50_speakers_audio_data/Speaker_0008/Speaker_0008_00032.wav,Speaker_0008,Speaker_0008_00032.wav,60.032
/Users/gertrudisrms/Documents/Kuliah/Semester 6/Speech Processing/Projek_FInal_Speaker_Identification/data/50_speakers_audio_data/Speaker_0008/Speaker_0008_00018.wav,Speaker_0008,Speaker_0008_00018.wav,60.032
/Users/gertrudisrms/Documents/Kuliah/Semester 6/Speech Processing/Projek_FInal_Speaker_Identification/data/50_speakers_audio_data/Speaker_0008/Speaker_0008_00024.wav,Speaker_0008,Speaker_0008_00024.wav,60.032
/Users/gertrudisrms/Documents/Kuliah/Semester 6/Speech Processing/Projek_FInal_Speaker_Identification/data/50_speakers_audio_data/Speaker_0008/Speaker_0008_00030.wav,Speaker_0008,Speaker_0008_00030.wav,60.032
/Users/gertrudisrms/Documents/Kuliah/Semester 6/Speech Processing/Projek_FInal_Speaker_Identification/data/50_speakers_audio_data/Speaker_0008/Speaker_0008_00031.wav,Speaker_0008,Speaker_0008_00031.wav,59.904
/Users/gertrudisrms/Documents/Kuliah/Semester 6/Speech Processing/Projek_FInal_Speaker_Identification/data/50_speakers_audio_data/Speaker_0008/Speaker_0008_00025.wav,Speaker_0008,Speaker_0008_00025.wav,60.032
/Users/gertrudisrms/Documents/Kuliah/Semester 6/Speech Processing/Projek_FInal_Speaker_Identification/data/50_speakers_audio_data/Speaker_0008/Speaker_0008_00019.wav,Speaker_0008,Speaker_0008_00019.wav,59.904
/Users/gertrudisrms/Documents/Kuliah/Semester 6/Speech Processing/Projek_FInal_Speaker_Identification/data/50_speakers_audio_data/Speaker_0009/Speaker_0009_00063.wav,Speaker_0009,Speaker_0009_00063.wav,59.904
/Users/gertrudisrms/Documents/Kuliah/Semester 6/Speech Processing/Projek_FInal_Speaker_Identification/data/50_speakers_audio_data/Speaker_0009/Speaker_0009_00062.wav,Speaker_0009,Speaker_0009_00062.wav,60.032
/Users/gertrudisrms/Documents/Kuliah/Semester 6/Speech Processing/Projek_FInal_Speaker_Identification/data/50_speakers_audio_data/Speaker_0009/Speaker_0009_00048.wav,Speaker_0009,Speaker_0009_00048.wav,60.032
/Users/gertrudisrms/Documents/Kuliah/Semester 6/Speech Processing/Projek_FInal_Speaker_Identification/data/50_speakers_audio_data/Speaker_0009/Speaker_0009_00060.wav,Speaker_0009,Speaker_0009_00060.wav,60.032
/Users/gertrudisrms/Documents/Kuliah/Semester 6/Speech Processing/Projek_FInal_Speaker_Identification/data/50_speakers_audio_data/Speaker_0009/Speaker_0009_00061.wav,Speaker_0009,Speaker_0009_00061.wav,60.032
/Users/gertrudisrms/Documents/Kuliah/Semester 6/Speech Processing/Projek_FInal_Speaker_Identification/data/50_speakers_audio_data/Speaker_0009/Speaker_0009_00049.wav,Speaker_0009,Speaker_0009_00049.wav,60.032
/Users/gertrudisrms/Documents/Kuliah/Semester 6/Speech Processing/Projek_FInal_Speaker_Identification/data/50_speakers_audio_data/Speaker_0009/Speaker_0009_00059.wav,Speaker_0009,Speaker_0009_00059.wav,59.904
/Users/gertrudisrms/Documents/Kuliah/Semester 6/Speech Processing/Projek_FInal_Speaker_Identification/data/50_speakers_audio_data/Speaker_0009/Speaker_0009_00058.wav,Speaker_0009,Speaker_0009_00058.wav,60.032
/Users/gertrudisrms/Documents/Kuliah/Semester 6/Speech Processing/Projek_FInal_Speaker_Identification/data/50_speakers_audio_data/Speaker_0009/Speaker_0009_00064.wav,Speaker_0009,Speaker_0009_00064.wav,5.897875
/Users/gertrudisrms/Documents/Kuliah/Semester 6/Speech Processing/Projek_FInal_Speaker_Identification/data/50_speakers_audio_data/Speaker_0009/Speaker_0009_00028.wav,Speaker_0009,Speaker_0009_00028.wav,60.032
/Users/gertrudisrms/Documents/Kuliah/Semester 6/Speech Processing/Projek_FInal_Speaker_Identification/data/50_speakers_audio_data/Speaker_0009/Speaker_0009_00000.wav,Speaker_0009,Speaker_0009_00000.wav,60.032
/Users/gertrudisrms/Documents/Kuliah/Semester 6/Speech Processing/Projek_FInal_Speaker_Identification/data/50_speakers_audio_data/Speaker_0009/Speaker_0009_00014.wav,Speaker_0009,Speaker_0009_00014.wav,60.032
/Users/gertrudisrms/Documents/Kuliah/Semester 6/Speech Processing/Projek_FInal_Speaker_Identification/data/50_speakers_audio_data/Speaker_0009/Speaker_0009_00015.wav,Speaker_0009,Speaker_0009_00015.wav,59.904
/Users/gertrudisrms/Documents/Kuliah/Semester 6/Speech Processing/Projek_FInal_Speaker_Identification/data/50_speakers_audio_data/Speaker_0009/Speaker_0009_00001.wav,Speaker_0009,Speaker_0009_00001.wav,60.032
/Users/gertrudisrms/Documents/Kuliah/Semester 6/Speech Processing/Projek_FInal_Speaker_Identification/data/50_speakers_audio_data/Speaker_0009/Speaker_0009_00029.wav,Speaker_0009,Speaker_0009_00029.wav,60.032
/Users/gertrudisrms/Documents/Kuliah/Semester 6/Speech Processing/Projek_FInal_Speaker_Identification/data/50_speakers_audio_data/Speaker_0009/Speaker_0009_00017.wav,Speaker_0009,Speaker_0009_00017.wav,60.032
/Users/gertrudisrms/Documents/Kuliah/Semester 6/Speech Processing/Projek_FInal_Speaker_Identification/data/50_speakers_audio_data/Speaker_0009/Speaker_0009_00003.wav,Speaker_0009,Speaker_0009_00003.wav,59.904
/Users/gertrudisrms/Documents/Kuliah/Semester 6/Speech Processing/Projek_FInal_Speaker_Identification/data/50_speakers_audio_data/Speaker_0009/Speaker_0009_00002.wav,Speaker_0009,Speaker_0009_00002.wav,60.032
/Users/gertrudisrms/Documents/Kuliah/Semester 6/Speech Processing/Projek_FInal_Speaker_Identification/data/50_speakers_audio_data/Speaker_0009/Speaker_0009_00016.wav,Speaker_0009,Speaker_0009_00016.wav,60.032
/Users/gertrudisrms/Documents/Kuliah/Semester 6/Speech Processing/Projek_FInal_Speaker_Identification/data/50_speakers_audio_data/Speaker_0009/Speaker_0009_00012.wav,Speaker_0009,Speaker_0009_00012.wav,60.032
/Users/gertrudisrms/Documents/Kuliah/Semester 6/Speech Processing/Projek_FInal_Speaker_Identification/data/50_speakers_audio_data/Speaker_0009/Speaker_0009_00006.wav,Speaker_0009,Speaker_0009_00006.wav,60.032
/Users/gertrudisrms/Documents/Kuliah/Semester 6/Speech Processing/Projek_FInal_Speaker_Identification/data/50_speakers_audio_data/Speaker_0009/Speaker_0009_00007.wav,Speaker_0009,Speaker_0009_00007.wav,59.904
/Users/gertrudisrms/Documents/Kuliah/Semester 6/Speech Processing/Projek_FInal_Speaker_Identification/data/50_speakers_audio_data/Speaker_0009/Speaker_0009_00013.wav,Speaker_0009,Speaker_0009_00013.wav,60.032
/Users/gertrudisrms/Documents/Kuliah/Semester 6/Speech Processing/Projek_FInal_Speaker_Identification/data/50_speakers_audio_data/Speaker_0009/Speaker_0009_00005.wav,Speaker_0009,Speaker_0009_00005.wav,60.032
/Users/gertrudisrms/Documents/Kuliah/Semester 6/Speech Processing/Projek_FInal_Speaker_Identification/data/50_speakers_audio_data/Speaker_0009/Speaker_0009_00011.wav,Speaker_0009,Speaker_0009_00011.wav,59.904
/Users/gertrudisrms/Documents/Kuliah/Semester 6/Speech Processing/Projek_FInal_Speaker_Identification/data/50_speakers_audio_data/Speaker_0009/Speaker_0009_00039.wav,Speaker_0009,Speaker_0009_00039.wav,59.904
/Users/gertrudisrms/Documents/Kuliah/Semester 6/Speech Processing/Projek_FInal_Speaker_Identification/data/50_speakers_audio_data/Speaker_0009/Speaker_0009_00038.wav,Speaker_0009,Speaker_0009_00038.wav,60.032
/Users/gertrudisrms/Documents/Kuliah/Semester 6/Speech Processing/Projek_FInal_Speaker_Identification/data/50_speakers_audio_data/Speaker_0009/Speaker_0009_00010.wav,Speaker_0009,Speaker_0009_00010.wav,60.032
/Users/gertrudisrms/Documents/Kuliah/Semester 6/Speech Processing/Projek_FInal_Speaker_Identification/data/50_speakers_audio_data/Speaker_0009/Speaker_0009_00004.wav,Speaker_0009,Speaker_0009_00004.wav,60.032
/Users/gertrudisrms/Documents/Kuliah/Semester 6/Speech Processing/Projek_FInal_Speaker_Identification/data/50_speakers_audio_data/Speaker_0009/Speaker_0009_00009.wav,Speaker_0009,Speaker_0009_00009.wav,60.032
/Users/gertrudisrms/Documents/Kuliah/Semester 6/Speech Processing/Projek_FInal_Speaker_Identification/data/50_speakers_audio_data/Speaker_0009/Speaker_0009_00021.wav,Speaker_0009,Speaker_0009_00021.wav,60.032
/Users/gertrudisrms/Documents/Kuliah/Semester 6/Speech Processing/Projek_FInal_Speaker_Identification/data/50_speakers_audio_data/Speaker_0009/Speaker_0009_00035.wav,Speaker_0009,Speaker_0009_00035.wav,59.904
/Users/gertrudisrms/Documents/Kuliah/Semester 6/Speech Processing/Projek_FInal_Speaker_Identification/data/50_speakers_audio_data/Speaker_0009/Speaker_0009_00034.wav,Speaker_0009,Speaker_0009_00034.wav,60.032
/Users/gertrudisrms/Documents/Kuliah/Semester 6/Speech Processing/Projek_FInal_Speaker_Identification/data/50_speakers_audio_data/Speaker_0009/Speaker_0009_00020.wav,Speaker_0009,Speaker_0009_00020.wav,60.032
/Users/gertrudisrms/Documents/Kuliah/Semester 6/Speech Processing/Projek_FInal_Speaker_Identification/data/50_speakers_audio_data/Speaker_0009/Speaker_0009_00008.wav,Speaker_0009,Speaker_0009_00008.wav,60.032
/Users/gertrudisrms/Documents/Kuliah/Semester 6/Speech Processing/Projek_FInal_Speaker_Identification/data/50_speakers_audio_data/Speaker_0009/Speaker_0009_00036.wav,Speaker_0009,Speaker_0009_00036.wav,60.032
/Users/gertrudisrms/Documents/Kuliah/Semester 6/Speech Processing/Projek_FInal_Speaker_Identification/data/50_speakers_audio_data/Speaker_0009/Speaker_0009_00022.wav,Speaker_0009,Speaker_0009_00022.wav,60.032
/Users/gertrudisrms/Documents/Kuliah/Semester 6/Speech Processing/Projek_FInal_Speaker_Identification/data/50_speakers_audio_data/Speaker_0009/Speaker_0009_00023.wav,Speaker_0009,Speaker_0009_00023.wav,59.904
/Users/gertrudisrms/Documents/Kuliah/Semester 6/Speech Processing/Projek_FInal_Speaker_Identification/data/50_speakers_audio_data/Speaker_0009/Speaker_0009_00037.wav,Speaker_0009,Speaker_0009_00037.wav,60.032
/Users/gertrudisrms/Documents/Kuliah/Semester 6/Speech Processing/Projek_FInal_Speaker_Identification/data/50_speakers_audio_data/Speaker_0009/Speaker_0009_00033.wav,Speaker_0009,Speaker_0009_00033.wav,60.032
/Users/gertrudisrms/Documents/Kuliah/Semester 6/Speech Processing/Projek_FInal_Speaker_Identification/data/50_speakers_audio_data/Speaker_0009/Speaker_0009_00027.wav,Speaker_0009,Speaker_0009_00027.wav,59.904
/Users/gertrudisrms/Documents/Kuliah/Semester 6/Speech Processing/Projek_FInal_Speaker_Identification/data/50_speakers_audio_data/Speaker_0009/Speaker_0009_00026.wav,Speaker_0009,Speaker_0009_00026.wav,60.032
/Users/gertrudisrms/Documents/Kuliah/Semester 6/Speech Processing/Projek_FInal_Speaker_Identification/data/50_speakers_audio_data/Speaker_0009/Speaker_0009_00032.wav,Speaker_0009,Speaker_0009_00032.wav,60.032
/Users/gertrudisrms/Documents/Kuliah/Semester 6/Speech Processing/Projek_FInal_Speaker_Identification/data/50_speakers_audio_data/Speaker_0009/Speaker_0009_00024.wav,Speaker_0009,Speaker_0009_00024.wav,60.032
/Users/gertrudisrms/Documents/Kuliah/Semester 6/Speech Processing/Projek_FInal_Speaker_Identification/data/50_speakers_audio_data/Speaker_0009/Speaker_0009_00030.wav,Speaker_0009,Speaker_0009_00030.wav,60.032
/Users/gertrudisrms/Documents/Kuliah/Semester 6/Speech Processing/Projek_FInal_Speaker_Identification/data/50_speakers_audio_data/Speaker_0009/Speaker_0009_00018.wav,Speaker_0009,Speaker_0009_00018.wav,60.032
/Users/gertrudisrms/Documents/Kuliah/Semester 6/Speech Processing/Projek_FInal_Speaker_Identification/data/50_speakers_audio_data/Speaker_0009/Speaker_0009_00019.wav,Speaker_0009,Speaker_0009_00019.wav,59.904
/Users/gertrudisrms/Documents/Kuliah/Semester 6/Speech Processing/Projek_FInal_Speaker_Identification/data/50_speakers_audio_data/Speaker_0009/Speaker_0009_00031.wav,Speaker_0009,Speaker_0009_00031.wav,59.904
/Users/gertrudisrms/Documents/Kuliah/Semester 6/Speech Processing/Projek_FInal_Speaker_Identification/data/50_speakers_audio_data/Speaker_0009/Speaker_0009_00025.wav,Speaker_0009,Speaker_0009_00025.wav,60.032
/Users/gertrudisrms/Documents/Kuliah/Semester 6/Speech Processing/Projek_FInal_Speaker_Identification/data/50_speakers_audio_data/Speaker_0009/Speaker_0009_00042.wav,Speaker_0009,Speaker_0009_00042.wav,60.032
/Users/gertrudisrms/Documents/Kuliah/Semester 6/Speech Processing/Projek_FInal_Speaker_Identification/data/50_speakers_audio_data/Speaker_0009/Speaker_0009_00056.wav,Speaker_0009,Speaker_0009_00056.wav,60.032
/Users/gertrudisrms/Documents/Kuliah/Semester 6/Speech Processing/Projek_FInal_Speaker_Identification/data/50_speakers_audio_data/Speaker_0009/Speaker_0009_00057.wav,Speaker_0009,Speaker_0009_00057.wav,60.032
/Users/gertrudisrms/Documents/Kuliah/Semester 6/Speech Processing/Projek_FInal_Speaker_Identification/data/50_speakers_audio_data/Speaker_0009/Speaker_0009_00043.wav,Speaker_0009,Speaker_0009_00043.wav,59.904
/Users/gertrudisrms/Documents/Kuliah/Semester 6/Speech Processing/Projek_FInal_Speaker_Identification/data/50_speakers_audio_data/Speaker_0009/Speaker_0009_00055.wav,Speaker_0009,Speaker_0009_00055.wav,59.904
/Users/gertrudisrms/Documents/Kuliah/Semester 6/Speech Processing/Projek_FInal_Speaker_Identification/data/50_speakers_audio_data/Speaker_0009/Speaker_0009_00041.wav,Speaker_0009,Speaker_0009_00041.wav,60.032
/Users/gertrudisrms/Documents/Kuliah/Semester 6/Speech Processing/Projek_FInal_Speaker_Identification/data/50_speakers_audio_data/Speaker_0009/Speaker_0009_00040.wav,Speaker_0009,Speaker_0009_00040.wav,60.032
/Users/gertrudisrms/Documents/Kuliah/Semester 6/Speech Processing/Projek_FInal_Speaker_Identification/data/50_speakers_audio_data/Speaker_0009/Speaker_0009_00054.wav,Speaker_0009,Speaker_0009_00054.wav,60.032
/Users/gertrudisrms/Documents/Kuliah/Semester 6/Speech Processing/Projek_FInal_Speaker_Identification/data/50_speakers_audio_data/Speaker_0009/Speaker_0009_00050.wav,Speaker_0009,Speaker_0009_00050.wav,60.032
/Users/gertrudisrms/Documents/Kuliah/Semester 6/Speech Processing/Projek_FInal_Speaker_Identification/data/50_speakers_audio_data/Speaker_0009/Speaker_0009_00044.wav,Speaker_0009,Speaker_0009_00044.wav,60.032
/Users/gertrudisrms/Documents/Kuliah/Semester 6/Speech Processing/Projek_FInal_Speaker_Identification/data/50_speakers_audio_data/Speaker_0009/Speaker_0009_00045.wav,Speaker_0009,Speaker_0009_00045.wav,60.032
/Users/gertrudisrms/Documents/Kuliah/Semester 6/Speech Processing/Projek_FInal_Speaker_Identification/data/50_speakers_audio_data/Speaker_0009/Speaker_0009_00051.wav,Speaker_0009,Speaker_0009_00051.wav,59.904
/Users/gertrudisrms/Documents/Kuliah/Semester 6/Speech Processing/Projek_FInal_Speaker_Identification/data/50_speakers_audio_data/Speaker_0009/Speaker_0009_00047.wav,Speaker_0009,Speaker_0009_00047.wav,59.904
/Users/gertrudisrms/Documents/Kuliah/Semester 6/Speech Processing/Projek_FInal_Speaker_Identification/data/50_speakers_audio_data/Speaker_0009/Speaker_0009_00053.wav,Speaker_0009,Speaker_0009_00053.wav,60.032
/Users/gertrudisrms/Documents/Kuliah/Semester 6/Speech Processing/Projek_FInal_Speaker_Identification/data/50_speakers_audio_data/Speaker_0009/Speaker_0009_00052.wav,Speaker_0009,Speaker_0009_00052.wav,60.032
/Users/gertrudisrms/Documents/Kuliah/Semester 6/Speech Processing/Projek_FInal_Speaker_Identification/data/50_speakers_audio_data/Speaker_0009/Speaker_0009_00046.wav,Speaker_0009,Speaker_0009_00046.wav,60.032
/Users/gertrudisrms/Documents/Kuliah/Semester 6/Speech Processing/Projek_FInal_Speaker_Identification/data/50_speakers_audio_data/Speaker_0000/Speaker_0000_00030.wav,Speaker_0000,Speaker_0000_00030.wav,60.032
/Users/gertrudisrms/Documents/Kuliah/Semester 6/Speech Processing/Projek_FInal_Speaker_Identification/data/50_speakers_audio_data/Speaker_0000/Speaker_0000_00024.wav,Speaker_0000,Speaker_0000_00024.wav,60.032
/Users/gertrudisrms/Documents/Kuliah/Semester 6/Speech Processing/Projek_FInal_Speaker_Identification/data/50_speakers_audio_data/Speaker_0000/Speaker_0000_00018.wav,Speaker_0000,Speaker_0000_00018.wav,60.032
/Users/gertrudisrms/Documents/Kuliah/Semester 6/Speech Processing/Projek_FInal_Speaker_Identification/data/50_speakers_audio_data/Speaker_0000/Speaker_0000_00019.wav,Speaker_0000,Speaker_0000_00019.wav,59.904
/Users/gertrudisrms/Documents/Kuliah/Semester 6/Speech Processing/Projek_FInal_Speaker_Identification/data/50_speakers_audio_data/Speaker_0000/Speaker_0000_00025.wav,Speaker_0000,Speaker_0000_00025.wav,60.032
/Users/gertrudisrms/Documents/Kuliah/Semester 6/Speech Processing/Projek_FInal_Speaker_Identification/data/50_speakers_audio_data/Speaker_0000/Speaker_0000_00031.wav,Speaker_0000,Speaker_0000_00031.wav,59.904
/Users/gertrudisrms/Documents/Kuliah/Semester 6/Speech Processing/Projek_FInal_Speaker_Identification/data/50_speakers_audio_data/Speaker_0000/Speaker_0000_00027.wav,Speaker_0000,Speaker_0000_00027.wav,59.904
/Users/gertrudisrms/Documents/Kuliah/Semester 6/Speech Processing/Projek_FInal_Speaker_Identification/data/50_speakers_audio_data/Speaker_0000/Speaker_0000_00033.wav,Speaker_0000,Speaker_0000_00033.wav,60.032
/Users/gertrudisrms/Documents/Kuliah/Semester 6/Speech Processing/Projek_FInal_Speaker_Identification/data/50_speakers_audio_data/Speaker_0000/Speaker_0000_00032.wav,Speaker_0000,Speaker_0000_00032.wav,60.032
/Users/gertrudisrms/Documents/Kuliah/Semester 6/Speech Processing/Projek_FInal_Speaker_Identification/data/50_speakers_audio_data/Speaker_0000/Speaker_0000_00026.wav,Speaker_0000,Speaker_0000_00026.wav,60.032
/Users/gertrudisrms/Documents/Kuliah/Semester 6/Speech Processing/Projek_FInal_Speaker_Identification/data/50_speakers_audio_data/Speaker_0000/Speaker_0000_00022.wav,Speaker_0000,Speaker_0000_00022.wav,60.032
/Users/gertrudisrms/Documents/Kuliah/Semester 6/Speech Processing/Projek_FInal_Speaker_Identification/data/50_speakers_audio_data/Speaker_0000/Speaker_0000_00036.wav,Speaker_0000,Speaker_0000_00036.wav,60.032
/Users/gertrudisrms/Documents/Kuliah/Semester 6/Speech Processing/Projek_FInal_Speaker_Identification/data/50_speakers_audio_data/Speaker_0000/Speaker_0000_00037.wav,Speaker_0000,Speaker_0000_00037.wav,60.032
/Users/gertrudisrms/Documents/Kuliah/Semester 6/Speech Processing/Projek_FInal_Speaker_Identification/data/50_speakers_audio_data/Speaker_0000/Speaker_0000_00023.wav,Speaker_0000,Speaker_0000_00023.wav,59.904
/Users/gertrudisrms/Documents/Kuliah/Semester 6/Speech Processing/Projek_FInal_Speaker_Identification/data/50_speakers_audio_data/Speaker_0000/Speaker_0000_00009.wav,Speaker_0000,Speaker_0000_00009.wav,60.032
/Users/gertrudisrms/Documents/Kuliah/Semester 6/Speech Processing/Projek_FInal_Speaker_Identification/data/50_speakers_audio_data/Speaker_0000/Speaker_0000_00035.wav,Speaker_0000,Speaker_0000_00035.wav,59.904
/Users/gertrudisrms/Documents/Kuliah/Semester 6/Speech Processing/Projek_FInal_Speaker_Identification/data/50_speakers_audio_data/Speaker_0000/Speaker_0000_00021.wav,Speaker_0000,Speaker_0000_00021.wav,60.032
/Users/gertrudisrms/Documents/Kuliah/Semester 6/Speech Processing/Projek_FInal_Speaker_Identification/data/50_speakers_audio_data/Speaker_0000/Speaker_0000_00020.wav,Speaker_0000,Speaker_0000_00020.wav,60.032
/Users/gertrudisrms/Documents/Kuliah/Semester 6/Speech Processing/Projek_FInal_Speaker_Identification/data/50_speakers_audio_data/Speaker_0000/Speaker_0000_00034.wav,Speaker_0000,Speaker_0000_00034.wav,60.032
/Users/gertrudisrms/Documents/Kuliah/Semester 6/Speech Processing/Projek_FInal_Speaker_Identification/data/50_speakers_audio_data/Speaker_0000/Speaker_0000_00008.wav,Speaker_0000,Speaker_0000_00008.wav,60.032
/Users/gertrudisrms/Documents/Kuliah/Semester 6/Speech Processing/Projek_FInal_Speaker_Identification/data/50_speakers_audio_data/Speaker_0000/Speaker_0000_00090.wav,Speaker_0000,Speaker_0000_00090.wav,60.032
/Users/gertrudisrms/Documents/Kuliah/Semester 6/Speech Processing/Projek_FInal_Speaker_Identification/data/50_speakers_audio_data/Speaker_0000/Speaker_0000_00084.wav,Speaker_0000,Speaker_0000_00084.wav,60.032
/Users/gertrudisrms/Documents/Kuliah/Semester 6/Speech Processing/Projek_FInal_Speaker_Identification/data/50_speakers_audio_data/Speaker_0000/Speaker_0000_00053.wav,Speaker_0000,Speaker_0000_00053.wav,60.032
/Users/gertrudisrms/Documents/Kuliah/Semester 6/Speech Processing/Projek_FInal_Speaker_Identification/data/50_speakers_audio_data/Speaker_0000/Speaker_0000_00047.wav,Speaker_0000,Speaker_0000_00047.wav,59.904
/Users/gertrudisrms/Documents/Kuliah/Semester 6/Speech Processing/Projek_FInal_Speaker_Identification/data/50_speakers_audio_data/Speaker_0000/Speaker_0000_00046.wav,Speaker_0000,Speaker_0000_00046.wav,60.032
/Users/gertrudisrms/Documents/Kuliah/Semester 6/Speech Processing/Projek_FInal_Speaker_Identification/data/50_speakers_audio_data/Speaker_0000/Speaker_0000_00052.wav,Speaker_0000,Speaker_0000_00052.wav,60.032
/Users/gertrudisrms/Documents/Kuliah/Semester 6/Speech Processing/Projek_FInal_Speaker_Identification/data/50_speakers_audio_data/Speaker_0000/Speaker_0000_00085.wav,Speaker_0000,Speaker_0000_00085.wav,60.032
/Users/gertrudisrms/Documents/Kuliah/Semester 6/Speech Processing/Projek_FInal_Speaker_Identification/data/50_speakers_audio_data/Speaker_0000/Speaker_0000_00091.wav,Speaker_0000,Speaker_0000_00091.wav,59.904
/Users/gertrudisrms/Documents/Kuliah/Semester 6/Speech Processing/Projek_FInal_Speaker_Identification/data/50_speakers_audio_data/Speaker_0000/Speaker_0000_00087.wav,Speaker_0000,Speaker_0000_00087.wav,59.904
/Users/gertrudisrms/Documents/Kuliah/Semester 6/Speech Processing/Projek_FInal_Speaker_Identification/data/50_speakers_audio_data/Speaker_0000/Speaker_0000_00044.wav,Speaker_0000,Speaker_0000_00044.wav,60.032
/Users/gertrudisrms/Documents/Kuliah/Semester 6/Speech Processing/Projek_FInal_Speaker_Identification/data/50_speakers_audio_data/Speaker_0000/Speaker_0000_00050.wav,Speaker_0000,Speaker_0000_00050.wav,60.032
/Users/gertrudisrms/Documents/Kuliah/Semester 6/Speech Processing/Projek_FInal_Speaker_Identification/data/50_speakers_audio_data/Speaker_0000/Speaker_0000_00078.wav,Speaker_0000,Speaker_0000_00078.wav,60.032
/Users/gertrudisrms/Documents/Kuliah/Semester 6/Speech Processing/Projek_FInal_Speaker_Identification/data/50_speakers_audio_data/Speaker_0000/Speaker_0000_00079.wav,Speaker_0000,Speaker_0000_00079.wav,59.904
/Users/gertrudisrms/Documents/Kuliah/Semester 6/Speech Processing/Projek_FInal_Speaker_Identification/data/50_speakers_audio_data/Speaker_0000/Speaker_0000_00051.wav,Speaker_0000,Speaker_0000_00051.wav,59.904
/Users/gertrudisrms/Documents/Kuliah/Semester 6/Speech Processing/Projek_FInal_Speaker_Identification/data/50_speakers_audio_data/Speaker_0000/Speaker_0000_00045.wav,Speaker_0000,Speaker_0000_00045.wav,60.032
/Users/gertrudisrms/Documents/Kuliah/Semester 6/Speech Processing/Projek_FInal_Speaker_Identification/data/50_speakers_audio_data/Speaker_0000/Speaker_0000_00092.wav,Speaker_0000,Speaker_0000_00092.wav,59.0120625
/Users/gertrudisrms/Documents/Kuliah/Semester 6/Speech Processing/Projek_FInal_Speaker_Identification/data/50_speakers_audio_data/Speaker_0000/Speaker_0000_00086.wav,Speaker_0000,Speaker_0000_00086.wav,60.032
/Users/gertrudisrms/Documents/Kuliah/Semester 6/Speech Processing/Projek_FInal_Speaker_Identification/data/50_speakers_audio_data/Speaker_0000/Speaker_0000_00082.wav,Speaker_0000,Speaker_0000_00082.wav,60.032
/Users/gertrudisrms/Documents/Kuliah/Semester 6/Speech Processing/Projek_FInal_Speaker_Identification/data/50_speakers_audio_data/Speaker_0000/Speaker_0000_00069.wav,Speaker_0000,Speaker_0000_00069.wav,60.032
/Users/gertrudisrms/Documents/Kuliah/Semester 6/Speech Processing/Projek_FInal_Speaker_Identification/data/50_speakers_audio_data/Speaker_0000/Speaker_0000_00041.wav,Speaker_0000,Speaker_0000_00041.wav,60.032
/Users/gertrudisrms/Documents/Kuliah/Semester 6/Speech Processing/Projek_FInal_Speaker_Identification/data/50_speakers_audio_data/Speaker_0000/Speaker_0000_00055.wav,Speaker_0000,Speaker_0000_00055.wav,59.904
/Users/gertrudisrms/Documents/Kuliah/Semester 6/Speech Processing/Projek_FInal_Speaker_Identification/data/50_speakers_audio_data/Speaker_0000/Speaker_0000_00054.wav,Speaker_0000,Speaker_0000_00054.wav,60.032
/Users/gertrudisrms/Documents/Kuliah/Semester 6/Speech Processing/Projek_FInal_Speaker_Identification/data/50_speakers_audio_data/Speaker_0000/Speaker_0000_00040.wav,Speaker_0000,Speaker_0000_00040.wav,60.032
/Users/gertrudisrms/Documents/Kuliah/Semester 6/Speech Processing/Projek_FInal_Speaker_Identification/data/50_speakers_audio_data/Speaker_0000/Speaker_0000_00068.wav,Speaker_0000,Speaker_0000_00068.wav,60.032
/Users/gertrudisrms/Documents/Kuliah/Semester 6/Speech Processing/Projek_FInal_Speaker_Identification/data/50_speakers_audio_data/Speaker_0000/Speaker_0000_00083.wav,Speaker_0000,Speaker_0000_00083.wav,59.904
/Users/gertrudisrms/Documents/Kuliah/Semester 6/Speech Processing/Projek_FInal_Speaker_Identification/data/50_speakers_audio_data/Speaker_0000/Speaker_0000_00081.wav,Speaker_0000,Speaker_0000_00081.wav,60.032
/Users/gertrudisrms/Documents/Kuliah/Semester 6/Speech Processing/Projek_FInal_Speaker_Identification/data/50_speakers_audio_data/Speaker_0000/Speaker_0000_00056.wav,Speaker_0000,Speaker_0000_00056.wav,60.032
/Users/gertrudisrms/Documents/Kuliah/Semester 6/Speech Processing/Projek_FInal_Speaker_Identification/data/50_speakers_audio_data/Speaker_0000/Speaker_0000_00042.wav,Speaker_0000,Speaker_0000_00042.wav,60.032
/Users/gertrudisrms/Documents/Kuliah/Semester 6/Speech Processing/Projek_FInal_Speaker_Identification/data/50_speakers_audio_data/Speaker_0000/Speaker_0000_00043.wav,Speaker_0000,Speaker_0000_00043.wav,59.904
/Users/gertrudisrms/Documents/Kuliah/Semester 6/Speech Processing/Projek_FInal_Speaker_Identification/data/50_speakers_audio_data/Speaker_0000/Speaker_0000_00057.wav,Speaker_0000,Speaker_0000_00057.wav,60.032
/Users/gertrudisrms/Documents/Kuliah/Semester 6/Speech Processing/Projek_FInal_Speaker_Identification/data/50_speakers_audio_data/Speaker_0000/Speaker_0000_00080.wav,Speaker_0000,Speaker_0000_00080.wav,60.032
/Users/gertrudisrms/Documents/Kuliah/Semester 6/Speech Processing/Projek_FInal_Speaker_Identification/data/50_speakers_audio_data/Speaker_0000/Speaker_0000_00072.wav,Speaker_0000,Speaker_0000_00072.wav,60.032
/Users/gertrudisrms/Documents/Kuliah/Semester 6/Speech Processing/Projek_FInal_Speaker_Identification/data/50_speakers_audio_data/Speaker_0000/Speaker_0000_00066.wav,Speaker_0000,Speaker_0000_00066.wav,60.032
/Users/gertrudisrms/Documents/Kuliah/Semester 6/Speech Processing/Projek_FInal_Speaker_Identification/data/50_speakers_audio_data/Speaker_0000/Speaker_0000_00067.wav,Speaker_0000,Speaker_0000_00067.wav,59.904
/Users/gertrudisrms/Documents/Kuliah/Semester 6/Speech Processing/Projek_FInal_Speaker_Identification/data/50_speakers_audio_data/Speaker_0000/Speaker_0000_00073.wav,Speaker_0000,Speaker_0000_00073.wav,60.032
/Users/gertrudisrms/Documents/Kuliah/Semester 6/Speech Processing/Projek_FInal_Speaker_Identification/data/50_speakers_audio_data/Speaker_0000/Speaker_0000_00065.wav,Speaker_0000,Speaker_0000_00065.wav,60.032
/Users/gertrudisrms/Documents/Kuliah/Semester 6/Speech Processing/Projek_FInal_Speaker_Identification/data/50_speakers_audio_data/Speaker_0000/Speaker_0000_00071.wav,Speaker_0000,Speaker_0000_00071.wav,59.904
/Users/gertrudisrms/Documents/Kuliah/Semester 6/Speech Processing/Projek_FInal_Speaker_Identification/data/50_speakers_audio_data/Speaker_0000/Speaker_0000_00059.wav,Speaker_0000,Speaker_0000_00059.wav,59.904
/Users/gertrudisrms/Documents/Kuliah/Semester 6/Speech Processing/Projek_FInal_Speaker_Identification/data/50_speakers_audio_data/Speaker_0000/Speaker_0000_00058.wav,Speaker_0000,Speaker_0000_00058.wav,60.032
/Users/gertrudisrms/Documents/Kuliah/Semester 6/Speech Processing/Projek_FInal_Speaker_Identification/data/50_speakers_audio_data/Speaker_0000/Speaker_0000_00070.wav,Speaker_0000,Speaker_0000_00070.wav,60.032
/Users/gertrudisrms/Documents/Kuliah/Semester 6/Speech Processing/Projek_FInal_Speaker_Identification/data/50_speakers_audio_data/Speaker_0000/Speaker_0000_00064.wav,Speaker_0000,Speaker_0000_00064.wav,60.032
/Users/gertrudisrms/Documents/Kuliah/Semester 6/Speech Processing/Projek_FInal_Speaker_Identification/data/50_speakers_audio_data/Speaker_0000/Speaker_0000_00048.wav,Speaker_0000,Speaker_0000_00048.wav,60.032
/Users/gertrudisrms/Documents/Kuliah/Semester 6/Speech Processing/Projek_FInal_Speaker_Identification/data/50_speakers_audio_data/Speaker_0000/Speaker_0000_00060.wav,Speaker_0000,Speaker_0000_00060.wav,60.032
/Users/gertrudisrms/Documents/Kuliah/Semester 6/Speech Processing/Projek_FInal_Speaker_Identification/data/50_speakers_audio_data/Speaker_0000/Speaker_0000_00074.wav,Speaker_0000,Speaker_0000_00074.wav,60.032
/Users/gertrudisrms/Documents/Kuliah/Semester 6/Speech Processing/Projek_FInal_Speaker_Identification/data/50_speakers_audio_data/Speaker_0000/Speaker_0000_00075.wav,Speaker_0000,Speaker_0000_00075.wav,59.904
/Users/gertrudisrms/Documents/Kuliah/Semester 6/Speech Processing/Projek_FInal_Speaker_Identification/data/50_speakers_audio_data/Speaker_0000/Speaker_0000_00061.wav,Speaker_0000,Speaker_0000_00061.wav,60.032
/Users/gertrudisrms/Documents/Kuliah/Semester 6/Speech Processing/Projek_FInal_Speaker_Identification/data/50_speakers_audio_data/Speaker_0000/Speaker_0000_00049.wav,Speaker_0000,Speaker_0000_00049.wav,60.032
/Users/gertrudisrms/Documents/Kuliah/Semester 6/Speech Processing/Projek_FInal_Speaker_Identification/data/50_speakers_audio_data/Speaker_0000/Speaker_0000_00088.wav,Speaker_0000,Speaker_0000_00088.wav,60.032
/Users/gertrudisrms/Documents/Kuliah/Semester 6/Speech Processing/Projek_FInal_Speaker_Identification/data/50_speakers_audio_data/Speaker_0000/Speaker_0000_00077.wav,Speaker_0000,Speaker_0000_00077.wav,60.032
/Users/gertrudisrms/Documents/Kuliah/Semester 6/Speech Processing/Projek_FInal_Speaker_Identification/data/50_speakers_audio_data/Speaker_0000/Speaker_0000_00063.wav,Speaker_0000,Speaker_0000_00063.wav,59.904
/Users/gertrudisrms/Documents/Kuliah/Semester 6/Speech Processing/Projek_FInal_Speaker_Identification/data/50_speakers_audio_data/Speaker_0000/Speaker_0000_00062.wav,Speaker_0000,Speaker_0000_00062.wav,60.032
/Users/gertrudisrms/Documents/Kuliah/Semester 6/Speech Processing/Projek_FInal_Speaker_Identification/data/50_speakers_audio_data/Speaker_0000/Speaker_0000_00076.wav,Speaker_0000,Speaker_0000_00076.wav,60.032
/Users/gertrudisrms/Documents/Kuliah/Semester 6/Speech Processing/Projek_FInal_Speaker_Identification/data/50_speakers_audio_data/Speaker_0000/Speaker_0000_00089.wav,Speaker_0000,Speaker_0000_00089.wav,60.032
/Users/gertrudisrms/Documents/Kuliah/Semester 6/Speech Processing/Projek_FInal_Speaker_Identification/data/50_speakers_audio_data/Speaker_0000/Speaker_0000_00011.wav,Speaker_0000,Speaker_0000_00011.wav,59.904
/Users/gertrudisrms/Documents/Kuliah/Semester 6/Speech Processing/Projek_FInal_Speaker_Identification/data/50_speakers_audio_data/Speaker_0000/Speaker_0000_00005.wav,Speaker_0000,Speaker_0000_00005.wav,60.032
/Users/gertrudisrms/Documents/Kuliah/Semester 6/Speech Processing/Projek_FInal_Speaker_Identification/data/50_speakers_audio_data/Speaker_0000/Speaker_0000_00039.wav,Speaker_0000,Speaker_0000_00039.wav,59.904
/Users/gertrudisrms/Documents/Kuliah/Semester 6/Speech Processing/Projek_FInal_Speaker_Identification/data/50_speakers_audio_data/Speaker_0000/Speaker_0000_00038.wav,Speaker_0000,Speaker_0000_00038.wav,60.032
/Users/gertrudisrms/Documents/Kuliah/Semester 6/Speech Processing/Projek_FInal_Speaker_Identification/data/50_speakers_audio_data/Speaker_0000/Speaker_0000_00004.wav,Speaker_0000,Speaker_0000_00004.wav,60.032
/Users/gertrudisrms/Documents/Kuliah/Semester 6/Speech Processing/Projek_FInal_Speaker_Identification/data/50_speakers_audio_data/Speaker_0000/Speaker_0000_00010.wav,Speaker_0000,Speaker_0000_00010.wav,60.032
/Users/gertrudisrms/Documents/Kuliah/Semester 6/Speech Processing/Projek_FInal_Speaker_Identification/data/50_speakers_audio_data/Speaker_0000/Speaker_0000_00006.wav,Speaker_0000,Speaker_0000_00006.wav,60.032
/Users/gertrudisrms/Documents/Kuliah/Semester 6/Speech Processing/Projek_FInal_Speaker_Identification/data/50_speakers_audio_data/Speaker_0000/Speaker_0000_00012.wav,Speaker_0000,Speaker_0000_00012.wav,60.032
/Users/gertrudisrms/Documents/Kuliah/Semester 6/Speech Processing/Projek_FInal_Speaker_Identification/data/50_speakers_audio_data/Speaker_0000/Speaker_0000_00013.wav,Speaker_0000,Speaker_0000_00013.wav,60.032
/Users/gertrudisrms/Documents/Kuliah/Semester 6/Speech Processing/Projek_FInal_Speaker_Identification/data/50_speakers_audio_data/Speaker_0000/Speaker_0000_00007.wav,Speaker_0000,Speaker_0000_00007.wav,59.904
/Users/gertrudisrms/Documents/Kuliah/Semester 6/Speech Processing/Projek_FInal_Speaker_Identification/data/50_speakers_audio_data/Speaker_0000/Speaker_0000_00003.wav,Speaker_0000,Speaker_0000_00003.wav,59.904
/Users/gertrudisrms/Documents/Kuliah/Semester 6/Speech Processing/Projek_FInal_Speaker_Identification/data/50_speakers_audio_data/Speaker_0000/Speaker_0000_00017.wav,Speaker_0000,Speaker_0000_00017.wav,60.032
/Users/gertrudisrms/Documents/Kuliah/Semester 6/Speech Processing/Projek_FInal_Speaker_Identification/data/50_speakers_audio_data/Speaker_0000/Speaker_0000_00016.wav,Speaker_0000,Speaker_0000_00016.wav,60.032
/Users/gertrudisrms/Documents/Kuliah/Semester 6/Speech Processing/Projek_FInal_Speaker_Identification/data/50_speakers_audio_data/Speaker_0000/Speaker_0000_00002.wav,Speaker_0000,Speaker_0000_00002.wav,60.032
/Users/gertrudisrms/Documents/Kuliah/Semester 6/Speech Processing/Projek_FInal_Speaker_Identification/data/50_speakers_audio_data/Speaker_0000/Speaker_0000_00028.wav,Speaker_0000,Speaker_0000_00028.wav,60.032
/Users/gertrudisrms/Documents/Kuliah/Semester 6/Speech Processing/Projek_FInal_Speaker_Identification/data/50_speakers_audio_data/Speaker_0000/Speaker_0000_00014.wav,Speaker_0000,Speaker_0000_00014.wav,60.032
/Users/gertrudisrms/Documents/Kuliah/Semester 6/Speech Processing/Projek_FInal_Speaker_Identification/data/50_speakers_audio_data/Speaker_0000/Speaker_0000_00000.wav,Speaker_0000,Speaker_0000_00000.wav,60.032
/Users/gertrudisrms/Documents/Kuliah/Semester 6/Speech Processing/Projek_FInal_Speaker_Identification/data/50_speakers_audio_data/Speaker_0000/Speaker_0000_00001.wav,Speaker_0000,Speaker_0000_00001.wav,60.032
/Users/gertrudisrms/Documents/Kuliah/Semester 6/Speech Processing/Projek_FInal_Speaker_Identification/data/50_speakers_audio_data/Speaker_0000/Speaker_0000_00015.wav,Speaker_0000,Speaker_0000_00015.wav,59.904
/Users/gertrudisrms/Documents/Kuliah/Semester 6/Speech Processing/Projek_FInal_Speaker_Identification/data/50_speakers_audio_data/Speaker_0000/Speaker_0000_00029.wav,Speaker_0000,Speaker_0000_00029.wav,60.032
/Users/gertrudisrms/Documents/Kuliah/Semester 6/Speech Processing/Projek_FInal_Speaker_Identification/data/50_speakers_audio_data/Speaker_0007/Speaker_0007_00054.wav,Speaker_0007,Speaker_0007_00054.wav,60.032
/Users/gertrudisrms/Documents/Kuliah/Semester 6/Speech Processing/Projek_FInal_Speaker_Identification/data/50_speakers_audio_data/Speaker_0007/Speaker_0007_00040.wav,Speaker_0007,Speaker_0007_00040.wav,60.032
/Users/gertrudisrms/Documents/Kuliah/Semester 6/Speech Processing/Projek_FInal_Speaker_Identification/data/50_speakers_audio_data/Speaker_0007/Speaker_0007_00041.wav,Speaker_0007,Speaker_0007_00041.wav,60.032
/Users/gertrudisrms/Documents/Kuliah/Semester 6/Speech Processing/Projek_FInal_Speaker_Identification/data/50_speakers_audio_data/Speaker_0007/Speaker_0007_00055.wav,Speaker_0007,Speaker_0007_00055.wav,59.904
/Users/gertrudisrms/Documents/Kuliah/Semester 6/Speech Processing/Projek_FInal_Speaker_Identification/data/50_speakers_audio_data/Speaker_0007/Speaker_0007_00043.wav,Speaker_0007,Speaker_0007_00043.wav,59.904
/Users/gertrudisrms/Documents/Kuliah/Semester 6/Speech Processing/Projek_FInal_Speaker_Identification/data/50_speakers_audio_data/Speaker_0007/Speaker_0007_00057.wav,Speaker_0007,Speaker_0007_00057.wav,60.032
/Users/gertrudisrms/Documents/Kuliah/Semester 6/Speech Processing/Projek_FInal_Speaker_Identification/data/50_speakers_audio_data/Speaker_0007/Speaker_0007_00056.wav,Speaker_0007,Speaker_0007_00056.wav,60.032
/Users/gertrudisrms/Documents/Kuliah/Semester 6/Speech Processing/Projek_FInal_Speaker_Identification/data/50_speakers_audio_data/Speaker_0007/Speaker_0007_00042.wav,Speaker_0007,Speaker_0007_00042.wav,60.032
/Users/gertrudisrms/Documents/Kuliah/Semester 6/Speech Processing/Projek_FInal_Speaker_Identification/data/50_speakers_audio_data/Speaker_0007/Speaker_0007_00046.wav,Speaker_0007,Speaker_0007_00046.wav,60.032
/Users/gertrudisrms/Documents/Kuliah/Semester 6/Speech Processing/Projek_FInal_Speaker_Identification/data/50_speakers_audio_data/Speaker_0007/Speaker_0007_00052.wav,Speaker_0007,Speaker_0007_00052.wav,60.032
/Users/gertrudisrms/Documents/Kuliah/Semester 6/Speech Processing/Projek_FInal_Speaker_Identification/data/50_speakers_audio_data/Speaker_0007/Speaker_0007_00053.wav,Speaker_0007,Speaker_0007_00053.wav,60.032
/Users/gertrudisrms/Documents/Kuliah/Semester 6/Speech Processing/Projek_FInal_Speaker_Identification/data/50_speakers_audio_data/Speaker_0007/Speaker_0007_00047.wav,Speaker_0007,Speaker_0007_00047.wav,59.904
/Users/gertrudisrms/Documents/Kuliah/Semester 6/Speech Processing/Projek_FInal_Speaker_Identification/data/50_speakers_audio_data/Speaker_0007/Speaker_0007_00051.wav,Speaker_0007,Speaker_0007_00051.wav,59.904
/Users/gertrudisrms/Documents/Kuliah/Semester 6/Speech Processing/Projek_FInal_Speaker_Identification/data/50_speakers_audio_data/Speaker_0007/Speaker_0007_00045.wav,Speaker_0007,Speaker_0007_00045.wav,60.032
/Users/gertrudisrms/Documents/Kuliah/Semester 6/Speech Processing/Projek_FInal_Speaker_Identification/data/50_speakers_audio_data/Speaker_0007/Speaker_0007_00044.wav,Speaker_0007,Speaker_0007_00044.wav,60.032
/Users/gertrudisrms/Documents/Kuliah/Semester 6/Speech Processing/Projek_FInal_Speaker_Identification/data/50_speakers_audio_data/Speaker_0007/Speaker_0007_00050.wav,Speaker_0007,Speaker_0007_00050.wav,60.032
/Users/gertrudisrms/Documents/Kuliah/Semester 6/Speech Processing/Projek_FInal_Speaker_Identification/data/50_speakers_audio_data/Speaker_0007/Speaker_0007_00037.wav,Speaker_0007,Speaker_0007_00037.wav,60.032
/Users/gertrudisrms/Documents/Kuliah/Semester 6/Speech Processing/Projek_FInal_Speaker_Identification/data/50_speakers_audio_data/Speaker_0007/Speaker_0007_00023.wav,Speaker_0007,Speaker_0007_00023.wav,59.904
/Users/gertrudisrms/Documents/Kuliah/Semester 6/Speech Processing/Projek_FInal_Speaker_Identification/data/50_speakers_audio_data/Speaker_0007/Speaker_0007_00022.wav,Speaker_0007,Speaker_0007_00022.wav,60.032
/Users/gertrudisrms/Documents/Kuliah/Semester 6/Speech Processing/Projek_FInal_Speaker_Identification/data/50_speakers_audio_data/Speaker_0007/Speaker_0007_00036.wav,Speaker_0007,Speaker_0007_00036.wav,60.032
/Users/gertrudisrms/Documents/Kuliah/Semester 6/Speech Processing/Projek_FInal_Speaker_Identification/data/50_speakers_audio_data/Speaker_0007/Speaker_0007_00020.wav,Speaker_0007,Speaker_0007_00020.wav,60.032
/Users/gertrudisrms/Documents/Kuliah/Semester 6/Speech Processing/Projek_FInal_Speaker_Identification/data/50_speakers_audio_data/Speaker_0007/Speaker_0007_00034.wav,Speaker_0007,Speaker_0007_00034.wav,60.032
/Users/gertrudisrms/Documents/Kuliah/Semester 6/Speech Processing/Projek_FInal_Speaker_Identification/data/50_speakers_audio_data/Speaker_0007/Speaker_0007_00008.wav,Speaker_0007,Speaker_0007_00008.wav,60.032
/Users/gertrudisrms/Documents/Kuliah/Semester 6/Speech Processing/Projek_FInal_Speaker_Identification/data/50_speakers_audio_data/Speaker_0007/Speaker_0007_00009.wav,Speaker_0007,Speaker_0007_00009.wav,60.032
/Users/gertrudisrms/Documents/Kuliah/Semester 6/Speech Processing/Projek_FInal_Speaker_Identification/data/50_speakers_audio_data/Speaker_0007/Speaker_0007_00035.wav,Speaker_0007,Speaker_0007_00035.wav,59.904
/Users/gertrudisrms/Documents/Kuliah/Semester 6/Speech Processing/Projek_FInal_Speaker_Identification/data/50_speakers_audio_data/Speaker_0007/Speaker_0007_00021.wav,Speaker_0007,Speaker_0007_00021.wav,60.032
/Users/gertrudisrms/Documents/Kuliah/Semester 6/Speech Processing/Projek_FInal_Speaker_Identification/data/50_speakers_audio_data/Speaker_0007/Speaker_0007_00019.wav,Speaker_0007,Speaker_0007_00019.wav,59.904
/Users/gertrudisrms/Documents/Kuliah/Semester 6/Speech Processing/Projek_FInal_Speaker_Identification/data/50_speakers_audio_data/Speaker_0007/Speaker_0007_00025.wav,Speaker_0007,Speaker_0007_00025.wav,60.032
/Users/gertrudisrms/Documents/Kuliah/Semester 6/Speech Processing/Projek_FInal_Speaker_Identification/data/50_speakers_audio_data/Speaker_0007/Speaker_0007_00031.wav,Speaker_0007,Speaker_0007_00031.wav,59.904
/Users/gertrudisrms/Documents/Kuliah/Semester 6/Speech Processing/Projek_FInal_Speaker_Identification/data/50_speakers_audio_data/Speaker_0007/Speaker_0007_00030.wav,Speaker_0007,Speaker_0007_00030.wav,60.032
/Users/gertrudisrms/Documents/Kuliah/Semester 6/Speech Processing/Projek_FInal_Speaker_Identification/data/50_speakers_audio_data/Speaker_0007/Speaker_0007_00024.wav,Speaker_0007,Speaker_0007_00024.wav,60.032
/Users/gertrudisrms/Documents/Kuliah/Semester 6/Speech Processing/Projek_FInal_Speaker_Identification/data/50_speakers_audio_data/Speaker_0007/Speaker_0007_00018.wav,Speaker_0007,Speaker_0007_00018.wav,60.032
/Users/gertrudisrms/Documents/Kuliah/Semester 6/Speech Processing/Projek_FInal_Speaker_Identification/data/50_speakers_audio_data/Speaker_0007/Speaker_0007_00032.wav,Speaker_0007,Speaker_0007_00032.wav,60.032
/Users/gertrudisrms/Documents/Kuliah/Semester 6/Speech Processing/Projek_FInal_Speaker_Identification/data/50_speakers_audio_data/Speaker_0007/Speaker_0007_00026.wav,Speaker_0007,Speaker_0007_00026.wav,60.032
/Users/gertrudisrms/Documents/Kuliah/Semester 6/Speech Processing/Projek_FInal_Speaker_Identification/data/50_speakers_audio_data/Speaker_0007/Speaker_0007_00027.wav,Speaker_0007,Speaker_0007_00027.wav,59.904
/Users/gertrudisrms/Documents/Kuliah/Semester 6/Speech Processing/Projek_FInal_Speaker_Identification/data/50_speakers_audio_data/Speaker_0007/Speaker_0007_00033.wav,Speaker_0007,Speaker_0007_00033.wav,60.032
/Users/gertrudisrms/Documents/Kuliah/Semester 6/Speech Processing/Projek_FInal_Speaker_Identification/data/50_speakers_audio_data/Speaker_0007/Speaker_0007_00016.wav,Speaker_0007,Speaker_0007_00016.wav,60.032
/Users/gertrudisrms/Documents/Kuliah/Semester 6/Speech Processing/Projek_FInal_Speaker_Identification/data/50_speakers_audio_data/Speaker_0007/Speaker_0007_00002.wav,Speaker_0007,Speaker_0007_00002.wav,60.032
/Users/gertrudisrms/Documents/Kuliah/Semester 6/Speech Processing/Projek_FInal_Speaker_Identification/data/50_speakers_audio_data/Speaker_0007/Speaker_0007_00003.wav,Speaker_0007,Speaker_0007_00003.wav,59.904
/Users/gertrudisrms/Documents/Kuliah/Semester 6/Speech Processing/Projek_FInal_Speaker_Identification/data/50_speakers_audio_data/Speaker_0007/Speaker_0007_00017.wav,Speaker_0007,Speaker_0007_00017.wav,60.032
/Users/gertrudisrms/Documents/Kuliah/Semester 6/Speech Processing/Projek_FInal_Speaker_Identification/data/50_speakers_audio_data/Speaker_0007/Speaker_0007_00001.wav,Speaker_0007,Speaker_0007_00001.wav,60.032
/Users/gertrudisrms/Documents/Kuliah/Semester 6/Speech Processing/Projek_FInal_Speaker_Identification/data/50_speakers_audio_data/Speaker_0007/Speaker_0007_00015.wav,Speaker_0007,Speaker_0007_00015.wav,59.904
/Users/gertrudisrms/Documents/Kuliah/Semester 6/Speech Processing/Projek_FInal_Speaker_Identification/data/50_speakers_audio_data/Speaker_0007/Speaker_0007_00029.wav,Speaker_0007,Speaker_0007_00029.wav,60.032
/Users/gertrudisrms/Documents/Kuliah/Semester 6/Speech Processing/Projek_FInal_Speaker_Identification/data/50_speakers_audio_data/Speaker_0007/Speaker_0007_00028.wav,Speaker_0007,Speaker_0007_00028.wav,60.032
/Users/gertrudisrms/Documents/Kuliah/Semester 6/Speech Processing/Projek_FInal_Speaker_Identification/data/50_speakers_audio_data/Speaker_0007/Speaker_0007_00014.wav,Speaker_0007,Speaker_0007_00014.wav,60.032
/Users/gertrudisrms/Documents/Kuliah/Semester 6/Speech Processing/Projek_FInal_Speaker_Identification/data/50_speakers_audio_data/Speaker_0007/Speaker_0007_00000.wav,Speaker_0007,Speaker_0007_00000.wav,60.032
/Users/gertrudisrms/Documents/Kuliah/Semester 6/Speech Processing/Projek_FInal_Speaker_Identification/data/50_speakers_audio_data/Speaker_0007/Speaker_0007_00038.wav,Speaker_0007,Speaker_0007_00038.wav,60.032
/Users/gertrudisrms/Documents/Kuliah/Semester 6/Speech Processing/Projek_FInal_Speaker_Identification/data/50_speakers_audio_data/Speaker_0007/Speaker_0007_00004.wav,Speaker_0007,Speaker_0007_00004.wav,60.032
/Users/gertrudisrms/Documents/Kuliah/Semester 6/Speech Processing/Projek_FInal_Speaker_Identification/data/50_speakers_audio_data/Speaker_0007/Speaker_0007_00010.wav,Speaker_0007,Speaker_0007_00010.wav,60.032
/Users/gertrudisrms/Documents/Kuliah/Semester 6/Speech Processing/Projek_FInal_Speaker_Identification/data/50_speakers_audio_data/Speaker_0007/Speaker_0007_00011.wav,Speaker_0007,Speaker_0007_00011.wav,59.904
/Users/gertrudisrms/Documents/Kuliah/Semester 6/Speech Processing/Projek_FInal_Speaker_Identification/data/50_speakers_audio_data/Speaker_0007/Speaker_0007_00005.wav,Speaker_0007,Speaker_0007_00005.wav,60.032
/Users/gertrudisrms/Documents/Kuliah/Semester 6/Speech Processing/Projek_FInal_Speaker_Identification/data/50_speakers_audio_data/Speaker_0007/Speaker_0007_00039.wav,Speaker_0007,Speaker_0007_00039.wav,59.904
/Users/gertrudisrms/Documents/Kuliah/Semester 6/Speech Processing/Projek_FInal_Speaker_Identification/data/50_speakers_audio_data/Speaker_0007/Speaker_0007_00013.wav,Speaker_0007,Speaker_0007_00013.wav,60.032
/Users/gertrudisrms/Documents/Kuliah/Semester 6/Speech Processing/Projek_FInal_Speaker_Identification/data/50_speakers_audio_data/Speaker_0007/Speaker_0007_00007.wav,Speaker_0007,Speaker_0007_00007.wav,59.904
/Users/gertrudisrms/Documents/Kuliah/Semester 6/Speech Processing/Projek_FInal_Speaker_Identification/data/50_speakers_audio_data/Speaker_0007/Speaker_0007_00006.wav,Speaker_0007,Speaker_0007_00006.wav,60.032
/Users/gertrudisrms/Documents/Kuliah/Semester 6/Speech Processing/Projek_FInal_Speaker_Identification/data/50_speakers_audio_data/Speaker_0007/Speaker_0007_00012.wav,Speaker_0007,Speaker_0007_00012.wav,60.032
/Users/gertrudisrms/Documents/Kuliah/Semester 6/Speech Processing/Projek_FInal_Speaker_Identification/data/50_speakers_audio_data/Speaker_0007/Speaker_0007_00061.wav,Speaker_0007,Speaker_0007_00061.wav,42.0415
/Users/gertrudisrms/Documents/Kuliah/Semester 6/Speech Processing/Projek_FInal_Speaker_Identification/data/50_speakers_audio_data/Speaker_0007/Speaker_0007_00049.wav,Speaker_0007,Speaker_0007_00049.wav,60.032
/Users/gertrudisrms/Documents/Kuliah/Semester 6/Speech Processing/Projek_FInal_Speaker_Identification/data/50_speakers_audio_data/Speaker_0007/Speaker_0007_00048.wav,Speaker_0007,Speaker_0007_00048.wav,60.032
/Users/gertrudisrms/Documents/Kuliah/Semester 6/Speech Processing/Projek_FInal_Speaker_Identification/data/50_speakers_audio_data/Speaker_0007/Speaker_0007_00060.wav,Speaker_0007,Speaker_0007_00060.wav,60.032
/Users/gertrudisrms/Documents/Kuliah/Semester 6/Speech Processing/Projek_FInal_Speaker_Identification/data/50_speakers_audio_data/Speaker_0007/Speaker_0007_00058.wav,Speaker_0007,Speaker_0007_00058.wav,60.032
/Users/gertrudisrms/Documents/Kuliah/Semester 6/Speech Processing/Projek_FInal_Speaker_Identification/data/50_speakers_audio_data/Speaker_0007/Speaker_0007_00059.wav,Speaker_0007,Speaker_0007_00059.wav,59.904
/Users/gertrudisrms/Documents/Kuliah/Semester 6/Speech Processing/Projek_FInal_Speaker_Identification/data/50_speakers_audio_data/Speaker_0025/Speaker_0025_00048.wav,Speaker_0025,Speaker_0025_00048.wav,20.1114375
/Users/gertrudisrms/Documents/Kuliah/Semester 6/Speech Processing/Projek_FInal_Speaker_Identification/data/50_speakers_audio_data/Speaker_0025/Speaker_0025_00002.wav,Speaker_0025,Speaker_0025_00002.wav,59.9793125
/Users/gertrudisrms/Documents/Kuliah/Semester 6/Speech Processing/Projek_FInal_Speaker_Identification/data/50_speakers_audio_data/Speaker_0025/Speaker_0025_00016.wav,Speaker_0025,Speaker_0025_00016.wav,59.9793125
/Users/gertrudisrms/Documents/Kuliah/Semester 6/Speech Processing/Projek_FInal_Speaker_Identification/data/50_speakers_audio_data/Speaker_0025/Speaker_0025_00017.wav,Speaker_0025,Speaker_0025_00017.wav,59.9793125
/Users/gertrudisrms/Documents/Kuliah/Semester 6/Speech Processing/Projek_FInal_Speaker_Identification/data/50_speakers_audio_data/Speaker_0025/Speaker_0025_00003.wav,Speaker_0025,Speaker_0025_00003.wav,59.9793125
/Users/gertrudisrms/Documents/Kuliah/Semester 6/Speech Processing/Projek_FInal_Speaker_Identification/data/50_speakers_audio_data/Speaker_0025/Speaker_0025_00029.wav,Speaker_0025,Speaker_0025_00029.wav,59.9793125
/Users/gertrudisrms/Documents/Kuliah/Semester 6/Speech Processing/Projek_FInal_Speaker_Identification/data/50_speakers_audio_data/Speaker_0025/Speaker_0025_00015.wav,Speaker_0025,Speaker_0025_00015.wav,59.9531875
/Users/gertrudisrms/Documents/Kuliah/Semester 6/Speech Processing/Projek_FInal_Speaker_Identification/data/50_speakers_audio_data/Speaker_0025/Speaker_0025_00001.wav,Speaker_0025,Speaker_0025_00001.wav,59.9793125
/Users/gertrudisrms/Documents/Kuliah/Semester 6/Speech Processing/Projek_FInal_Speaker_Identification/data/50_speakers_audio_data/Speaker_0025/Speaker_0025_00000.wav,Speaker_0025,Speaker_0025_00000.wav,59.9531875
/Users/gertrudisrms/Documents/Kuliah/Semester 6/Speech Processing/Projek_FInal_Speaker_Identification/data/50_speakers_audio_data/Speaker_0025/Speaker_0025_00014.wav,Speaker_0025,Speaker_0025_00014.wav,59.9793125
/Users/gertrudisrms/Documents/Kuliah/Semester 6/Speech Processing/Projek_FInal_Speaker_Identification/data/50_speakers_audio_data/Speaker_0025/Speaker_0025_00028.wav,Speaker_0025,Speaker_0025_00028.wav,59.9793125
/Users/gertrudisrms/Documents/Kuliah/Semester 6/Speech Processing/Projek_FInal_Speaker_Identification/data/50_speakers_audio_data/Speaker_0025/Speaker_0025_00010.wav,Speaker_0025,Speaker_0025_00010.wav,59.9793125
/Users/gertrudisrms/Documents/Kuliah/Semester 6/Speech Processing/Projek_FInal_Speaker_Identification/data/50_speakers_audio_data/Speaker_0025/Speaker_0025_00004.wav,Speaker_0025,Speaker_0025_00004.wav,59.9793125
/Users/gertrudisrms/Documents/Kuliah/Semester 6/Speech Processing/Projek_FInal_Speaker_Identification/data/50_speakers_audio_data/Speaker_0025/Speaker_0025_00038.wav,Speaker_0025,Speaker_0025_00038.wav,59.9793125
/Users/gertrudisrms/Documents/Kuliah/Semester 6/Speech Processing/Projek_FInal_Speaker_Identification/data/50_speakers_audio_data/Speaker_0025/Speaker_0025_00039.wav,Speaker_0025,Speaker_0025_00039.wav,59.9531875
/Users/gertrudisrms/Documents/Kuliah/Semester 6/Speech Processing/Projek_FInal_Speaker_Identification/data/50_speakers_audio_data/Speaker_0025/Speaker_0025_00005.wav,Speaker_0025,Speaker_0025_00005.wav,59.9793125
/Users/gertrudisrms/Documents/Kuliah/Semester 6/Speech Processing/Projek_FInal_Speaker_Identification/data/50_speakers_audio_data/Speaker_0025/Speaker_0025_00011.wav,Speaker_0025,Speaker_0025_00011.wav,59.9793125
/Users/gertrudisrms/Documents/Kuliah/Semester 6/Speech Processing/Projek_FInal_Speaker_Identification/data/50_speakers_audio_data/Speaker_0025/Speaker_0025_00007.wav,Speaker_0025,Speaker_0025_00007.wav,59.9531875
/Users/gertrudisrms/Documents/Kuliah/Semester 6/Speech Processing/Projek_FInal_Speaker_Identification/data/50_speakers_audio_data/Speaker_0025/Speaker_0025_00013.wav,Speaker_0025,Speaker_0025_00013.wav,59.9793125
/Users/gertrudisrms/Documents/Kuliah/Semester 6/Speech Processing/Projek_FInal_Speaker_Identification/data/50_speakers_audio_data/Speaker_0025/Speaker_0025_00012.wav,Speaker_0025,Speaker_0025_00012.wav,59.9793125
/Users/gertrudisrms/Documents/Kuliah/Semester 6/Speech Processing/Projek_FInal_Speaker_Identification/data/50_speakers_audio_data/Speaker_0025/Speaker_0025_00006.wav,Speaker_0025,Speaker_0025_00006.wav,59.9793125
/Users/gertrudisrms/Documents/Kuliah/Semester 6/Speech Processing/Projek_FInal_Speaker_Identification/data/50_speakers_audio_data/Speaker_0025/Speaker_0025_00023.wav,Speaker_0025,Speaker_0025_00023.wav,59.9531875
/Users/gertrudisrms/Documents/Kuliah/Semester 6/Speech Processing/Projek_FInal_Speaker_Identification/data/50_speakers_audio_data/Speaker_0025/Speaker_0025_00037.wav,Speaker_0025,Speaker_0025_00037.wav,59.9793125
/Users/gertrudisrms/Documents/Kuliah/Semester 6/Speech Processing/Projek_FInal_Speaker_Identification/data/50_speakers_audio_data/Speaker_0025/Speaker_0025_00036.wav,Speaker_0025,Speaker_0025_00036.wav,59.9793125
/Users/gertrudisrms/Documents/Kuliah/Semester 6/Speech Processing/Projek_FInal_Speaker_Identification/data/50_speakers_audio_data/Speaker_0025/Speaker_0025_00022.wav,Speaker_0025,Speaker_0025_00022.wav,59.9793125
/Users/gertrudisrms/Documents/Kuliah/Semester 6/Speech Processing/Projek_FInal_Speaker_Identification/data/50_speakers_audio_data/Speaker_0025/Speaker_0025_00008.wav,Speaker_0025,Speaker_0025_00008.wav,59.9793125
/Users/gertrudisrms/Documents/Kuliah/Semester 6/Speech Processing/Projek_FInal_Speaker_Identification/data/50_speakers_audio_data/Speaker_0025/Speaker_0025_00034.wav,Speaker_0025,Speaker_0025_00034.wav,59.9793125
/Users/gertrudisrms/Documents/Kuliah/Semester 6/Speech Processing/Projek_FInal_Speaker_Identification/data/50_speakers_audio_data/Speaker_0025/Speaker_0025_00020.wav,Speaker_0025,Speaker_0025_00020.wav,59.9793125
/Users/gertrudisrms/Documents/Kuliah/Semester 6/Speech Processing/Projek_FInal_Speaker_Identification/data/50_speakers_audio_data/Speaker_0025/Speaker_0025_00021.wav,Speaker_0025,Speaker_0025_00021.wav,59.9793125
/Users/gertrudisrms/Documents/Kuliah/Semester 6/Speech Processing/Projek_FInal_Speaker_Identification/data/50_speakers_audio_data/Speaker_0025/Speaker_0025_00035.wav,Speaker_0025,Speaker_0025_00035.wav,59.9793125
/Users/gertrudisrms/Documents/Kuliah/Semester 6/Speech Processing/Projek_FInal_Speaker_Identification/data/50_speakers_audio_data/Speaker_0025/Speaker_0025_00009.wav,Speaker_0025,Speaker_0025_00009.wav,59.9793125
/Users/gertrudisrms/Documents/Kuliah/Semester 6/Speech Processing/Projek_FInal_Speaker_Identification/data/50_speakers_audio_data/Speaker_0025/Speaker_0025_00031.wav,Speaker_0025,Speaker_0025_00031.wav,59.9531875
/Users/gertrudisrms/Documents/Kuliah/Semester 6/Speech Processing/Projek_FInal_Speaker_Identification/data/50_speakers_audio_data/Speaker_0025/Speaker_0025_00025.wav,Speaker_0025,Speaker_0025_00025.wav,59.9793125
/Users/gertrudisrms/Documents/Kuliah/Semester 6/Speech Processing/Projek_FInal_Speaker_Identification/data/50_speakers_audio_data/Speaker_0025/Speaker_0025_00019.wav,Speaker_0025,Speaker_0025_00019.wav,59.9793125
/Users/gertrudisrms/Documents/Kuliah/Semester 6/Speech Processing/Projek_FInal_Speaker_Identification/data/50_speakers_audio_data/Speaker_0025/Speaker_0025_00018.wav,Speaker_0025,Speaker_0025_00018.wav,59.9793125
/Users/gertrudisrms/Documents/Kuliah/Semester 6/Speech Processing/Projek_FInal_Speaker_Identification/data/50_speakers_audio_data/Speaker_0025/Speaker_0025_00024.wav,Speaker_0025,Speaker_0025_00024.wav,59.9793125
/Users/gertrudisrms/Documents/Kuliah/Semester 6/Speech Processing/Projek_FInal_Speaker_Identification/data/50_speakers_audio_data/Speaker_0025/Speaker_0025_00030.wav,Speaker_0025,Speaker_0025_00030.wav,59.9793125
/Users/gertrudisrms/Documents/Kuliah/Semester 6/Speech Processing/Projek_FInal_Speaker_Identification/data/50_speakers_audio_data/Speaker_0025/Speaker_0025_00026.wav,Speaker_0025,Speaker_0025_00026.wav,59.9793125
/Users/gertrudisrms/Documents/Kuliah/Semester 6/Speech Processing/Projek_FInal_Speaker_Identification/data/50_speakers_audio_data/Speaker_0025/Speaker_0025_00032.wav,Speaker_0025,Speaker_0025_00032.wav,59.9793125
/Users/gertrudisrms/Documents/Kuliah/Semester 6/Speech Processing/Projek_FInal_Speaker_Identification/data/50_speakers_audio_data/Speaker_0025/Speaker_0025_00033.wav,Speaker_0025,Speaker_0025_00033.wav,59.9793125
/Users/gertrudisrms/Documents/Kuliah/Semester 6/Speech Processing/Projek_FInal_Speaker_Identification/data/50_speakers_audio_data/Speaker_0025/Speaker_0025_00027.wav,Speaker_0025,Speaker_0025_00027.wav,59.9793125
/Users/gertrudisrms/Documents/Kuliah/Semester 6/Speech Processing/Projek_FInal_Speaker_Identification/data/50_speakers_audio_data/Speaker_0025/Speaker_0025_00040.wav,Speaker_0025,Speaker_0025_00040.wav,59.9793125
/Users/gertrudisrms/Documents/Kuliah/Semester 6/Speech Processing/Projek_FInal_Speaker_Identification/data/50_speakers_audio_data/Speaker_0025/Speaker_0025_00041.wav,Speaker_0025,Speaker_0025_00041.wav,59.9793125
/Users/gertrudisrms/Documents/Kuliah/Semester 6/Speech Processing/Projek_FInal_Speaker_Identification/data/50_speakers_audio_data/Speaker_0025/Speaker_0025_00043.wav,Speaker_0025,Speaker_0025_00043.wav,59.9793125
/Users/gertrudisrms/Documents/Kuliah/Semester 6/Speech Processing/Projek_FInal_Speaker_Identification/data/50_speakers_audio_data/Speaker_0025/Speaker_0025_00042.wav,Speaker_0025,Speaker_0025_00042.wav,59.9793125
/Users/gertrudisrms/Documents/Kuliah/Semester 6/Speech Processing/Projek_FInal_Speaker_Identification/data/50_speakers_audio_data/Speaker_0025/Speaker_0025_00046.wav,Speaker_0025,Speaker_0025_00046.wav,59.9793125
/Users/gertrudisrms/Documents/Kuliah/Semester 6/Speech Processing/Projek_FInal_Speaker_Identification/data/50_speakers_audio_data/Speaker_0025/Speaker_0025_00047.wav,Speaker_0025,Speaker_0025_00047.wav,59.9531875
/Users/gertrudisrms/Documents/Kuliah/Semester 6/Speech Processing/Projek_FInal_Speaker_Identification/data/50_speakers_audio_data/Speaker_0025/Speaker_0025_00045.wav,Speaker_0025,Speaker_0025_00045.wav,59.9793125
/Users/gertrudisrms/Documents/Kuliah/Semester 6/Speech Processing/Projek_FInal_Speaker_Identification/data/50_speakers_audio_data/Speaker_0025/Speaker_0025_00044.wav,Speaker_0025,Speaker_0025_00044.wav,59.9793125
/Users/gertrudisrms/Documents/Kuliah/Semester 6/Speech Processing/Projek_FInal_Speaker_Identification/data/50_speakers_audio_data/Speaker_0014/Speaker_0014_00018.wav,Speaker_0014,Speaker_0014_00018.wav,59.9793125
/Users/gertrudisrms/Documents/Kuliah/Semester 6/Speech Processing/Projek_FInal_Speaker_Identification/data/50_speakers_audio_data/Speaker_0014/Speaker_0014_00024.wav,Speaker_0014,Speaker_0014_00024.wav,59.9793125
/Users/gertrudisrms/Documents/Kuliah/Semester 6/Speech Processing/Projek_FInal_Speaker_Identification/data/50_speakers_audio_data/Speaker_0014/Speaker_0014_00030.wav,Speaker_0014,Speaker_0014_00030.wav,59.9793125
/Users/gertrudisrms/Documents/Kuliah/Semester 6/Speech Processing/Projek_FInal_Speaker_Identification/data/50_speakers_audio_data/Speaker_0014/Speaker_0014_00031.wav,Speaker_0014,Speaker_0014_00031.wav,59.9531875
/Users/gertrudisrms/Documents/Kuliah/Semester 6/Speech Processing/Projek_FInal_Speaker_Identification/data/50_speakers_audio_data/Speaker_0014/Speaker_0014_00025.wav,Speaker_0014,Speaker_0014_00025.wav,59.9793125
/Users/gertrudisrms/Documents/Kuliah/Semester 6/Speech Processing/Projek_FInal_Speaker_Identification/data/50_speakers_audio_data/Speaker_0014/Speaker_0014_00019.wav,Speaker_0014,Speaker_0014_00019.wav,59.9793125
/Users/gertrudisrms/Documents/Kuliah/Semester 6/Speech Processing/Projek_FInal_Speaker_Identification/data/50_speakers_audio_data/Speaker_0014/Speaker_0014_00033.wav,Speaker_0014,Speaker_0014_00033.wav,59.9793125
/Users/gertrudisrms/Documents/Kuliah/Semester 6/Speech Processing/Projek_FInal_Speaker_Identification/data/50_speakers_audio_data/Speaker_0014/Speaker_0014_00027.wav,Speaker_0014,Speaker_0014_00027.wav,59.9793125
/Users/gertrudisrms/Documents/Kuliah/Semester 6/Speech Processing/Projek_FInal_Speaker_Identification/data/50_speakers_audio_data/Speaker_0014/Speaker_0014_00026.wav,Speaker_0014,Speaker_0014_00026.wav,59.9793125
/Users/gertrudisrms/Documents/Kuliah/Semester 6/Speech Processing/Projek_FInal_Speaker_Identification/data/50_speakers_audio_data/Speaker_0014/Speaker_0014_00032.wav,Speaker_0014,Speaker_0014_00032.wav,59.9793125
/Users/gertrudisrms/Documents/Kuliah/Semester 6/Speech Processing/Projek_FInal_Speaker_Identification/data/50_speakers_audio_data/Speaker_0014/Speaker_0014_00036.wav,Speaker_0014,Speaker_0014_00036.wav,59.9793125
/Users/gertrudisrms/Documents/Kuliah/Semester 6/Speech Processing/Projek_FInal_Speaker_Identification/data/50_speakers_audio_data/Speaker_0014/Speaker_0014_00022.wav,Speaker_0014,Speaker_0014_00022.wav,59.9793125
/Users/gertrudisrms/Documents/Kuliah/Semester 6/Speech Processing/Projek_FInal_Speaker_Identification/data/50_speakers_audio_data/Speaker_0014/Speaker_0014_00023.wav,Speaker_0014,Speaker_0014_00023.wav,59.9531875
/Users/gertrudisrms/Documents/Kuliah/Semester 6/Speech Processing/Projek_FInal_Speaker_Identification/data/50_speakers_audio_data/Speaker_0014/Speaker_0014_00037.wav,Speaker_0014,Speaker_0014_00037.wav,59.9793125
/Users/gertrudisrms/Documents/Kuliah/Semester 6/Speech Processing/Projek_FInal_Speaker_Identification/data/50_speakers_audio_data/Speaker_0014/Speaker_0014_00021.wav,Speaker_0014,Speaker_0014_00021.wav,59.9793125
/Users/gertrudisrms/Documents/Kuliah/Semester 6/Speech Processing/Projek_FInal_Speaker_Identification/data/50_speakers_audio_data/Speaker_0014/Speaker_0014_00035.wav,Speaker_0014,Speaker_0014_00035.wav,59.9793125
/Users/gertrudisrms/Documents/Kuliah/Semester 6/Speech Processing/Projek_FInal_Speaker_Identification/data/50_speakers_audio_data/Speaker_0014/Speaker_0014_00009.wav,Speaker_0014,Speaker_0014_00009.wav,59.9793125
/Users/gertrudisrms/Documents/Kuliah/Semester 6/Speech Processing/Projek_FInal_Speaker_Identification/data/50_speakers_audio_data/Speaker_0014/Speaker_0014_00008.wav,Speaker_0014,Speaker_0014_00008.wav,59.9793125
/Users/gertrudisrms/Documents/Kuliah/Semester 6/Speech Processing/Projek_FInal_Speaker_Identification/data/50_speakers_audio_data/Speaker_0014/Speaker_0014_00034.wav,Speaker_0014,Speaker_0014_00034.wav,59.9793125
/Users/gertrudisrms/Documents/Kuliah/Semester 6/Speech Processing/Projek_FInal_Speaker_Identification/data/50_speakers_audio_data/Speaker_0014/Speaker_0014_00020.wav,Speaker_0014,Speaker_0014_00020.wav,59.9793125
/Users/gertrudisrms/Documents/Kuliah/Semester 6/Speech Processing/Projek_FInal_Speaker_Identification/data/50_speakers_audio_data/Speaker_0014/Speaker_0014_00047.wav,Speaker_0014,Speaker_0014_00047.wav,59.9531875
/Users/gertrudisrms/Documents/Kuliah/Semester 6/Speech Processing/Projek_FInal_Speaker_Identification/data/50_speakers_audio_data/Speaker_0014/Speaker_0014_00046.wav,Speaker_0014,Speaker_0014_00046.wav,59.9793125
/Users/gertrudisrms/Documents/Kuliah/Semester 6/Speech Processing/Projek_FInal_Speaker_Identification/data/50_speakers_audio_data/Speaker_0014/Speaker_0014_00050.wav,Speaker_0014,Speaker_0014_00050.wav,51.6673125
/Users/gertrudisrms/Documents/Kuliah/Semester 6/Speech Processing/Projek_FInal_Speaker_Identification/data/50_speakers_audio_data/Speaker_0014/Speaker_0014_00044.wav,Speaker_0014,Speaker_0014_00044.wav,59.9793125
/Users/gertrudisrms/Documents/Kuliah/Semester 6/Speech Processing/Projek_FInal_Speaker_Identification/data/50_speakers_audio_data/Speaker_0014/Speaker_0014_00045.wav,Speaker_0014,Speaker_0014_00045.wav,59.9793125
/Users/gertrudisrms/Documents/Kuliah/Semester 6/Speech Processing/Projek_FInal_Speaker_Identification/data/50_speakers_audio_data/Speaker_0014/Speaker_0014_00041.wav,Speaker_0014,Speaker_0014_00041.wav,59.9793125
/Users/gertrudisrms/Documents/Kuliah/Semester 6/Speech Processing/Projek_FInal_Speaker_Identification/data/50_speakers_audio_data/Speaker_0014/Speaker_0014_00040.wav,Speaker_0014,Speaker_0014_00040.wav,59.9793125
/Users/gertrudisrms/Documents/Kuliah/Semester 6/Speech Processing/Projek_FInal_Speaker_Identification/data/50_speakers_audio_data/Speaker_0014/Speaker_0014_00042.wav,Speaker_0014,Speaker_0014_00042.wav,59.9793125
/Users/gertrudisrms/Documents/Kuliah/Semester 6/Speech Processing/Projek_FInal_Speaker_Identification/data/50_speakers_audio_data/Speaker_0014/Speaker_0014_00043.wav,Speaker_0014,Speaker_0014_00043.wav,59.9793125
/Users/gertrudisrms/Documents/Kuliah/Semester 6/Speech Processing/Projek_FInal_Speaker_Identification/data/50_speakers_audio_data/Speaker_0014/Speaker_0014_00048.wav,Speaker_0014,Speaker_0014_00048.wav,59.9793125
/Users/gertrudisrms/Documents/Kuliah/Semester 6/Speech Processing/Projek_FInal_Speaker_Identification/data/50_speakers_audio_data/Speaker_0014/Speaker_0014_00049.wav,Speaker_0014,Speaker_0014_00049.wav,59.9793125
/Users/gertrudisrms/Documents/Kuliah/Semester 6/Speech Processing/Projek_FInal_Speaker_Identification/data/50_speakers_audio_data/Speaker_0014/Speaker_0014_00039.wav,Speaker_0014,Speaker_0014_00039.wav,59.9531875
/Users/gertrudisrms/Documents/Kuliah/Semester 6/Speech Processing/Projek_FInal_Speaker_Identification/data/50_speakers_audio_data/Speaker_0014/Speaker_0014_00005.wav,Speaker_0014,Speaker_0014_00005.wav,59.9793125
/Users/gertrudisrms/Documents/Kuliah/Semester 6/Speech Processing/Projek_FInal_Speaker_Identification/data/50_speakers_audio_data/Speaker_0014/Speaker_0014_00011.wav,Speaker_0014,Speaker_0014_00011.wav,59.9793125
/Users/gertrudisrms/Documents/Kuliah/Semester 6/Speech Processing/Projek_FInal_Speaker_Identification/data/50_speakers_audio_data/Speaker_0014/Speaker_0014_00010.wav,Speaker_0014,Speaker_0014_00010.wav,59.9793125
/Users/gertrudisrms/Documents/Kuliah/Semester 6/Speech Processing/Projek_FInal_Speaker_Identification/data/50_speakers_audio_data/Speaker_0014/Speaker_0014_00004.wav,Speaker_0014,Speaker_0014_00004.wav,59.9793125
/Users/gertrudisrms/Documents/Kuliah/Semester 6/Speech Processing/Projek_FInal_Speaker_Identification/data/50_speakers_audio_data/Speaker_0014/Speaker_0014_00038.wav,Speaker_0014,Speaker_0014_00038.wav,59.9793125
/Users/gertrudisrms/Documents/Kuliah/Semester 6/Speech Processing/Projek_FInal_Speaker_Identification/data/50_speakers_audio_data/Speaker_0014/Speaker_0014_00012.wav,Speaker_0014,Speaker_0014_00012.wav,59.9793125
/Users/gertrudisrms/Documents/Kuliah/Semester 6/Speech Processing/Projek_FInal_Speaker_Identification/data/50_speakers_audio_data/Speaker_0014/Speaker_0014_00006.wav,Speaker_0014,Speaker_0014_00006.wav,59.9793125
/Users/gertrudisrms/Documents/Kuliah/Semester 6/Speech Processing/Projek_FInal_Speaker_Identification/data/50_speakers_audio_data/Speaker_0014/Speaker_0014_00007.wav,Speaker_0014,Speaker_0014_00007.wav,59.9531875
/Users/gertrudisrms/Documents/Kuliah/Semester 6/Speech Processing/Projek_FInal_Speaker_Identification/data/50_speakers_audio_data/Speaker_0014/Speaker_0014_00013.wav,Speaker_0014,Speaker_0014_00013.wav,59.9793125
/Users/gertrudisrms/Documents/Kuliah/Semester 6/Speech Processing/Projek_FInal_Speaker_Identification/data/50_speakers_audio_data/Speaker_0014/Speaker_0014_00017.wav,Speaker_0014,Speaker_0014_00017.wav,59.9793125
/Users/gertrudisrms/Documents/Kuliah/Semester 6/Speech Processing/Projek_FInal_Speaker_Identification/data/50_speakers_audio_data/Speaker_0014/Speaker_0014_00003.wav,Speaker_0014,Speaker_0014_00003.wav,59.9793125
/Users/gertrudisrms/Documents/Kuliah/Semester 6/Speech Processing/Projek_FInal_Speaker_Identification/data/50_speakers_audio_data/Speaker_0014/Speaker_0014_00002.wav,Speaker_0014,Speaker_0014_00002.wav,59.9793125
/Users/gertrudisrms/Documents/Kuliah/Semester 6/Speech Processing/Projek_FInal_Speaker_Identification/data/50_speakers_audio_data/Speaker_0014/Speaker_0014_00016.wav,Speaker_0014,Speaker_0014_00016.wav,59.9793125
/Users/gertrudisrms/Documents/Kuliah/Semester 6/Speech Processing/Projek_FInal_Speaker_Identification/data/50_speakers_audio_data/Speaker_0014/Speaker_0014_00000.wav,Speaker_0014,Speaker_0014_00000.wav,59.9531875
/Users/gertrudisrms/Documents/Kuliah/Semester 6/Speech Processing/Projek_FInal_Speaker_Identification/data/50_speakers_audio_data/Speaker_0014/Speaker_0014_00014.wav,Speaker_0014,Speaker_0014_00014.wav,59.9793125
/Users/gertrudisrms/Documents/Kuliah/Semester 6/Speech Processing/Projek_FInal_Speaker_Identification/data/50_speakers_audio_data/Speaker_0014/Speaker_0014_00028.wav,Speaker_0014,Speaker_0014_00028.wav,59.9793125
/Users/gertrudisrms/Documents/Kuliah/Semester 6/Speech Processing/Projek_FInal_Speaker_Identification/data/50_speakers_audio_data/Speaker_0014/Speaker_0014_00029.wav,Speaker_0014,Speaker_0014_00029.wav,59.9793125
/Users/gertrudisrms/Documents/Kuliah/Semester 6/Speech Processing/Projek_FInal_Speaker_Identification/data/50_speakers_audio_data/Speaker_0014/Speaker_0014_00015.wav,Speaker_0014,Speaker_0014_00015.wav,59.9531875
/Users/gertrudisrms/Documents/Kuliah/Semester 6/Speech Processing/Projek_FInal_Speaker_Identification/data/50_speakers_audio_data/Speaker_0014/Speaker_0014_00001.wav,Speaker_0014,Speaker_0014_00001.wav,59.9793125
/Users/gertrudisrms/Documents/Kuliah/Semester 6/Speech Processing/Projek_FInal_Speaker_Identification/data/50_speakers_audio_data/Speaker_0013/Speaker_0013_00023.wav,Speaker_0013,Speaker_0013_00023.wav,59.9531875
/Users/gertrudisrms/Documents/Kuliah/Semester 6/Speech Processing/Projek_FInal_Speaker_Identification/data/50_speakers_audio_data/Speaker_0013/Speaker_0013_00036.wav,Speaker_0013,Speaker_0013_00036.wav,9.999875
/Users/gertrudisrms/Documents/Kuliah/Semester 6/Speech Processing/Projek_FInal_Speaker_Identification/data/50_speakers_audio_data/Speaker_0013/Speaker_0013_00022.wav,Speaker_0013,Speaker_0013_00022.wav,59.9793125
/Users/gertrudisrms/Documents/Kuliah/Semester 6/Speech Processing/Projek_FInal_Speaker_Identification/data/50_speakers_audio_data/Speaker_0013/Speaker_0013_00008.wav,Speaker_0013,Speaker_0013_00008.wav,59.9793125
/Users/gertrudisrms/Documents/Kuliah/Semester 6/Speech Processing/Projek_FInal_Speaker_Identification/data/50_speakers_audio_data/Speaker_0013/Speaker_0013_00034.wav,Speaker_0013,Speaker_0013_00034.wav,59.9793125
/Users/gertrudisrms/Documents/Kuliah/Semester 6/Speech Processing/Projek_FInal_Speaker_Identification/data/50_speakers_audio_data/Speaker_0013/Speaker_0013_00020.wav,Speaker_0013,Speaker_0013_00020.wav,59.9793125
/Users/gertrudisrms/Documents/Kuliah/Semester 6/Speech Processing/Projek_FInal_Speaker_Identification/data/50_speakers_audio_data/Speaker_0013/Speaker_0013_00021.wav,Speaker_0013,Speaker_0013_00021.wav,59.9793125
/Users/gertrudisrms/Documents/Kuliah/Semester 6/Speech Processing/Projek_FInal_Speaker_Identification/data/50_speakers_audio_data/Speaker_0013/Speaker_0013_00035.wav,Speaker_0013,Speaker_0013_00035.wav,59.9793125
/Users/gertrudisrms/Documents/Kuliah/Semester 6/Speech Processing/Projek_FInal_Speaker_Identification/data/50_speakers_audio_data/Speaker_0013/Speaker_0013_00009.wav,Speaker_0013,Speaker_0013_00009.wav,59.9793125
/Users/gertrudisrms/Documents/Kuliah/Semester 6/Speech Processing/Projek_FInal_Speaker_Identification/data/50_speakers_audio_data/Speaker_0013/Speaker_0013_00031.wav,Speaker_0013,Speaker_0013_00031.wav,59.9531875
/Users/gertrudisrms/Documents/Kuliah/Semester 6/Speech Processing/Projek_FInal_Speaker_Identification/data/50_speakers_audio_data/Speaker_0013/Speaker_0013_00025.wav,Speaker_0013,Speaker_0013_00025.wav,59.9793125
/Users/gertrudisrms/Documents/Kuliah/Semester 6/Speech Processing/Projek_FInal_Speaker_Identification/data/50_speakers_audio_data/Speaker_0013/Speaker_0013_00019.wav,Speaker_0013,Speaker_0013_00019.wav,59.9793125
/Users/gertrudisrms/Documents/Kuliah/Semester 6/Speech Processing/Projek_FInal_Speaker_Identification/data/50_speakers_audio_data/Speaker_0013/Speaker_0013_00018.wav,Speaker_0013,Speaker_0013_00018.wav,59.9793125
/Users/gertrudisrms/Documents/Kuliah/Semester 6/Speech Processing/Projek_FInal_Speaker_Identification/data/50_speakers_audio_data/Speaker_0013/Speaker_0013_00024.wav,Speaker_0013,Speaker_0013_00024.wav,59.9793125
/Users/gertrudisrms/Documents/Kuliah/Semester 6/Speech Processing/Projek_FInal_Speaker_Identification/data/50_speakers_audio_data/Speaker_0013/Speaker_0013_00030.wav,Speaker_0013,Speaker_0013_00030.wav,59.9793125
/Users/gertrudisrms/Documents/Kuliah/Semester 6/Speech Processing/Projek_FInal_Speaker_Identification/data/50_speakers_audio_data/Speaker_0013/Speaker_0013_00026.wav,Speaker_0013,Speaker_0013_00026.wav,59.9793125
/Users/gertrudisrms/Documents/Kuliah/Semester 6/Speech Processing/Projek_FInal_Speaker_Identification/data/50_speakers_audio_data/Speaker_0013/Speaker_0013_00032.wav,Speaker_0013,Speaker_0013_00032.wav,59.9793125
/Users/gertrudisrms/Documents/Kuliah/Semester 6/Speech Processing/Projek_FInal_Speaker_Identification/data/50_speakers_audio_data/Speaker_0013/Speaker_0013_00033.wav,Speaker_0013,Speaker_0013_00033.wav,59.9793125
/Users/gertrudisrms/Documents/Kuliah/Semester 6/Speech Processing/Projek_FInal_Speaker_Identification/data/50_speakers_audio_data/Speaker_0013/Speaker_0013_00027.wav,Speaker_0013,Speaker_0013_00027.wav,59.9793125
/Users/gertrudisrms/Documents/Kuliah/Semester 6/Speech Processing/Projek_FInal_Speaker_Identification/data/50_speakers_audio_data/Speaker_0013/Speaker_0013_00002.wav,Speaker_0013,Speaker_0013_00002.wav,59.9793125
/Users/gertrudisrms/Documents/Kuliah/Semester 6/Speech Processing/Projek_FInal_Speaker_Identification/data/50_speakers_audio_data/Speaker_0013/Speaker_0013_00016.wav,Speaker_0013,Speaker_0013_00016.wav,59.9793125
/Users/gertrudisrms/Documents/Kuliah/Semester 6/Speech Processing/Projek_FInal_Speaker_Identification/data/50_speakers_audio_data/Speaker_0013/Speaker_0013_00017.wav,Speaker_0013,Speaker_0013_00017.wav,59.9793125
/Users/gertrudisrms/Documents/Kuliah/Semester 6/Speech Processing/Projek_FInal_Speaker_Identification/data/50_speakers_audio_data/Speaker_0013/Speaker_0013_00003.wav,Speaker_0013,Speaker_0013_00003.wav,59.9793125
/Users/gertrudisrms/Documents/Kuliah/Semester 6/Speech Processing/Projek_FInal_Speaker_Identification/data/50_speakers_audio_data/Speaker_0013/Speaker_0013_00029.wav,Speaker_0013,Speaker_0013_00029.wav,59.9793125
/Users/gertrudisrms/Documents/Kuliah/Semester 6/Speech Processing/Projek_FInal_Speaker_Identification/data/50_speakers_audio_data/Speaker_0013/Speaker_0013_00015.wav,Speaker_0013,Speaker_0013_00015.wav,59.9531875
/Users/gertrudisrms/Documents/Kuliah/Semester 6/Speech Processing/Projek_FInal_Speaker_Identification/data/50_speakers_audio_data/Speaker_0013/Speaker_0013_00001.wav,Speaker_0013,Speaker_0013_00001.wav,59.9793125
/Users/gertrudisrms/Documents/Kuliah/Semester 6/Speech Processing/Projek_FInal_Speaker_Identification/data/50_speakers_audio_data/Speaker_0013/Speaker_0013_00000.wav,Speaker_0013,Speaker_0013_00000.wav,59.9531875
/Users/gertrudisrms/Documents/Kuliah/Semester 6/Speech Processing/Projek_FInal_Speaker_Identification/data/50_speakers_audio_data/Speaker_0013/Speaker_0013_00014.wav,Speaker_0013,Speaker_0013_00014.wav,59.9793125
/Users/gertrudisrms/Documents/Kuliah/Semester 6/Speech Processing/Projek_FInal_Speaker_Identification/data/50_speakers_audio_data/Speaker_0013/Speaker_0013_00028.wav,Speaker_0013,Speaker_0013_00028.wav,59.9793125
/Users/gertrudisrms/Documents/Kuliah/Semester 6/Speech Processing/Projek_FInal_Speaker_Identification/data/50_speakers_audio_data/Speaker_0013/Speaker_0013_00010.wav,Speaker_0013,Speaker_0013_00010.wav,59.9793125
/Users/gertrudisrms/Documents/Kuliah/Semester 6/Speech Processing/Projek_FInal_Speaker_Identification/data/50_speakers_audio_data/Speaker_0013/Speaker_0013_00004.wav,Speaker_0013,Speaker_0013_00004.wav,59.9793125
/Users/gertrudisrms/Documents/Kuliah/Semester 6/Speech Processing/Projek_FInal_Speaker_Identification/data/50_speakers_audio_data/Speaker_0013/Speaker_0013_00005.wav,Speaker_0013,Speaker_0013_00005.wav,59.9793125
/Users/gertrudisrms/Documents/Kuliah/Semester 6/Speech Processing/Projek_FInal_Speaker_Identification/data/50_speakers_audio_data/Speaker_0013/Speaker_0013_00011.wav,Speaker_0013,Speaker_0013_00011.wav,59.9793125
/Users/gertrudisrms/Documents/Kuliah/Semester 6/Speech Processing/Projek_FInal_Speaker_Identification/data/50_speakers_audio_data/Speaker_0013/Speaker_0013_00007.wav,Speaker_0013,Speaker_0013_00007.wav,59.9531875
/Users/gertrudisrms/Documents/Kuliah/Semester 6/Speech Processing/Projek_FInal_Speaker_Identification/data/50_speakers_audio_data/Speaker_0013/Speaker_0013_00013.wav,Speaker_0013,Speaker_0013_00013.wav,59.9793125
/Users/gertrudisrms/Documents/Kuliah/Semester 6/Speech Processing/Projek_FInal_Speaker_Identification/data/50_speakers_audio_data/Speaker_0013/Speaker_0013_00012.wav,Speaker_0013,Speaker_0013_00012.wav,59.9793125
/Users/gertrudisrms/Documents/Kuliah/Semester 6/Speech Processing/Projek_FInal_Speaker_Identification/data/50_speakers_audio_data/Speaker_0013/Speaker_0013_00006.wav,Speaker_0013,Speaker_0013_00006.wav,59.9793125
/Users/gertrudisrms/Documents/Kuliah/Semester 6/Speech Processing/Projek_FInal_Speaker_Identification/data/50_speakers_audio_data/Speaker_0012/Speaker_0012_00023.wav,Speaker_0012,Speaker_0012_00023.wav,59.9531875
/Users/gertrudisrms/Documents/Kuliah/Semester 6/Speech Processing/Projek_FInal_Speaker_Identification/data/50_speakers_audio_data/Speaker_0012/Speaker_0012_00022.wav,Speaker_0012,Speaker_0012_00022.wav,59.9793125
/Users/gertrudisrms/Documents/Kuliah/Semester 6/Speech Processing/Projek_FInal_Speaker_Identification/data/50_speakers_audio_data/Speaker_0012/Speaker_0012_00020.wav,Speaker_0012,Speaker_0012_00020.wav,59.9793125
/Users/gertrudisrms/Documents/Kuliah/Semester 6/Speech Processing/Projek_FInal_Speaker_Identification/data/50_speakers_audio_data/Speaker_0012/Speaker_0012_00008.wav,Speaker_0012,Speaker_0012_00008.wav,59.9793125
/Users/gertrudisrms/Documents/Kuliah/Semester 6/Speech Processing/Projek_FInal_Speaker_Identification/data/50_speakers_audio_data/Speaker_0012/Speaker_0012_00009.wav,Speaker_0012,Speaker_0012_00009.wav,59.9793125
/Users/gertrudisrms/Documents/Kuliah/Semester 6/Speech Processing/Projek_FInal_Speaker_Identification/data/50_speakers_audio_data/Speaker_0012/Speaker_0012_00021.wav,Speaker_0012,Speaker_0012_00021.wav,59.9793125
/Users/gertrudisrms/Documents/Kuliah/Semester 6/Speech Processing/Projek_FInal_Speaker_Identification/data/50_speakers_audio_data/Speaker_0012/Speaker_0012_00019.wav,Speaker_0012,Speaker_0012_00019.wav,59.9793125
/Users/gertrudisrms/Documents/Kuliah/Semester 6/Speech Processing/Projek_FInal_Speaker_Identification/data/50_speakers_audio_data/Speaker_0012/Speaker_0012_00031.wav,Speaker_0012,Speaker_0012_00031.wav,59.9793125
/Users/gertrudisrms/Documents/Kuliah/Semester 6/Speech Processing/Projek_FInal_Speaker_Identification/data/50_speakers_audio_data/Speaker_0012/Speaker_0012_00025.wav,Speaker_0012,Speaker_0012_00025.wav,59.9531875
/Users/gertrudisrms/Documents/Kuliah/Semester 6/Speech Processing/Projek_FInal_Speaker_Identification/data/50_speakers_audio_data/Speaker_0012/Speaker_0012_00024.wav,Speaker_0012,Speaker_0012_00024.wav,59.9793125
/Users/gertrudisrms/Documents/Kuliah/Semester 6/Speech Processing/Projek_FInal_Speaker_Identification/data/50_speakers_audio_data/Speaker_0012/Speaker_0012_00030.wav,Speaker_0012,Speaker_0012_00030.wav,59.9531875
/Users/gertrudisrms/Documents/Kuliah/Semester 6/Speech Processing/Projek_FInal_Speaker_Identification/data/50_speakers_audio_data/Speaker_0012/Speaker_0012_00018.wav,Speaker_0012,Speaker_0012_00018.wav,59.9793125
/Users/gertrudisrms/Documents/Kuliah/Semester 6/Speech Processing/Projek_FInal_Speaker_Identification/data/50_speakers_audio_data/Speaker_0012/Speaker_0012_00026.wav,Speaker_0012,Speaker_0012_00026.wav,59.9793125
/Users/gertrudisrms/Documents/Kuliah/Semester 6/Speech Processing/Projek_FInal_Speaker_Identification/data/50_speakers_audio_data/Speaker_0012/Speaker_0012_00032.wav,Speaker_0012,Speaker_0012_00032.wav,59.9793125
/Users/gertrudisrms/Documents/Kuliah/Semester 6/Speech Processing/Projek_FInal_Speaker_Identification/data/50_speakers_audio_data/Speaker_0012/Speaker_0012_00033.wav,Speaker_0012,Speaker_0012_00033.wav,14.233875
/Users/gertrudisrms/Documents/Kuliah/Semester 6/Speech Processing/Projek_FInal_Speaker_Identification/data/50_speakers_audio_data/Speaker_0012/Speaker_0012_00027.wav,Speaker_0012,Speaker_0012_00027.wav,59.9793125
/Users/gertrudisrms/Documents/Kuliah/Semester 6/Speech Processing/Projek_FInal_Speaker_Identification/data/50_speakers_audio_data/Speaker_0012/Speaker_0012_00002.wav,Speaker_0012,Speaker_0012_00002.wav,59.9793125
/Users/gertrudisrms/Documents/Kuliah/Semester 6/Speech Processing/Projek_FInal_Speaker_Identification/data/50_speakers_audio_data/Speaker_0012/Speaker_0012_00016.wav,Speaker_0012,Speaker_0012_00016.wav,59.9793125
/Users/gertrudisrms/Documents/Kuliah/Semester 6/Speech Processing/Projek_FInal_Speaker_Identification/data/50_speakers_audio_data/Speaker_0012/Speaker_0012_00017.wav,Speaker_0012,Speaker_0012_00017.wav,59.9793125
/Users/gertrudisrms/Documents/Kuliah/Semester 6/Speech Processing/Projek_FInal_Speaker_Identification/data/50_speakers_audio_data/Speaker_0012/Speaker_0012_00003.wav,Speaker_0012,Speaker_0012_00003.wav,59.9793125
/Users/gertrudisrms/Documents/Kuliah/Semester 6/Speech Processing/Projek_FInal_Speaker_Identification/data/50_speakers_audio_data/Speaker_0012/Speaker_0012_00015.wav,Speaker_0012,Speaker_0012_00015.wav,59.9531875
/Users/gertrudisrms/Documents/Kuliah/Semester 6/Speech Processing/Projek_FInal_Speaker_Identification/data/50_speakers_audio_data/Speaker_0012/Speaker_0012_00001.wav,Speaker_0012,Speaker_0012_00001.wav,59.9793125
/Users/gertrudisrms/Documents/Kuliah/Semester 6/Speech Processing/Projek_FInal_Speaker_Identification/data/50_speakers_audio_data/Speaker_0012/Speaker_0012_00029.wav,Speaker_0012,Speaker_0012_00029.wav,59.9793125
/Users/gertrudisrms/Documents/Kuliah/Semester 6/Speech Processing/Projek_FInal_Speaker_Identification/data/50_speakers_audio_data/Speaker_0012/Speaker_0012_00028.wav,Speaker_0012,Speaker_0012_00028.wav,59.9793125
/Users/gertrudisrms/Documents/Kuliah/Semester 6/Speech Processing/Projek_FInal_Speaker_Identification/data/50_speakers_audio_data/Speaker_0012/Speaker_0012_00000.wav,Speaker_0012,Speaker_0012_00000.wav,59.9531875
/Users/gertrudisrms/Documents/Kuliah/Semester 6/Speech Processing/Projek_FInal_Speaker_Identification/data/50_speakers_audio_data/Speaker_0012/Speaker_0012_00014.wav,Speaker_0012,Speaker_0012_00014.wav,59.9793125
/Users/gertrudisrms/Documents/Kuliah/Semester 6/Speech Processing/Projek_FInal_Speaker_Identification/data/50_speakers_audio_data/Speaker_0012/Speaker_0012_00010.wav,Speaker_0012,Speaker_0012_00010.wav,59.9793125
/Users/gertrudisrms/Documents/Kuliah/Semester 6/Speech Processing/Projek_FInal_Speaker_Identification/data/50_speakers_audio_data/Speaker_0012/Speaker_0012_00004.wav,Speaker_0012,Speaker_0012_00004.wav,59.9793125
/Users/gertrudisrms/Documents/Kuliah/Semester 6/Speech Processing/Projek_FInal_Speaker_Identification/data/50_speakers_audio_data/Speaker_0012/Speaker_0012_00005.wav,Speaker_0012,Speaker_0012_00005.wav,59.9793125
/Users/gertrudisrms/Documents/Kuliah/Semester 6/Speech Processing/Projek_FInal_Speaker_Identification/data/50_speakers_audio_data/Speaker_0012/Speaker_0012_00011.wav,Speaker_0012,Speaker_0012_00011.wav,59.9793125
/Users/gertrudisrms/Documents/Kuliah/Semester 6/Speech Processing/Projek_FInal_Speaker_Identification/data/50_speakers_audio_data/Speaker_0012/Speaker_0012_00007.wav,Speaker_0012,Speaker_0012_00007.wav,59.9531875
/Users/gertrudisrms/Documents/Kuliah/Semester 6/Speech Processing/Projek_FInal_Speaker_Identification/data/50_speakers_audio_data/Speaker_0012/Speaker_0012_00013.wav,Speaker_0012,Speaker_0012_00013.wav,59.9793125
/Users/gertrudisrms/Documents/Kuliah/Semester 6/Speech Processing/Projek_FInal_Speaker_Identification/data/50_speakers_audio_data/Speaker_0012/Speaker_0012_00012.wav,Speaker_0012,Speaker_0012_00012.wav,59.9793125
/Users/gertrudisrms/Documents/Kuliah/Semester 6/Speech Processing/Projek_FInal_Speaker_Identification/data/50_speakers_audio_data/Speaker_0012/Speaker_0012_00006.wav,Speaker_0012,Speaker_0012_00006.wav,59.9793125
/Users/gertrudisrms/Documents/Kuliah/Semester 6/Speech Processing/Projek_FInal_Speaker_Identification/data/50_speakers_audio_data/Speaker_0015/Speaker_0015_00024.wav,Speaker_0015,Speaker_0015_00024.wav,59.9793125
/Users/gertrudisrms/Documents/Kuliah/Semester 6/Speech Processing/Projek_FInal_Speaker_Identification/data/50_speakers_audio_data/Speaker_0015/Speaker_0015_00030.wav,Speaker_0015,Speaker_0015_00030.wav,59.9793125
/Users/gertrudisrms/Documents/Kuliah/Semester 6/Speech Processing/Projek_FInal_Speaker_Identification/data/50_speakers_audio_data/Speaker_0015/Speaker_0015_00018.wav,Speaker_0015,Speaker_0015_00018.wav,59.9793125
/Users/gertrudisrms/Documents/Kuliah/Semester 6/Speech Processing/Projek_FInal_Speaker_Identification/data/50_speakers_audio_data/Speaker_0015/Speaker_0015_00019.wav,Speaker_0015,Speaker_0015_00019.wav,59.9793125
/Users/gertrudisrms/Documents/Kuliah/Semester 6/Speech Processing/Projek_FInal_Speaker_Identification/data/50_speakers_audio_data/Speaker_0015/Speaker_0015_00031.wav,Speaker_0015,Speaker_0015_00031.wav,59.9793125
/Users/gertrudisrms/Documents/Kuliah/Semester 6/Speech Processing/Projek_FInal_Speaker_Identification/data/50_speakers_audio_data/Speaker_0015/Speaker_0015_00025.wav,Speaker_0015,Speaker_0015_00025.wav,59.9793125
/Users/gertrudisrms/Documents/Kuliah/Semester 6/Speech Processing/Projek_FInal_Speaker_Identification/data/50_speakers_audio_data/Speaker_0015/Speaker_0015_00033.wav,Speaker_0015,Speaker_0015_00033.wav,59.9531875
/Users/gertrudisrms/Documents/Kuliah/Semester 6/Speech Processing/Projek_FInal_Speaker_Identification/data/50_speakers_audio_data/Speaker_0015/Speaker_0015_00027.wav,Speaker_0015,Speaker_0015_00027.wav,59.9793125
/Users/gertrudisrms/Documents/Kuliah/Semester 6/Speech Processing/Projek_FInal_Speaker_Identification/data/50_speakers_audio_data/Speaker_0015/Speaker_0015_00026.wav,Speaker_0015,Speaker_0015_00026.wav,59.9531875
/Users/gertrudisrms/Documents/Kuliah/Semester 6/Speech Processing/Projek_FInal_Speaker_Identification/data/50_speakers_audio_data/Speaker_0015/Speaker_0015_00032.wav,Speaker_0015,Speaker_0015_00032.wav,59.9793125
/Users/gertrudisrms/Documents/Kuliah/Semester 6/Speech Processing/Projek_FInal_Speaker_Identification/data/50_speakers_audio_data/Speaker_0015/Speaker_0015_00036.wav,Speaker_0015,Speaker_0015_00036.wav,59.9793125
/Users/gertrudisrms/Documents/Kuliah/Semester 6/Speech Processing/Projek_FInal_Speaker_Identification/data/50_speakers_audio_data/Speaker_0015/Speaker_0015_00022.wav,Speaker_0015,Speaker_0015_00022.wav,59.9793125
/Users/gertrudisrms/Documents/Kuliah/Semester 6/Speech Processing/Projek_FInal_Speaker_Identification/data/50_speakers_audio_data/Speaker_0015/Speaker_0015_00023.wav,Speaker_0015,Speaker_0015_00023.wav,59.9531875
/Users/gertrudisrms/Documents/Kuliah/Semester 6/Speech Processing/Projek_FInal_Speaker_Identification/data/50_speakers_audio_data/Speaker_0015/Speaker_0015_00037.wav,Speaker_0015,Speaker_0015_00037.wav,11.9089375
/Users/gertrudisrms/Documents/Kuliah/Semester 6/Speech Processing/Projek_FInal_Speaker_Identification/data/50_speakers_audio_data/Speaker_0015/Speaker_0015_00009.wav,Speaker_0015,Speaker_0015_00009.wav,59.9793125
/Users/gertrudisrms/Documents/Kuliah/Semester 6/Speech Processing/Projek_FInal_Speaker_Identification/data/50_speakers_audio_data/Speaker_0015/Speaker_0015_00021.wav,Speaker_0015,Speaker_0015_00021.wav,59.9793125
/Users/gertrudisrms/Documents/Kuliah/Semester 6/Speech Processing/Projek_FInal_Speaker_Identification/data/50_speakers_audio_data/Speaker_0015/Speaker_0015_00035.wav,Speaker_0015,Speaker_0015_00035.wav,59.9793125
/Users/gertrudisrms/Documents/Kuliah/Semester 6/Speech Processing/Projek_FInal_Speaker_Identification/data/50_speakers_audio_data/Speaker_0015/Speaker_0015_00034.wav,Speaker_0015,Speaker_0015_00034.wav,59.9793125
/Users/gertrudisrms/Documents/Kuliah/Semester 6/Speech Processing/Projek_FInal_Speaker_Identification/data/50_speakers_audio_data/Speaker_0015/Speaker_0015_00020.wav,Speaker_0015,Speaker_0015_00020.wav,59.9793125
/Users/gertrudisrms/Documents/Kuliah/Semester 6/Speech Processing/Projek_FInal_Speaker_Identification/data/50_speakers_audio_data/Speaker_0015/Speaker_0015_00008.wav,Speaker_0015,Speaker_0015_00008.wav,59.9793125
/Users/gertrudisrms/Documents/Kuliah/Semester 6/Speech Processing/Projek_FInal_Speaker_Identification/data/50_speakers_audio_data/Speaker_0015/Speaker_0015_00005.wav,Speaker_0015,Speaker_0015_00005.wav,59.9793125
/Users/gertrudisrms/Documents/Kuliah/Semester 6/Speech Processing/Projek_FInal_Speaker_Identification/data/50_speakers_audio_data/Speaker_0015/Speaker_0015_00011.wav,Speaker_0015,Speaker_0015_00011.wav,59.9793125
/Users/gertrudisrms/Documents/Kuliah/Semester 6/Speech Processing/Projek_FInal_Speaker_Identification/data/50_speakers_audio_data/Speaker_0015/Speaker_0015_00010.wav,Speaker_0015,Speaker_0015_00010.wav,59.9793125
/Users/gertrudisrms/Documents/Kuliah/Semester 6/Speech Processing/Projek_FInal_Speaker_Identification/data/50_speakers_audio_data/Speaker_0015/Speaker_0015_00004.wav,Speaker_0015,Speaker_0015_00004.wav,59.9793125
/Users/gertrudisrms/Documents/Kuliah/Semester 6/Speech Processing/Projek_FInal_Speaker_Identification/data/50_speakers_audio_data/Speaker_0015/Speaker_0015_00012.wav,Speaker_0015,Speaker_0015_00012.wav,59.9793125
/Users/gertrudisrms/Documents/Kuliah/Semester 6/Speech Processing/Projek_FInal_Speaker_Identification/data/50_speakers_audio_data/Speaker_0015/Speaker_0015_00006.wav,Speaker_0015,Speaker_0015_00006.wav,59.9793125
/Users/gertrudisrms/Documents/Kuliah/Semester 6/Speech Processing/Projek_FInal_Speaker_Identification/data/50_speakers_audio_data/Speaker_0015/Speaker_0015_00007.wav,Speaker_0015,Speaker_0015_00007.wav,59.9531875
/Users/gertrudisrms/Documents/Kuliah/Semester 6/Speech Processing/Projek_FInal_Speaker_Identification/data/50_speakers_audio_data/Speaker_0015/Speaker_0015_00013.wav,Speaker_0015,Speaker_0015_00013.wav,59.9793125
/Users/gertrudisrms/Documents/Kuliah/Semester 6/Speech Processing/Projek_FInal_Speaker_Identification/data/50_speakers_audio_data/Speaker_0015/Speaker_0015_00017.wav,Speaker_0015,Speaker_0015_00017.wav,59.9793125
/Users/gertrudisrms/Documents/Kuliah/Semester 6/Speech Processing/Projek_FInal_Speaker_Identification/data/50_speakers_audio_data/Speaker_0015/Speaker_0015_00003.wav,Speaker_0015,Speaker_0015_00003.wav,59.9793125
/Users/gertrudisrms/Documents/Kuliah/Semester 6/Speech Processing/Projek_FInal_Speaker_Identification/data/50_speakers_audio_data/Speaker_0015/Speaker_0015_00002.wav,Speaker_0015,Speaker_0015_00002.wav,59.9793125
/Users/gertrudisrms/Documents/Kuliah/Semester 6/Speech Processing/Projek_FInal_Speaker_Identification/data/50_speakers_audio_data/Speaker_0015/Speaker_0015_00016.wav,Speaker_0015,Speaker_0015_00016.wav,59.9793125
/Users/gertrudisrms/Documents/Kuliah/Semester 6/Speech Processing/Projek_FInal_Speaker_Identification/data/50_speakers_audio_data/Speaker_0015/Speaker_0015_00028.wav,Speaker_0015,Speaker_0015_00028.wav,59.9793125
/Users/gertrudisrms/Documents/Kuliah/Semester 6/Speech Processing/Projek_FInal_Speaker_Identification/data/50_speakers_audio_data/Speaker_0015/Speaker_0015_00000.wav,Speaker_0015,Speaker_0015_00000.wav,59.9531875
/Users/gertrudisrms/Documents/Kuliah/Semester 6/Speech Processing/Projek_FInal_Speaker_Identification/data/50_speakers_audio_data/Speaker_0015/Speaker_0015_00014.wav,Speaker_0015,Speaker_0015_00014.wav,59.9793125
/Users/gertrudisrms/Documents/Kuliah/Semester 6/Speech Processing/Projek_FInal_Speaker_Identification/data/50_speakers_audio_data/Speaker_0015/Speaker_0015_00015.wav,Speaker_0015,Speaker_0015_00015.wav,59.9531875
/Users/gertrudisrms/Documents/Kuliah/Semester 6/Speech Processing/Projek_FInal_Speaker_Identification/data/50_speakers_audio_data/Speaker_0015/Speaker_0015_00001.wav,Speaker_0015,Speaker_0015_00001.wav,59.9793125
/Users/gertrudisrms/Documents/Kuliah/Semester 6/Speech Processing/Projek_FInal_Speaker_Identification/data/50_speakers_audio_data/Speaker_0015/Speaker_0015_00029.wav,Speaker_0015,Speaker_0015_00029.wav,59.9793125
/Users/gertrudisrms/Documents/Kuliah/Semester 6/Speech Processing/Projek_FInal_Speaker_Identification/data/50_speakers_audio_data/Speaker_0023/Speaker_0023_00005.wav,Speaker_0023,Speaker_0023_00005.wav,59.9793125
/Users/gertrudisrms/Documents/Kuliah/Semester 6/Speech Processing/Projek_FInal_Speaker_Identification/data/50_speakers_audio_data/Speaker_0023/Speaker_0023_00011.wav,Speaker_0023,Speaker_0023_00011.wav,59.9793125
/Users/gertrudisrms/Documents/Kuliah/Semester 6/Speech Processing/Projek_FInal_Speaker_Identification/data/50_speakers_audio_data/Speaker_0023/Speaker_0023_00038.wav,Speaker_0023,Speaker_0023_00038.wav,21.4151875
/Users/gertrudisrms/Documents/Kuliah/Semester 6/Speech Processing/Projek_FInal_Speaker_Identification/data/50_speakers_audio_data/Speaker_0023/Speaker_0023_00010.wav,Speaker_0023,Speaker_0023_00010.wav,59.9793125
/Users/gertrudisrms/Documents/Kuliah/Semester 6/Speech Processing/Projek_FInal_Speaker_Identification/data/50_speakers_audio_data/Speaker_0023/Speaker_0023_00004.wav,Speaker_0023,Speaker_0023_00004.wav,59.9793125
/Users/gertrudisrms/Documents/Kuliah/Semester 6/Speech Processing/Projek_FInal_Speaker_Identification/data/50_speakers_audio_data/Speaker_0023/Speaker_0023_00012.wav,Speaker_0023,Speaker_0023_00012.wav,59.9793125
/Users/gertrudisrms/Documents/Kuliah/Semester 6/Speech Processing/Projek_FInal_Speaker_Identification/data/50_speakers_audio_data/Speaker_0023/Speaker_0023_00006.wav,Speaker_0023,Speaker_0023_00006.wav,59.9793125
/Users/gertrudisrms/Documents/Kuliah/Semester 6/Speech Processing/Projek_FInal_Speaker_Identification/data/50_speakers_audio_data/Speaker_0023/Speaker_0023_00007.wav,Speaker_0023,Speaker_0023_00007.wav,59.9531875
/Users/gertrudisrms/Documents/Kuliah/Semester 6/Speech Processing/Projek_FInal_Speaker_Identification/data/50_speakers_audio_data/Speaker_0023/Speaker_0023_00013.wav,Speaker_0023,Speaker_0023_00013.wav,59.9793125
/Users/gertrudisrms/Documents/Kuliah/Semester 6/Speech Processing/Projek_FInal_Speaker_Identification/data/50_speakers_audio_data/Speaker_0023/Speaker_0023_00017.wav,Speaker_0023,Speaker_0023_00017.wav,59.9793125
/Users/gertrudisrms/Documents/Kuliah/Semester 6/Speech Processing/Projek_FInal_Speaker_Identification/data/50_speakers_audio_data/Speaker_0023/Speaker_0023_00003.wav,Speaker_0023,Speaker_0023_00003.wav,59.9793125
/Users/gertrudisrms/Documents/Kuliah/Semester 6/Speech Processing/Projek_FInal_Speaker_Identification/data/50_speakers_audio_data/Speaker_0023/Speaker_0023_00002.wav,Speaker_0023,Speaker_0023_00002.wav,59.9793125
/Users/gertrudisrms/Documents/Kuliah/Semester 6/Speech Processing/Projek_FInal_Speaker_Identification/data/50_speakers_audio_data/Speaker_0023/Speaker_0023_00016.wav,Speaker_0023,Speaker_0023_00016.wav,59.9793125
/Users/gertrudisrms/Documents/Kuliah/Semester 6/Speech Processing/Projek_FInal_Speaker_Identification/data/50_speakers_audio_data/Speaker_0023/Speaker_0023_00028.wav,Speaker_0023,Speaker_0023_00028.wav,59.9793125
/Users/gertrudisrms/Documents/Kuliah/Semester 6/Speech Processing/Projek_FInal_Speaker_Identification/data/50_speakers_audio_data/Speaker_0023/Speaker_0023_00000.wav,Speaker_0023,Speaker_0023_00000.wav,59.9531875
/Users/gertrudisrms/Documents/Kuliah/Semester 6/Speech Processing/Projek_FInal_Speaker_Identification/data/50_speakers_audio_data/Speaker_0023/Speaker_0023_00014.wav,Speaker_0023,Speaker_0023_00014.wav,59.9793125
/Users/gertrudisrms/Documents/Kuliah/Semester 6/Speech Processing/Projek_FInal_Speaker_Identification/data/50_speakers_audio_data/Speaker_0023/Speaker_0023_00015.wav,Speaker_0023,Speaker_0023_00015.wav,59.9531875
/Users/gertrudisrms/Documents/Kuliah/Semester 6/Speech Processing/Projek_FInal_Speaker_Identification/data/50_speakers_audio_data/Speaker_0023/Speaker_0023_00001.wav,Speaker_0023,Speaker_0023_00001.wav,59.9793125
/Users/gertrudisrms/Documents/Kuliah/Semester 6/Speech Processing/Projek_FInal_Speaker_Identification/data/50_speakers_audio_data/Speaker_0023/Speaker_0023_00029.wav,Speaker_0023,Speaker_0023_00029.wav,59.9793125
/Users/gertrudisrms/Documents/Kuliah/Semester 6/Speech Processing/Projek_FInal_Speaker_Identification/data/50_speakers_audio_data/Speaker_0023/Speaker_0023_00024.wav,Speaker_0023,Speaker_0023_00024.wav,59.9793125
/Users/gertrudisrms/Documents/Kuliah/Semester 6/Speech Processing/Projek_FInal_Speaker_Identification/data/50_speakers_audio_data/Speaker_0023/Speaker_0023_00030.wav,Speaker_0023,Speaker_0023_00030.wav,59.9793125
/Users/gertrudisrms/Documents/Kuliah/Semester 6/Speech Processing/Projek_FInal_Speaker_Identification/data/50_speakers_audio_data/Speaker_0023/Speaker_0023_00018.wav,Speaker_0023,Speaker_0023_00018.wav,59.9793125
/Users/gertrudisrms/Documents/Kuliah/Semester 6/Speech Processing/Projek_FInal_Speaker_Identification/data/50_speakers_audio_data/Speaker_0023/Speaker_0023_00019.wav,Speaker_0023,Speaker_0023_00019.wav,59.9793125
/Users/gertrudisrms/Documents/Kuliah/Semester 6/Speech Processing/Projek_FInal_Speaker_Identification/data/50_speakers_audio_data/Speaker_0023/Speaker_0023_00031.wav,Speaker_0023,Speaker_0023_00031.wav,59.9531875
/Users/gertrudisrms/Documents/Kuliah/Semester 6/Speech Processing/Projek_FInal_Speaker_Identification/data/50_speakers_audio_data/Speaker_0023/Speaker_0023_00025.wav,Speaker_0023,Speaker_0023_00025.wav,59.9793125
/Users/gertrudisrms/Documents/Kuliah/Semester 6/Speech Processing/Projek_FInal_Speaker_Identification/data/50_speakers_audio_data/Speaker_0023/Speaker_0023_00033.wav,Speaker_0023,Speaker_0023_00033.wav,59.9793125
/Users/gertrudisrms/Documents/Kuliah/Semester 6/Speech Processing/Projek_FInal_Speaker_Identification/data/50_speakers_audio_data/Speaker_0023/Speaker_0023_00027.wav,Speaker_0023,Speaker_0023_00027.wav,59.9793125
/Users/gertrudisrms/Documents/Kuliah/Semester 6/Speech Processing/Projek_FInal_Speaker_Identification/data/50_speakers_audio_data/Speaker_0023/Speaker_0023_00026.wav,Speaker_0023,Speaker_0023_00026.wav,59.9793125
/Users/gertrudisrms/Documents/Kuliah/Semester 6/Speech Processing/Projek_FInal_Speaker_Identification/data/50_speakers_audio_data/Speaker_0023/Speaker_0023_00032.wav,Speaker_0023,Speaker_0023_00032.wav,59.9793125
/Users/gertrudisrms/Documents/Kuliah/Semester 6/Speech Processing/Projek_FInal_Speaker_Identification/data/50_speakers_audio_data/Speaker_0023/Speaker_0023_00036.wav,Speaker_0023,Speaker_0023_00036.wav,59.9793125
/Users/gertrudisrms/Documents/Kuliah/Semester 6/Speech Processing/Projek_FInal_Speaker_Identification/data/50_speakers_audio_data/Speaker_0023/Speaker_0023_00022.wav,Speaker_0023,Speaker_0023_00022.wav,59.9793125
/Users/gertrudisrms/Documents/Kuliah/Semester 6/Speech Processing/Projek_FInal_Speaker_Identification/data/50_speakers_audio_data/Speaker_0023/Speaker_0023_00023.wav,Speaker_0023,Speaker_0023_00023.wav,59.9531875
/Users/gertrudisrms/Documents/Kuliah/Semester 6/Speech Processing/Projek_FInal_Speaker_Identification/data/50_speakers_audio_data/Speaker_0023/Speaker_0023_00037.wav,Speaker_0023,Speaker_0023_00037.wav,59.9793125
/Users/gertrudisrms/Documents/Kuliah/Semester 6/Speech Processing/Projek_FInal_Speaker_Identification/data/50_speakers_audio_data/Speaker_0023/Speaker_0023_00009.wav,Speaker_0023,Speaker_0023_00009.wav,59.9793125
/Users/gertrudisrms/Documents/Kuliah/Semester 6/Speech Processing/Projek_FInal_Speaker_Identification/data/50_speakers_audio_data/Speaker_0023/Speaker_0023_00021.wav,Speaker_0023,Speaker_0023_00021.wav,59.9793125
/Users/gertrudisrms/Documents/Kuliah/Semester 6/Speech Processing/Projek_FInal_Speaker_Identification/data/50_speakers_audio_data/Speaker_0023/Speaker_0023_00035.wav,Speaker_0023,Speaker_0023_00035.wav,59.9793125
/Users/gertrudisrms/Documents/Kuliah/Semester 6/Speech Processing/Projek_FInal_Speaker_Identification/data/50_speakers_audio_data/Speaker_0023/Speaker_0023_00034.wav,Speaker_0023,Speaker_0023_00034.wav,59.9793125
/Users/gertrudisrms/Documents/Kuliah/Semester 6/Speech Processing/Projek_FInal_Speaker_Identification/data/50_speakers_audio_data/Speaker_0023/Speaker_0023_00020.wav,Speaker_0023,Speaker_0023_00020.wav,59.9793125
/Users/gertrudisrms/Documents/Kuliah/Semester 6/Speech Processing/Projek_FInal_Speaker_Identification/data/50_speakers_audio_data/Speaker_0023/Speaker_0023_00008.wav,Speaker_0023,Speaker_0023_00008.wav,59.9793125
/Users/gertrudisrms/Documents/Kuliah/Semester 6/Speech Processing/Projek_FInal_Speaker_Identification/data/50_speakers_audio_data/Speaker_0024/Speaker_0024_00002.wav,Speaker_0024,Speaker_0024_00002.wav,59.9793125
/Users/gertrudisrms/Documents/Kuliah/Semester 6/Speech Processing/Projek_FInal_Speaker_Identification/data/50_speakers_audio_data/Speaker_0024/Speaker_0024_00016.wav,Speaker_0024,Speaker_0024_00016.wav,59.9793125
/Users/gertrudisrms/Documents/Kuliah/Semester 6/Speech Processing/Projek_FInal_Speaker_Identification/data/50_speakers_audio_data/Speaker_0024/Speaker_0024_00017.wav,Speaker_0024,Speaker_0024_00017.wav,59.9793125
/Users/gertrudisrms/Documents/Kuliah/Semester 6/Speech Processing/Projek_FInal_Speaker_Identification/data/50_speakers_audio_data/Speaker_0024/Speaker_0024_00003.wav,Speaker_0024,Speaker_0024_00003.wav,59.9793125
/Users/gertrudisrms/Documents/Kuliah/Semester 6/Speech Processing/Projek_FInal_Speaker_Identification/data/50_speakers_audio_data/Speaker_0024/Speaker_0024_00015.wav,Speaker_0024,Speaker_0024_00015.wav,59.9531875
/Users/gertrudisrms/Documents/Kuliah/Semester 6/Speech Processing/Projek_FInal_Speaker_Identification/data/50_speakers_audio_data/Speaker_0024/Speaker_0024_00001.wav,Speaker_0024,Speaker_0024_00001.wav,59.9793125
/Users/gertrudisrms/Documents/Kuliah/Semester 6/Speech Processing/Projek_FInal_Speaker_Identification/data/50_speakers_audio_data/Speaker_0024/Speaker_0024_00029.wav,Speaker_0024,Speaker_0024_00029.wav,59.9793125
/Users/gertrudisrms/Documents/Kuliah/Semester 6/Speech Processing/Projek_FInal_Speaker_Identification/data/50_speakers_audio_data/Speaker_0024/Speaker_0024_00028.wav,Speaker_0024,Speaker_0024_00028.wav,59.9793125
/Users/gertrudisrms/Documents/Kuliah/Semester 6/Speech Processing/Projek_FInal_Speaker_Identification/data/50_speakers_audio_data/Speaker_0024/Speaker_0024_00000.wav,Speaker_0024,Speaker_0024_00000.wav,59.9531875
/Users/gertrudisrms/Documents/Kuliah/Semester 6/Speech Processing/Projek_FInal_Speaker_Identification/data/50_speakers_audio_data/Speaker_0024/Speaker_0024_00014.wav,Speaker_0024,Speaker_0024_00014.wav,59.9793125
/Users/gertrudisrms/Documents/Kuliah/Semester 6/Speech Processing/Projek_FInal_Speaker_Identification/data/50_speakers_audio_data/Speaker_0024/Speaker_0024_00038.wav,Speaker_0024,Speaker_0024_00038.wav,59.9793125
/Users/gertrudisrms/Documents/Kuliah/Semester 6/Speech Processing/Projek_FInal_Speaker_Identification/data/50_speakers_audio_data/Speaker_0024/Speaker_0024_00010.wav,Speaker_0024,Speaker_0024_00010.wav,59.9793125
/Users/gertrudisrms/Documents/Kuliah/Semester 6/Speech Processing/Projek_FInal_Speaker_Identification/data/50_speakers_audio_data/Speaker_0024/Speaker_0024_00004.wav,Speaker_0024,Speaker_0024_00004.wav,59.9793125
/Users/gertrudisrms/Documents/Kuliah/Semester 6/Speech Processing/Projek_FInal_Speaker_Identification/data/50_speakers_audio_data/Speaker_0024/Speaker_0024_00005.wav,Speaker_0024,Speaker_0024_00005.wav,59.9793125
/Users/gertrudisrms/Documents/Kuliah/Semester 6/Speech Processing/Projek_FInal_Speaker_Identification/data/50_speakers_audio_data/Speaker_0024/Speaker_0024_00011.wav,Speaker_0024,Speaker_0024_00011.wav,59.9793125
/Users/gertrudisrms/Documents/Kuliah/Semester 6/Speech Processing/Projek_FInal_Speaker_Identification/data/50_speakers_audio_data/Speaker_0024/Speaker_0024_00039.wav,Speaker_0024,Speaker_0024_00039.wav,59.9531875
/Users/gertrudisrms/Documents/Kuliah/Semester 6/Speech Processing/Projek_FInal_Speaker_Identification/data/50_speakers_audio_data/Speaker_0024/Speaker_0024_00007.wav,Speaker_0024,Speaker_0024_00007.wav,59.9531875
/Users/gertrudisrms/Documents/Kuliah/Semester 6/Speech Processing/Projek_FInal_Speaker_Identification/data/50_speakers_audio_data/Speaker_0024/Speaker_0024_00013.wav,Speaker_0024,Speaker_0024_00013.wav,59.9793125
/Users/gertrudisrms/Documents/Kuliah/Semester 6/Speech Processing/Projek_FInal_Speaker_Identification/data/50_speakers_audio_data/Speaker_0024/Speaker_0024_00012.wav,Speaker_0024,Speaker_0024_00012.wav,59.9793125
/Users/gertrudisrms/Documents/Kuliah/Semester 6/Speech Processing/Projek_FInal_Speaker_Identification/data/50_speakers_audio_data/Speaker_0024/Speaker_0024_00006.wav,Speaker_0024,Speaker_0024_00006.wav,59.9793125
/Users/gertrudisrms/Documents/Kuliah/Semester 6/Speech Processing/Projek_FInal_Speaker_Identification/data/50_speakers_audio_data/Speaker_0024/Speaker_0024_00049.wav,Speaker_0024,Speaker_0024_00049.wav,59.9793125
/Users/gertrudisrms/Documents/Kuliah/Semester 6/Speech Processing/Projek_FInal_Speaker_Identification/data/50_speakers_audio_data/Speaker_0024/Speaker_0024_00048.wav,Speaker_0024,Speaker_0024_00048.wav,59.9793125
/Users/gertrudisrms/Documents/Kuliah/Semester 6/Speech Processing/Projek_FInal_Speaker_Identification/data/50_speakers_audio_data/Speaker_0024/Speaker_0024_00040.wav,Speaker_0024,Speaker_0024_00040.wav,59.9793125
/Users/gertrudisrms/Documents/Kuliah/Semester 6/Speech Processing/Projek_FInal_Speaker_Identification/data/50_speakers_audio_data/Speaker_0024/Speaker_0024_00041.wav,Speaker_0024,Speaker_0024_00041.wav,59.9793125
/Users/gertrudisrms/Documents/Kuliah/Semester 6/Speech Processing/Projek_FInal_Speaker_Identification/data/50_speakers_audio_data/Speaker_0024/Speaker_0024_00043.wav,Speaker_0024,Speaker_0024_00043.wav,59.9793125
/Users/gertrudisrms/Documents/Kuliah/Semester 6/Speech Processing/Projek_FInal_Speaker_Identification/data/50_speakers_audio_data/Speaker_0024/Speaker_0024_00042.wav,Speaker_0024,Speaker_0024_00042.wav,59.9793125
/Users/gertrudisrms/Documents/Kuliah/Semester 6/Speech Processing/Projek_FInal_Speaker_Identification/data/50_speakers_audio_data/Speaker_0024/Speaker_0024_00052.wav,Speaker_0024,Speaker_0024_00052.wav,59.9793125
/Users/gertrudisrms/Documents/Kuliah/Semester 6/Speech Processing/Projek_FInal_Speaker_Identification/data/50_speakers_audio_data/Speaker_0024/Speaker_0024_00046.wav,Speaker_0024,Speaker_0024_00046.wav,59.9793125
/Users/gertrudisrms/Documents/Kuliah/Semester 6/Speech Processing/Projek_FInal_Speaker_Identification/data/50_speakers_audio_data/Speaker_0024/Speaker_0024_00047.wav,Speaker_0024,Speaker_0024_00047.wav,59.9531875
/Users/gertrudisrms/Documents/Kuliah/Semester 6/Speech Processing/Projek_FInal_Speaker_Identification/data/50_speakers_audio_data/Speaker_0024/Speaker_0024_00053.wav,Speaker_0024,Speaker_0024_00053.wav,23.1155
/Users/gertrudisrms/Documents/Kuliah/Semester 6/Speech Processing/Projek_FInal_Speaker_Identification/data/50_speakers_audio_data/Speaker_0024/Speaker_0024_00045.wav,Speaker_0024,Speaker_0024_00045.wav,59.9793125
/Users/gertrudisrms/Documents/Kuliah/Semester 6/Speech Processing/Projek_FInal_Speaker_Identification/data/50_speakers_audio_data/Speaker_0024/Speaker_0024_00051.wav,Speaker_0024,Speaker_0024_00051.wav,59.9793125
/Users/gertrudisrms/Documents/Kuliah/Semester 6/Speech Processing/Projek_FInal_Speaker_Identification/data/50_speakers_audio_data/Speaker_0024/Speaker_0024_00050.wav,Speaker_0024,Speaker_0024_00050.wav,59.9793125
/Users/gertrudisrms/Documents/Kuliah/Semester 6/Speech Processing/Projek_FInal_Speaker_Identification/data/50_speakers_audio_data/Speaker_0024/Speaker_0024_00044.wav,Speaker_0024,Speaker_0024_00044.wav,59.9793125
/Users/gertrudisrms/Documents/Kuliah/Semester 6/Speech Processing/Projek_FInal_Speaker_Identification/data/50_speakers_audio_data/Speaker_0024/Speaker_0024_00023.wav,Speaker_0024,Speaker_0024_00023.wav,59.9531875
/Users/gertrudisrms/Documents/Kuliah/Semester 6/Speech Processing/Projek_FInal_Speaker_Identification/data/50_speakers_audio_data/Speaker_0024/Speaker_0024_00037.wav,Speaker_0024,Speaker_0024_00037.wav,59.9793125
/Users/gertrudisrms/Documents/Kuliah/Semester 6/Speech Processing/Projek_FInal_Speaker_Identification/data/50_speakers_audio_data/Speaker_0024/Speaker_0024_00036.wav,Speaker_0024,Speaker_0024_00036.wav,59.9793125
/Users/gertrudisrms/Documents/Kuliah/Semester 6/Speech Processing/Projek_FInal_Speaker_Identification/data/50_speakers_audio_data/Speaker_0024/Speaker_0024_00022.wav,Speaker_0024,Speaker_0024_00022.wav,59.9793125
/Users/gertrudisrms/Documents/Kuliah/Semester 6/Speech Processing/Projek_FInal_Speaker_Identification/data/50_speakers_audio_data/Speaker_0024/Speaker_0024_00034.wav,Speaker_0024,Speaker_0024_00034.wav,59.9793125
/Users/gertrudisrms/Documents/Kuliah/Semester 6/Speech Processing/Projek_FInal_Speaker_Identification/data/50_speakers_audio_data/Speaker_0024/Speaker_0024_00020.wav,Speaker_0024,Speaker_0024_00020.wav,59.9793125
/Users/gertrudisrms/Documents/Kuliah/Semester 6/Speech Processing/Projek_FInal_Speaker_Identification/data/50_speakers_audio_data/Speaker_0024/Speaker_0024_00008.wav,Speaker_0024,Speaker_0024_00008.wav,59.9793125
/Users/gertrudisrms/Documents/Kuliah/Semester 6/Speech Processing/Projek_FInal_Speaker_Identification/data/50_speakers_audio_data/Speaker_0024/Speaker_0024_00009.wav,Speaker_0024,Speaker_0024_00009.wav,59.9793125
/Users/gertrudisrms/Documents/Kuliah/Semester 6/Speech Processing/Projek_FInal_Speaker_Identification/data/50_speakers_audio_data/Speaker_0024/Speaker_0024_00021.wav,Speaker_0024,Speaker_0024_00021.wav,59.9793125
/Users/gertrudisrms/Documents/Kuliah/Semester 6/Speech Processing/Projek_FInal_Speaker_Identification/data/50_speakers_audio_data/Speaker_0024/Speaker_0024_00035.wav,Speaker_0024,Speaker_0024_00035.wav,59.9793125
/Users/gertrudisrms/Documents/Kuliah/Semester 6/Speech Processing/Projek_FInal_Speaker_Identification/data/50_speakers_audio_data/Speaker_0024/Speaker_0024_00019.wav,Speaker_0024,Speaker_0024_00019.wav,59.9793125
/Users/gertrudisrms/Documents/Kuliah/Semester 6/Speech Processing/Projek_FInal_Speaker_Identification/data/50_speakers_audio_data/Speaker_0024/Speaker_0024_00031.wav,Speaker_0024,Speaker_0024_00031.wav,59.9531875
/Users/gertrudisrms/Documents/Kuliah/Semester 6/Speech Processing/Projek_FInal_Speaker_Identification/data/50_speakers_audio_data/Speaker_0024/Speaker_0024_00025.wav,Speaker_0024,Speaker_0024_00025.wav,59.9793125
/Users/gertrudisrms/Documents/Kuliah/Semester 6/Speech Processing/Projek_FInal_Speaker_Identification/data/50_speakers_audio_data/Speaker_0024/Speaker_0024_00024.wav,Speaker_0024,Speaker_0024_00024.wav,59.9793125
/Users/gertrudisrms/Documents/Kuliah/Semester 6/Speech Processing/Projek_FInal_Speaker_Identification/data/50_speakers_audio_data/Speaker_0024/Speaker_0024_00030.wav,Speaker_0024,Speaker_0024_00030.wav,59.9793125
/Users/gertrudisrms/Documents/Kuliah/Semester 6/Speech Processing/Projek_FInal_Speaker_Identification/data/50_speakers_audio_data/Speaker_0024/Speaker_0024_00018.wav,Speaker_0024,Speaker_0024_00018.wav,59.9793125
/Users/gertrudisrms/Documents/Kuliah/Semester 6/Speech Processing/Projek_FInal_Speaker_Identification/data/50_speakers_audio_data/Speaker_0024/Speaker_0024_00026.wav,Speaker_0024,Speaker_0024_00026.wav,59.9793125
/Users/gertrudisrms/Documents/Kuliah/Semester 6/Speech Processing/Projek_FInal_Speaker_Identification/data/50_speakers_audio_data/Speaker_0024/Speaker_0024_00032.wav,Speaker_0024,Speaker_0024_00032.wav,59.9793125
/Users/gertrudisrms/Documents/Kuliah/Semester 6/Speech Processing/Projek_FInal_Speaker_Identification/data/50_speakers_audio_data/Speaker_0024/Speaker_0024_00033.wav,Speaker_0024,Speaker_0024_00033.wav,59.9793125
/Users/gertrudisrms/Documents/Kuliah/Semester 6/Speech Processing/Projek_FInal_Speaker_Identification/data/50_speakers_audio_data/Speaker_0024/Speaker_0024_00027.wav,Speaker_0024,Speaker_0024_00027.wav,59.9793125
/Users/gertrudisrms/Documents/Kuliah/Semester 6/Speech Processing/Projek_FInal_Speaker_Identification/data/50_speakers_audio_data/Speaker0049/Speaker0049_049.wav,Speaker0049,Speaker0049_049.wav,
/Users/gertrudisrms/Documents/Kuliah/Semester 6/Speech Processing/Projek_FInal_Speaker_Identification/data/50_speakers_audio_data/Speaker0049/Speaker0049_048.wav,Speaker0049,Speaker0049_048.wav,
/Users/gertrudisrms/Documents/Kuliah/Semester 6/Speech Processing/Projek_FInal_Speaker_Identification/data/50_speakers_audio_data/Speaker0049/Speaker0049_002.wav,Speaker0049,Speaker0049_002.wav,
/Users/gertrudisrms/Documents/Kuliah/Semester 6/Speech Processing/Projek_FInal_Speaker_Identification/data/50_speakers_audio_data/Speaker0049/Speaker0049_016.wav,Speaker0049,Speaker0049_016.wav,
/Users/gertrudisrms/Documents/Kuliah/Semester 6/Speech Processing/Projek_FInal_Speaker_Identification/data/50_speakers_audio_data/Speaker0049/Speaker0049_017.wav,Speaker0049,Speaker0049_017.wav,
/Users/gertrudisrms/Documents/Kuliah/Semester 6/Speech Processing/Projek_FInal_Speaker_Identification/data/50_speakers_audio_data/Speaker0049/Speaker0049_003.wav,Speaker0049,Speaker0049_003.wav,
/Users/gertrudisrms/Documents/Kuliah/Semester 6/Speech Processing/Projek_FInal_Speaker_Identification/data/50_speakers_audio_data/Speaker0049/Speaker0049_015.wav,Speaker0049,Speaker0049_015.wav,
/Users/gertrudisrms/Documents/Kuliah/Semester 6/Speech Processing/Projek_FInal_Speaker_Identification/data/50_speakers_audio_data/Speaker0049/Speaker0049_001.wav,Speaker0049,Speaker0049_001.wav,
/Users/gertrudisrms/Documents/Kuliah/Semester 6/Speech Processing/Projek_FInal_Speaker_Identification/data/50_speakers_audio_data/Speaker0049/Speaker0049_029.wav,Speaker0049,Speaker0049_029.wav,
/Users/gertrudisrms/Documents/Kuliah/Semester 6/Speech Processing/Projek_FInal_Speaker_Identification/data/50_speakers_audio_data/Speaker0049/Speaker0049_028.wav,Speaker0049,Speaker0049_028.wav,
/Users/gertrudisrms/Documents/Kuliah/Semester 6/Speech Processing/Projek_FInal_Speaker_Identification/data/50_speakers_audio_data/Speaker0049/Speaker0049_000.wav,Speaker0049,Speaker0049_000.wav,
/Users/gertrudisrms/Documents/Kuliah/Semester 6/Speech Processing/Projek_FInal_Speaker_Identification/data/50_speakers_audio_data/Speaker0049/Speaker0049_014.wav,Speaker0049,Speaker0049_014.wav,
/Users/gertrudisrms/Documents/Kuliah/Semester 6/Speech Processing/Projek_FInal_Speaker_Identification/data/50_speakers_audio_data/Speaker0049/Speaker0049_038.wav,Speaker0049,Speaker0049_038.wav,
/Users/gertrudisrms/Documents/Kuliah/Semester 6/Speech Processing/Projek_FInal_Speaker_Identification/data/50_speakers_audio_data/Speaker0049/Speaker0049_010.wav,Speaker0049,Speaker0049_010.wav,
/Users/gertrudisrms/Documents/Kuliah/Semester 6/Speech Processing/Projek_FInal_Speaker_Identification/data/50_speakers_audio_data/Speaker0049/Speaker0049_004.wav,Speaker0049,Speaker0049_004.wav,
/Users/gertrudisrms/Documents/Kuliah/Semester 6/Speech Processing/Projek_FInal_Speaker_Identification/data/50_speakers_audio_data/Speaker0049/Speaker0049_005.wav,Speaker0049,Speaker0049_005.wav,
/Users/gertrudisrms/Documents/Kuliah/Semester 6/Speech Processing/Projek_FInal_Speaker_Identification/data/50_speakers_audio_data/Speaker0049/Speaker0049_011.wav,Speaker0049,Speaker0049_011.wav,
/Users/gertrudisrms/Documents/Kuliah/Semester 6/Speech Processing/Projek_FInal_Speaker_Identification/data/50_speakers_audio_data/Speaker0049/Speaker0049_039.wav,Speaker0049,Speaker0049_039.wav,
/Users/gertrudisrms/Documents/Kuliah/Semester 6/Speech Processing/Projek_FInal_Speaker_Identification/data/50_speakers_audio_data/Speaker0049/Speaker0049_007.wav,Speaker0049,Speaker0049_007.wav,
/Users/gertrudisrms/Documents/Kuliah/Semester 6/Speech Processing/Projek_FInal_Speaker_Identification/data/50_speakers_audio_data/Speaker0049/Speaker0049_013.wav,Speaker0049,Speaker0049_013.wav,
/Users/gertrudisrms/Documents/Kuliah/Semester 6/Speech Processing/Projek_FInal_Speaker_Identification/data/50_speakers_audio_data/Speaker0049/Speaker0049_012.wav,Speaker0049,Speaker0049_012.wav,
/Users/gertrudisrms/Documents/Kuliah/Semester 6/Speech Processing/Projek_FInal_Speaker_Identification/data/50_speakers_audio_data/Speaker0049/Speaker0049_006.wav,Speaker0049,Speaker0049_006.wav,
/Users/gertrudisrms/Documents/Kuliah/Semester 6/Speech Processing/Projek_FInal_Speaker_Identification/data/50_speakers_audio_data/Speaker0049/Speaker0049_023.wav,Speaker0049,Speaker0049_023.wav,
/Users/gertrudisrms/Documents/Kuliah/Semester 6/Speech Processing/Projek_FInal_Speaker_Identification/data/50_speakers_audio_data/Speaker0049/Speaker0049_037.wav,Speaker0049,Speaker0049_037.wav,
/Users/gertrudisrms/Documents/Kuliah/Semester 6/Speech Processing/Projek_FInal_Speaker_Identification/data/50_speakers_audio_data/Speaker0049/Speaker0049_036.wav,Speaker0049,Speaker0049_036.wav,
/Users/gertrudisrms/Documents/Kuliah/Semester 6/Speech Processing/Projek_FInal_Speaker_Identification/data/50_speakers_audio_data/Speaker0049/Speaker0049_022.wav,Speaker0049,Speaker0049_022.wav,
/Users/gertrudisrms/Documents/Kuliah/Semester 6/Speech Processing/Projek_FInal_Speaker_Identification/data/50_speakers_audio_data/Speaker0049/Speaker0049_034.wav,Speaker0049,Speaker0049_034.wav,
/Users/gertrudisrms/Documents/Kuliah/Semester 6/Speech Processing/Projek_FInal_Speaker_Identification/data/50_speakers_audio_data/Speaker0049/Speaker0049_020.wav,Speaker0049,Speaker0049_020.wav,
/Users/gertrudisrms/Documents/Kuliah/Semester 6/Speech Processing/Projek_FInal_Speaker_Identification/data/50_speakers_audio_data/Speaker0049/Speaker0049_008.wav,Speaker0049,Speaker0049_008.wav,
/Users/gertrudisrms/Documents/Kuliah/Semester 6/Speech Processing/Projek_FInal_Speaker_Identification/data/50_speakers_audio_data/Speaker0049/Speaker0049_009.wav,Speaker0049,Speaker0049_009.wav,
/Users/gertrudisrms/Documents/Kuliah/Semester 6/Speech Processing/Projek_FInal_Speaker_Identification/data/50_speakers_audio_data/Speaker0049/Speaker0049_021.wav,Speaker0049,Speaker0049_021.wav,
/Users/gertrudisrms/Documents/Kuliah/Semester 6/Speech Processing/Projek_FInal_Speaker_Identification/data/50_speakers_audio_data/Speaker0049/Speaker0049_035.wav,Speaker0049,Speaker0049_035.wav,
/Users/gertrudisrms/Documents/Kuliah/Semester 6/Speech Processing/Projek_FInal_Speaker_Identification/data/50_speakers_audio_data/Speaker0049/Speaker0049_019.wav,Speaker0049,Speaker0049_019.wav,
/Users/gertrudisrms/Documents/Kuliah/Semester 6/Speech Processing/Projek_FInal_Speaker_Identification/data/50_speakers_audio_data/Speaker0049/Speaker0049_031.wav,Speaker0049,Speaker0049_031.wav,
/Users/gertrudisrms/Documents/Kuliah/Semester 6/Speech Processing/Projek_FInal_Speaker_Identification/data/50_speakers_audio_data/Speaker0049/Speaker0049_025.wav,Speaker0049,Speaker0049_025.wav,
/Users/gertrudisrms/Documents/Kuliah/Semester 6/Speech Processing/Projek_FInal_Speaker_Identification/data/50_speakers_audio_data/Speaker0049/Speaker0049_024.wav,Speaker0049,Speaker0049_024.wav,
/Users/gertrudisrms/Documents/Kuliah/Semester 6/Speech Processing/Projek_FInal_Speaker_Identification/data/50_speakers_audio_data/Speaker0049/Speaker0049_030.wav,Speaker0049,Speaker0049_030.wav,
/Users/gertrudisrms/Documents/Kuliah/Semester 6/Speech Processing/Projek_FInal_Speaker_Identification/data/50_speakers_audio_data/Speaker0049/Speaker0049_018.wav,Speaker0049,Speaker0049_018.wav,
/Users/gertrudisrms/Documents/Kuliah/Semester 6/Speech Processing/Projek_FInal_Speaker_Identification/data/50_speakers_audio_data/Speaker0049/Speaker0049_026.wav,Speaker0049,Speaker0049_026.wav,
/Users/gertrudisrms/Documents/Kuliah/Semester 6/Speech Processing/Projek_FInal_Speaker_Identification/data/50_speakers_audio_data/Speaker0049/Speaker0049_032.wav,Speaker0049,Speaker0049_032.wav,
/Users/gertrudisrms/Documents/Kuliah/Semester 6/Speech Processing/Projek_FInal_Speaker_Identification/data/50_speakers_audio_data/Speaker0049/Speaker0049_033.wav,Speaker0049,Speaker0049_033.wav,
/Users/gertrudisrms/Documents/Kuliah/Semester 6/Speech Processing/Projek_FInal_Speaker_Identification/data/50_speakers_audio_data/Speaker0049/Speaker0049_027.wav,Speaker0049,Speaker0049_027.wav,
/Users/gertrudisrms/Documents/Kuliah/Semester 6/Speech Processing/Projek_FInal_Speaker_Identification/data/50_speakers_audio_data/Speaker0049/Speaker0049_040.wav,Speaker0049,Speaker0049_040.wav,
/Users/gertrudisrms/Documents/Kuliah/Semester 6/Speech Processing/Projek_FInal_Speaker_Identification/data/50_speakers_audio_data/Speaker0049/Speaker0049_041.wav,Speaker0049,Speaker0049_041.wav,
/Users/gertrudisrms/Documents/Kuliah/Semester 6/Speech Processing/Projek_FInal_Speaker_Identification/data/50_speakers_audio_data/Speaker0049/Speaker0049_043.wav,Speaker0049,Speaker0049_043.wav,
/Users/gertrudisrms/Documents/Kuliah/Semester 6/Speech Processing/Projek_FInal_Speaker_Identification/data/50_speakers_audio_data/Speaker0049/Speaker0049_042.wav,Speaker0049,Speaker0049_042.wav,
/Users/gertrudisrms/Documents/Kuliah/Semester 6/Speech Processing/Projek_FInal_Speaker_Identification/data/50_speakers_audio_data/Speaker0049/Speaker0049_046.wav,Speaker0049,Speaker0049_046.wav,
/Users/gertrudisrms/Documents/Kuliah/Semester 6/Speech Processing/Projek_FInal_Speaker_Identification/data/50_speakers_audio_data/Speaker0049/Speaker0049_047.wav,Speaker0049,Speaker0049_047.wav,
/Users/gertrudisrms/Documents/Kuliah/Semester 6/Speech Processing/Projek_FInal_Speaker_Identification/data/50_speakers_audio_data/Speaker0049/Speaker0049_045.wav,Speaker0049,Speaker0049_045.wav,
/Users/gertrudisrms/Documents/Kuliah/Semester 6/Speech Processing/Projek_FInal_Speaker_Identification/data/50_speakers_audio_data/Speaker0049/Speaker0049_044.wav,Speaker0049,Speaker0049_044.wav,
/Users/gertrudisrms/Documents/Kuliah/Semester 6/Speech Processing/Projek_FInal_Speaker_Identification/data/50_speakers_audio_data/Speaker0047/Speaker0047_022.wav,Speaker0047,Speaker0047_022.wav,60.00036281179138
/Users/gertrudisrms/Documents/Kuliah/Semester 6/Speech Processing/Projek_FInal_Speaker_Identification/data/50_speakers_audio_data/Speaker0047/Speaker0047_023.wav,Speaker0047,Speaker0047_023.wav,60.00036281179138
/Users/gertrudisrms/Documents/Kuliah/Semester 6/Speech Processing/Projek_FInal_Speaker_Identification/data/50_speakers_audio_data/Speaker0047/Speaker0047_021.wav,Speaker0047,Speaker0047_021.wav,60.00036281179138
/Users/gertrudisrms/Documents/Kuliah/Semester 6/Speech Processing/Projek_FInal_Speaker_Identification/data/50_speakers_audio_data/Speaker0047/Speaker0047_009.wav,Speaker0047,Speaker0047_009.wav,60.00036281179138
/Users/gertrudisrms/Documents/Kuliah/Semester 6/Speech Processing/Projek_FInal_Speaker_Identification/data/50_speakers_audio_data/Speaker0047/Speaker0047_008.wav,Speaker0047,Speaker0047_008.wav,60.00036281179138
/Users/gertrudisrms/Documents/Kuliah/Semester 6/Speech Processing/Projek_FInal_Speaker_Identification/data/50_speakers_audio_data/Speaker0047/Speaker0047_020.wav,Speaker0047,Speaker0047_020.wav,60.00036281179138
/Users/gertrudisrms/Documents/Kuliah/Semester 6/Speech Processing/Projek_FInal_Speaker_Identification/data/50_speakers_audio_data/Speaker0047/Speaker0047_018.wav,Speaker0047,Speaker0047_018.wav,60.00036281179138
/Users/gertrudisrms/Documents/Kuliah/Semester 6/Speech Processing/Projek_FInal_Speaker_Identification/data/50_speakers_audio_data/Speaker0047/Speaker0047_030.wav,Speaker0047,Speaker0047_030.wav,60.00036281179138
/Users/gertrudisrms/Documents/Kuliah/Semester 6/Speech Processing/Projek_FInal_Speaker_Identification/data/50_speakers_audio_data/Speaker0047/Speaker0047_024.wav,Speaker0047,Speaker0047_024.wav,60.00036281179138
/Users/gertrudisrms/Documents/Kuliah/Semester 6/Speech Processing/Projek_FInal_Speaker_Identification/data/50_speakers_audio_data/Speaker0047/Speaker0047_025.wav,Speaker0047,Speaker0047_025.wav,60.00036281179138
/Users/gertrudisrms/Documents/Kuliah/Semester 6/Speech Processing/Projek_FInal_Speaker_Identification/data/50_speakers_audio_data/Speaker0047/Speaker0047_031.wav,Speaker0047,Speaker0047_031.wav,60.00036281179138
/Users/gertrudisrms/Documents/Kuliah/Semester 6/Speech Processing/Projek_FInal_Speaker_Identification/data/50_speakers_audio_data/Speaker0047/Speaker0047_019.wav,Speaker0047,Speaker0047_019.wav,60.00036281179138
/Users/gertrudisrms/Documents/Kuliah/Semester 6/Speech Processing/Projek_FInal_Speaker_Identification/data/50_speakers_audio_data/Speaker0047/Speaker0047_027.wav,Speaker0047,Speaker0047_027.wav,60.00036281179138
/Users/gertrudisrms/Documents/Kuliah/Semester 6/Speech Processing/Projek_FInal_Speaker_Identification/data/50_speakers_audio_data/Speaker0047/Speaker0047_033.wav,Speaker0047,Speaker0047_033.wav,33.53251700680272
/Users/gertrudisrms/Documents/Kuliah/Semester 6/Speech Processing/Projek_FInal_Speaker_Identification/data/50_speakers_audio_data/Speaker0047/Speaker0047_032.wav,Speaker0047,Speaker0047_032.wav,60.00036281179138
/Users/gertrudisrms/Documents/Kuliah/Semester 6/Speech Processing/Projek_FInal_Speaker_Identification/data/50_speakers_audio_data/Speaker0047/Speaker0047_026.wav,Speaker0047,Speaker0047_026.wav,60.00036281179138
/Users/gertrudisrms/Documents/Kuliah/Semester 6/Speech Processing/Projek_FInal_Speaker_Identification/data/50_speakers_audio_data/Speaker0047/Speaker0047_003.wav,Speaker0047,Speaker0047_003.wav,60.00036281179138
/Users/gertrudisrms/Documents/Kuliah/Semester 6/Speech Processing/Projek_FInal_Speaker_Identification/data/50_speakers_audio_data/Speaker0047/Speaker0047_017.wav,Speaker0047,Speaker0047_017.wav,60.00036281179138
/Users/gertrudisrms/Documents/Kuliah/Semester 6/Speech Processing/Projek_FInal_Speaker_Identification/data/50_speakers_audio_data/Speaker0047/Speaker0047_016.wav,Speaker0047,Speaker0047_016.wav,60.00036281179138
/Users/gertrudisrms/Documents/Kuliah/Semester 6/Speech Processing/Projek_FInal_Speaker_Identification/data/50_speakers_audio_data/Speaker0047/Speaker0047_002.wav,Speaker0047,Speaker0047_002.wav,60.00036281179138
/Users/gertrudisrms/Documents/Kuliah/Semester 6/Speech Processing/Projek_FInal_Speaker_Identification/data/50_speakers_audio_data/Speaker0047/Speaker0047_014.wav,Speaker0047,Speaker0047_014.wav,60.00036281179138
/Users/gertrudisrms/Documents/Kuliah/Semester 6/Speech Processing/Projek_FInal_Speaker_Identification/data/50_speakers_audio_data/Speaker0047/Speaker0047_000.wav,Speaker0047,Speaker0047_000.wav,60.00036281179138
/Users/gertrudisrms/Documents/Kuliah/Semester 6/Speech Processing/Projek_FInal_Speaker_Identification/data/50_speakers_audio_data/Speaker0047/Speaker0047_028.wav,Speaker0047,Speaker0047_028.wav,60.00036281179138
/Users/gertrudisrms/Documents/Kuliah/Semester 6/Speech Processing/Projek_FInal_Speaker_Identification/data/50_speakers_audio_data/Speaker0047/Speaker0047_029.wav,Speaker0047,Speaker0047_029.wav,60.00036281179138
/Users/gertrudisrms/Documents/Kuliah/Semester 6/Speech Processing/Projek_FInal_Speaker_Identification/data/50_speakers_audio_data/Speaker0047/Speaker0047_001.wav,Speaker0047,Speaker0047_001.wav,60.00036281179138
/Users/gertrudisrms/Documents/Kuliah/Semester 6/Speech Processing/Projek_FInal_Speaker_Identification/data/50_speakers_audio_data/Speaker0047/Speaker0047_015.wav,Speaker0047,Speaker0047_015.wav,60.00036281179138
/Users/gertrudisrms/Documents/Kuliah/Semester 6/Speech Processing/Projek_FInal_Speaker_Identification/data/50_speakers_audio_data/Speaker0047/Speaker0047_011.wav,Speaker0047,Speaker0047_011.wav,60.00036281179138
/Users/gertrudisrms/Documents/Kuliah/Semester 6/Speech Processing/Projek_FInal_Speaker_Identification/data/50_speakers_audio_data/Speaker0047/Speaker0047_005.wav,Speaker0047,Speaker0047_005.wav,60.00036281179138
/Users/gertrudisrms/Documents/Kuliah/Semester 6/Speech Processing/Projek_FInal_Speaker_Identification/data/50_speakers_audio_data/Speaker0047/Speaker0047_004.wav,Speaker0047,Speaker0047_004.wav,60.00036281179138
/Users/gertrudisrms/Documents/Kuliah/Semester 6/Speech Processing/Projek_FInal_Speaker_Identification/data/50_speakers_audio_data/Speaker0047/Speaker0047_010.wav,Speaker0047,Speaker0047_010.wav,60.00036281179138
/Users/gertrudisrms/Documents/Kuliah/Semester 6/Speech Processing/Projek_FInal_Speaker_Identification/data/50_speakers_audio_data/Speaker0047/Speaker0047_006.wav,Speaker0047,Speaker0047_006.wav,60.00036281179138
/Users/gertrudisrms/Documents/Kuliah/Semester 6/Speech Processing/Projek_FInal_Speaker_Identification/data/50_speakers_audio_data/Speaker0047/Speaker0047_012.wav,Speaker0047,Speaker0047_012.wav,60.00036281179138
/Users/gertrudisrms/Documents/Kuliah/Semester 6/Speech Processing/Projek_FInal_Speaker_Identification/data/50_speakers_audio_data/Speaker0047/Speaker0047_013.wav,Speaker0047,Speaker0047_013.wav,60.00036281179138
/Users/gertrudisrms/Documents/Kuliah/Semester 6/Speech Processing/Projek_FInal_Speaker_Identification/data/50_speakers_audio_data/Speaker0047/Speaker0047_007.wav,Speaker0047,Speaker0047_007.wav,60.00036281179138
/Users/gertrudisrms/Documents/Kuliah/Semester 6/Speech Processing/Projek_FInal_Speaker_Identification/data/50_speakers_audio_data/Speaker0040/Speaker0040_001.wav,Speaker0040,Speaker0040_001.wav,60.00036281179138
/Users/gertrudisrms/Documents/Kuliah/Semester 6/Speech Processing/Projek_FInal_Speaker_Identification/data/50_speakers_audio_data/Speaker0040/Speaker0040_015.wav,Speaker0040,Speaker0040_015.wav,60.00036281179138
/Users/gertrudisrms/Documents/Kuliah/Semester 6/Speech Processing/Projek_FInal_Speaker_Identification/data/50_speakers_audio_data/Speaker0040/Speaker0040_029.wav,Speaker0040,Speaker0040_029.wav,60.00036281179138
/Users/gertrudisrms/Documents/Kuliah/Semester 6/Speech Processing/Projek_FInal_Speaker_Identification/data/50_speakers_audio_data/Speaker0040/Speaker0040_028.wav,Speaker0040,Speaker0040_028.wav,60.00036281179138
/Users/gertrudisrms/Documents/Kuliah/Semester 6/Speech Processing/Projek_FInal_Speaker_Identification/data/50_speakers_audio_data/Speaker0040/Speaker0040_014.wav,Speaker0040,Speaker0040_014.wav,60.00036281179138
/Users/gertrudisrms/Documents/Kuliah/Semester 6/Speech Processing/Projek_FInal_Speaker_Identification/data/50_speakers_audio_data/Speaker0040/Speaker0040_000.wav,Speaker0040,Speaker0040_000.wav,60.00036281179138
/Users/gertrudisrms/Documents/Kuliah/Semester 6/Speech Processing/Projek_FInal_Speaker_Identification/data/50_speakers_audio_data/Speaker0040/Speaker0040_016.wav,Speaker0040,Speaker0040_016.wav,60.00036281179138
/Users/gertrudisrms/Documents/Kuliah/Semester 6/Speech Processing/Projek_FInal_Speaker_Identification/data/50_speakers_audio_data/Speaker0040/Speaker0040_002.wav,Speaker0040,Speaker0040_002.wav,60.00036281179138
/Users/gertrudisrms/Documents/Kuliah/Semester 6/Speech Processing/Projek_FInal_Speaker_Identification/data/50_speakers_audio_data/Speaker0040/Speaker0040_003.wav,Speaker0040,Speaker0040_003.wav,60.00036281179138
/Users/gertrudisrms/Documents/Kuliah/Semester 6/Speech Processing/Projek_FInal_Speaker_Identification/data/50_speakers_audio_data/Speaker0040/Speaker0040_017.wav,Speaker0040,Speaker0040_017.wav,60.00036281179138
/Users/gertrudisrms/Documents/Kuliah/Semester 6/Speech Processing/Projek_FInal_Speaker_Identification/data/50_speakers_audio_data/Speaker0040/Speaker0040_013.wav,Speaker0040,Speaker0040_013.wav,60.00036281179138
/Users/gertrudisrms/Documents/Kuliah/Semester 6/Speech Processing/Projek_FInal_Speaker_Identification/data/50_speakers_audio_data/Speaker0040/Speaker0040_007.wav,Speaker0040,Speaker0040_007.wav,60.00036281179138
/Users/gertrudisrms/Documents/Kuliah/Semester 6/Speech Processing/Projek_FInal_Speaker_Identification/data/50_speakers_audio_data/Speaker0040/Speaker0040_006.wav,Speaker0040,Speaker0040_006.wav,60.00036281179138
/Users/gertrudisrms/Documents/Kuliah/Semester 6/Speech Processing/Projek_FInal_Speaker_Identification/data/50_speakers_audio_data/Speaker0040/Speaker0040_012.wav,Speaker0040,Speaker0040_012.wav,60.00036281179138
/Users/gertrudisrms/Documents/Kuliah/Semester 6/Speech Processing/Projek_FInal_Speaker_Identification/data/50_speakers_audio_data/Speaker0040/Speaker0040_004.wav,Speaker0040,Speaker0040_004.wav,60.00036281179138
/Users/gertrudisrms/Documents/Kuliah/Semester 6/Speech Processing/Projek_FInal_Speaker_Identification/data/50_speakers_audio_data/Speaker0040/Speaker0040_010.wav,Speaker0040,Speaker0040_010.wav,60.00036281179138
/Users/gertrudisrms/Documents/Kuliah/Semester 6/Speech Processing/Projek_FInal_Speaker_Identification/data/50_speakers_audio_data/Speaker0040/Speaker0040_011.wav,Speaker0040,Speaker0040_011.wav,60.00036281179138
/Users/gertrudisrms/Documents/Kuliah/Semester 6/Speech Processing/Projek_FInal_Speaker_Identification/data/50_speakers_audio_data/Speaker0040/Speaker0040_005.wav,Speaker0040,Speaker0040_005.wav,60.00036281179138
/Users/gertrudisrms/Documents/Kuliah/Semester 6/Speech Processing/Projek_FInal_Speaker_Identification/data/50_speakers_audio_data/Speaker0040/Speaker0040_020.wav,Speaker0040,Speaker0040_020.wav,60.00036281179138
/Users/gertrudisrms/Documents/Kuliah/Semester 6/Speech Processing/Projek_FInal_Speaker_Identification/data/50_speakers_audio_data/Speaker0040/Speaker0040_008.wav,Speaker0040,Speaker0040_008.wav,60.00036281179138
/Users/gertrudisrms/Documents/Kuliah/Semester 6/Speech Processing/Projek_FInal_Speaker_Identification/data/50_speakers_audio_data/Speaker0040/Speaker0040_009.wav,Speaker0040,Speaker0040_009.wav,60.00036281179138
/Users/gertrudisrms/Documents/Kuliah/Semester 6/Speech Processing/Projek_FInal_Speaker_Identification/data/50_speakers_audio_data/Speaker0040/Speaker0040_021.wav,Speaker0040,Speaker0040_021.wav,60.00036281179138
/Users/gertrudisrms/Documents/Kuliah/Semester 6/Speech Processing/Projek_FInal_Speaker_Identification/data/50_speakers_audio_data/Speaker0040/Speaker0040_023.wav,Speaker0040,Speaker0040_023.wav,60.00036281179138
/Users/gertrudisrms/Documents/Kuliah/Semester 6/Speech Processing/Projek_FInal_Speaker_Identification/data/50_speakers_audio_data/Speaker0040/Speaker0040_022.wav,Speaker0040,Speaker0040_022.wav,60.00036281179138
/Users/gertrudisrms/Documents/Kuliah/Semester 6/Speech Processing/Projek_FInal_Speaker_Identification/data/50_speakers_audio_data/Speaker0040/Speaker0040_026.wav,Speaker0040,Speaker0040_026.wav,60.00036281179138
/Users/gertrudisrms/Documents/Kuliah/Semester 6/Speech Processing/Projek_FInal_Speaker_Identification/data/50_speakers_audio_data/Speaker0040/Speaker0040_027.wav,Speaker0040,Speaker0040_027.wav,60.00036281179138
/Users/gertrudisrms/Documents/Kuliah/Semester 6/Speech Processing/Projek_FInal_Speaker_Identification/data/50_speakers_audio_data/Speaker0040/Speaker0040_019.wav,Speaker0040,Speaker0040_019.wav,60.00036281179138
/Users/gertrudisrms/Documents/Kuliah/Semester 6/Speech Processing/Projek_FInal_Speaker_Identification/data/50_speakers_audio_data/Speaker0040/Speaker0040_025.wav,Speaker0040,Speaker0040_025.wav,60.00036281179138
/Users/gertrudisrms/Documents/Kuliah/Semester 6/Speech Processing/Projek_FInal_Speaker_Identification/data/50_speakers_audio_data/Speaker0040/Speaker0040_031.wav,Speaker0040,Speaker0040_031.wav,53.92834467120181
/Users/gertrudisrms/Documents/Kuliah/Semester 6/Speech Processing/Projek_FInal_Speaker_Identification/data/50_speakers_audio_data/Speaker0040/Speaker0040_030.wav,Speaker0040,Speaker0040_030.wav,60.00036281179138
/Users/gertrudisrms/Documents/Kuliah/Semester 6/Speech Processing/Projek_FInal_Speaker_Identification/data/50_speakers_audio_data/Speaker0040/Speaker0040_024.wav,Speaker0040,Speaker0040_024.wav,60.00036281179138
/Users/gertrudisrms/Documents/Kuliah/Semester 6/Speech Processing/Projek_FInal_Speaker_Identification/data/50_speakers_audio_data/Speaker0040/Speaker0040_018.wav,Speaker0040,Speaker0040_018.wav,60.00036281179138
/Users/gertrudisrms/Documents/Kuliah/Semester 6/Speech Processing/Projek_FInal_Speaker_Identification/data/50_speakers_audio_data/Speaker0041/Speaker0041_010.wav,Speaker0041,Speaker0041_010.wav,60.00036281179138
/Users/gertrudisrms/Documents/Kuliah/Semester 6/Speech Processing/Projek_FInal_Speaker_Identification/data/50_speakers_audio_data/Speaker0041/Speaker0041_004.wav,Speaker0041,Speaker0041_004.wav,60.00036281179138
/Users/gertrudisrms/Documents/Kuliah/Semester 6/Speech Processing/Projek_FInal_Speaker_Identification/data/50_speakers_audio_data/Speaker0041/Speaker0041_005.wav,Speaker0041,Speaker0041_005.wav,60.00036281179138
/Users/gertrudisrms/Documents/Kuliah/Semester 6/Speech Processing/Projek_FInal_Speaker_Identification/data/50_speakers_audio_data/Speaker0041/Speaker0041_011.wav,Speaker0041,Speaker0041_011.wav,60.00036281179138
/Users/gertrudisrms/Documents/Kuliah/Semester 6/Speech Processing/Projek_FInal_Speaker_Identification/data/50_speakers_audio_data/Speaker0041/Speaker0041_007.wav,Speaker0041,Speaker0041_007.wav,60.00036281179138
/Users/gertrudisrms/Documents/Kuliah/Semester 6/Speech Processing/Projek_FInal_Speaker_Identification/data/50_speakers_audio_data/Speaker0041/Speaker0041_013.wav,Speaker0041,Speaker0041_013.wav,60.00036281179138
/Users/gertrudisrms/Documents/Kuliah/Semester 6/Speech Processing/Projek_FInal_Speaker_Identification/data/50_speakers_audio_data/Speaker0041/Speaker0041_012.wav,Speaker0041,Speaker0041_012.wav,60.00036281179138
/Users/gertrudisrms/Documents/Kuliah/Semester 6/Speech Processing/Projek_FInal_Speaker_Identification/data/50_speakers_audio_data/Speaker0041/Speaker0041_006.wav,Speaker0041,Speaker0041_006.wav,60.00036281179138
/Users/gertrudisrms/Documents/Kuliah/Semester 6/Speech Processing/Projek_FInal_Speaker_Identification/data/50_speakers_audio_data/Speaker0041/Speaker0041_002.wav,Speaker0041,Speaker0041_002.wav,60.00036281179138
/Users/gertrudisrms/Documents/Kuliah/Semester 6/Speech Processing/Projek_FInal_Speaker_Identification/data/50_speakers_audio_data/Speaker0041/Speaker0041_016.wav,Speaker0041,Speaker0041_016.wav,60.00036281179138
/Users/gertrudisrms/Documents/Kuliah/Semester 6/Speech Processing/Projek_FInal_Speaker_Identification/data/50_speakers_audio_data/Speaker0041/Speaker0041_017.wav,Speaker0041,Speaker0041_017.wav,60.00036281179138
/Users/gertrudisrms/Documents/Kuliah/Semester 6/Speech Processing/Projek_FInal_Speaker_Identification/data/50_speakers_audio_data/Speaker0041/Speaker0041_003.wav,Speaker0041,Speaker0041_003.wav,60.00036281179138
/Users/gertrudisrms/Documents/Kuliah/Semester 6/Speech Processing/Projek_FInal_Speaker_Identification/data/50_speakers_audio_data/Speaker0041/Speaker0041_029.wav,Speaker0041,Speaker0041_029.wav,60.00036281179138
/Users/gertrudisrms/Documents/Kuliah/Semester 6/Speech Processing/Projek_FInal_Speaker_Identification/data/50_speakers_audio_data/Speaker0041/Speaker0041_015.wav,Speaker0041,Speaker0041_015.wav,60.00036281179138
/Users/gertrudisrms/Documents/Kuliah/Semester 6/Speech Processing/Projek_FInal_Speaker_Identification/data/50_speakers_audio_data/Speaker0041/Speaker0041_001.wav,Speaker0041,Speaker0041_001.wav,60.00036281179138
/Users/gertrudisrms/Documents/Kuliah/Semester 6/Speech Processing/Projek_FInal_Speaker_Identification/data/50_speakers_audio_data/Speaker0041/Speaker0041_000.wav,Speaker0041,Speaker0041_000.wav,60.00036281179138
/Users/gertrudisrms/Documents/Kuliah/Semester 6/Speech Processing/Projek_FInal_Speaker_Identification/data/50_speakers_audio_data/Speaker0041/Speaker0041_014.wav,Speaker0041,Speaker0041_014.wav,60.00036281179138
/Users/gertrudisrms/Documents/Kuliah/Semester 6/Speech Processing/Projek_FInal_Speaker_Identification/data/50_speakers_audio_data/Speaker0041/Speaker0041_028.wav,Speaker0041,Speaker0041_028.wav,60.00036281179138
/Users/gertrudisrms/Documents/Kuliah/Semester 6/Speech Processing/Projek_FInal_Speaker_Identification/data/50_speakers_audio_data/Speaker0041/Speaker0041_031.wav,Speaker0041,Speaker0041_031.wav,50.21895691609977
/Users/gertrudisrms/Documents/Kuliah/Semester 6/Speech Processing/Projek_FInal_Speaker_Identification/data/50_speakers_audio_data/Speaker0041/Speaker0041_025.wav,Speaker0041,Speaker0041_025.wav,60.00036281179138
/Users/gertrudisrms/Documents/Kuliah/Semester 6/Speech Processing/Projek_FInal_Speaker_Identification/data/50_speakers_audio_data/Speaker0041/Speaker0041_019.wav,Speaker0041,Speaker0041_019.wav,60.00036281179138
/Users/gertrudisrms/Documents/Kuliah/Semester 6/Speech Processing/Projek_FInal_Speaker_Identification/data/50_speakers_audio_data/Speaker0041/Speaker0041_018.wav,Speaker0041,Speaker0041_018.wav,60.00036281179138
/Users/gertrudisrms/Documents/Kuliah/Semester 6/Speech Processing/Projek_FInal_Speaker_Identification/data/50_speakers_audio_data/Speaker0041/Speaker0041_024.wav,Speaker0041,Speaker0041_024.wav,60.00036281179138
/Users/gertrudisrms/Documents/Kuliah/Semester 6/Speech Processing/Projek_FInal_Speaker_Identification/data/50_speakers_audio_data/Speaker0041/Speaker0041_030.wav,Speaker0041,Speaker0041_030.wav,60.00036281179138
/Users/gertrudisrms/Documents/Kuliah/Semester 6/Speech Processing/Projek_FInal_Speaker_Identification/data/50_speakers_audio_data/Speaker0041/Speaker0041_026.wav,Speaker0041,Speaker0041_026.wav,60.00036281179138
/Users/gertrudisrms/Documents/Kuliah/Semester 6/Speech Processing/Projek_FInal_Speaker_Identification/data/50_speakers_audio_data/Speaker0041/Speaker0041_027.wav,Speaker0041,Speaker0041_027.wav,60.00036281179138
/Users/gertrudisrms/Documents/Kuliah/Semester 6/Speech Processing/Projek_FInal_Speaker_Identification/data/50_speakers_audio_data/Speaker0041/Speaker0041_023.wav,Speaker0041,Speaker0041_023.wav,60.00036281179138
/Users/gertrudisrms/Documents/Kuliah/Semester 6/Speech Processing/Projek_FInal_Speaker_Identification/data/50_speakers_audio_data/Speaker0041/Speaker0041_022.wav,Speaker0041,Speaker0041_022.wav,60.00036281179138
/Users/gertrudisrms/Documents/Kuliah/Semester 6/Speech Processing/Projek_FInal_Speaker_Identification/data/50_speakers_audio_data/Speaker0041/Speaker0041_008.wav,Speaker0041,Speaker0041_008.wav,60.00036281179138
/Users/gertrudisrms/Documents/Kuliah/Semester 6/Speech Processing/Projek_FInal_Speaker_Identification/data/50_speakers_audio_data/Speaker0041/Speaker0041_020.wav,Speaker0041,Speaker0041_020.wav,60.00036281179138
/Users/gertrudisrms/Documents/Kuliah/Semester 6/Speech Processing/Projek_FInal_Speaker_Identification/data/50_speakers_audio_data/Speaker0041/Speaker0041_021.wav,Speaker0041,Speaker0041_021.wav,60.00036281179138
/Users/gertrudisrms/Documents/Kuliah/Semester 6/Speech Processing/Projek_FInal_Speaker_Identification/data/50_speakers_audio_data/Speaker0041/Speaker0041_009.wav,Speaker0041,Speaker0041_009.wav,60.00036281179138
/Users/gertrudisrms/Documents/Kuliah/Semester 6/Speech Processing/Projek_FInal_Speaker_Identification/data/50_speakers_audio_data/Speaker0046/Speaker0046_033.wav,Speaker0046,Speaker0046_033.wav,60.00036281179138
/Users/gertrudisrms/Documents/Kuliah/Semester 6/Speech Processing/Projek_FInal_Speaker_Identification/data/50_speakers_audio_data/Speaker0046/Speaker0046_027.wav,Speaker0046,Speaker0046_027.wav,60.00036281179138
/Users/gertrudisrms/Documents/Kuliah/Semester 6/Speech Processing/Projek_FInal_Speaker_Identification/data/50_speakers_audio_data/Speaker0046/Speaker0046_026.wav,Speaker0046,Speaker0046_026.wav,60.00036281179138
/Users/gertrudisrms/Documents/Kuliah/Semester 6/Speech Processing/Projek_FInal_Speaker_Identification/data/50_speakers_audio_data/Speaker0046/Speaker0046_032.wav,Speaker0046,Speaker0046_032.wav,60.00036281179138
/Users/gertrudisrms/Documents/Kuliah/Semester 6/Speech Processing/Projek_FInal_Speaker_Identification/data/50_speakers_audio_data/Speaker0046/Speaker0046_024.wav,Speaker0046,Speaker0046_024.wav,60.00036281179138
/Users/gertrudisrms/Documents/Kuliah/Semester 6/Speech Processing/Projek_FInal_Speaker_Identification/data/50_speakers_audio_data/Speaker0046/Speaker0046_030.wav,Speaker0046,Speaker0046_030.wav,60.00036281179138
/Users/gertrudisrms/Documents/Kuliah/Semester 6/Speech Processing/Projek_FInal_Speaker_Identification/data/50_speakers_audio_data/Speaker0046/Speaker0046_018.wav,Speaker0046,Speaker0046_018.wav,60.00036281179138
/Users/gertrudisrms/Documents/Kuliah/Semester 6/Speech Processing/Projek_FInal_Speaker_Identification/data/50_speakers_audio_data/Speaker0046/Speaker0046_019.wav,Speaker0046,Speaker0046_019.wav,60.00036281179138
/Users/gertrudisrms/Documents/Kuliah/Semester 6/Speech Processing/Projek_FInal_Speaker_Identification/data/50_speakers_audio_data/Speaker0046/Speaker0046_031.wav,Speaker0046,Speaker0046_031.wav,60.00036281179138
/Users/gertrudisrms/Documents/Kuliah/Semester 6/Speech Processing/Projek_FInal_Speaker_Identification/data/50_speakers_audio_data/Speaker0046/Speaker0046_025.wav,Speaker0046,Speaker0046_025.wav,60.00036281179138
/Users/gertrudisrms/Documents/Kuliah/Semester 6/Speech Processing/Projek_FInal_Speaker_Identification/data/50_speakers_audio_data/Speaker0046/Speaker0046_009.wav,Speaker0046,Speaker0046_009.wav,60.00036281179138
/Users/gertrudisrms/Documents/Kuliah/Semester 6/Speech Processing/Projek_FInal_Speaker_Identification/data/50_speakers_audio_data/Speaker0046/Speaker0046_021.wav,Speaker0046,Speaker0046_021.wav,60.00036281179138
/Users/gertrudisrms/Documents/Kuliah/Semester 6/Speech Processing/Projek_FInal_Speaker_Identification/data/50_speakers_audio_data/Speaker0046/Speaker0046_035.wav,Speaker0046,Speaker0046_035.wav,60.00036281179138
/Users/gertrudisrms/Documents/Kuliah/Semester 6/Speech Processing/Projek_FInal_Speaker_Identification/data/50_speakers_audio_data/Speaker0046/Speaker0046_034.wav,Speaker0046,Speaker0046_034.wav,60.00036281179138
/Users/gertrudisrms/Documents/Kuliah/Semester 6/Speech Processing/Projek_FInal_Speaker_Identification/data/50_speakers_audio_data/Speaker0046/Speaker0046_020.wav,Speaker0046,Speaker0046_020.wav,60.00036281179138
/Users/gertrudisrms/Documents/Kuliah/Semester 6/Speech Processing/Projek_FInal_Speaker_Identification/data/50_speakers_audio_data/Speaker0046/Speaker0046_008.wav,Speaker0046,Speaker0046_008.wav,60.00036281179138
/Users/gertrudisrms/Documents/Kuliah/Semester 6/Speech Processing/Projek_FInal_Speaker_Identification/data/50_speakers_audio_data/Speaker0046/Speaker0046_036.wav,Speaker0046,Speaker0046_036.wav,60.00036281179138
/Users/gertrudisrms/Documents/Kuliah/Semester 6/Speech Processing/Projek_FInal_Speaker_Identification/data/50_speakers_audio_data/Speaker0046/Speaker0046_022.wav,Speaker0046,Speaker0046_022.wav,60.00036281179138
/Users/gertrudisrms/Documents/Kuliah/Semester 6/Speech Processing/Projek_FInal_Speaker_Identification/data/50_speakers_audio_data/Speaker0046/Speaker0046_023.wav,Speaker0046,Speaker0046_023.wav,60.00036281179138
/Users/gertrudisrms/Documents/Kuliah/Semester 6/Speech Processing/Projek_FInal_Speaker_Identification/data/50_speakers_audio_data/Speaker0046/Speaker0046_037.wav,Speaker0046,Speaker0046_037.wav,38.063310657596375
/Users/gertrudisrms/Documents/Kuliah/Semester 6/Speech Processing/Projek_FInal_Speaker_Identification/data/50_speakers_audio_data/Speaker0046/Speaker0046_012.wav,Speaker0046,Speaker0046_012.wav,60.00036281179138
/Users/gertrudisrms/Documents/Kuliah/Semester 6/Speech Processing/Projek_FInal_Speaker_Identification/data/50_speakers_audio_data/Speaker0046/Speaker0046_006.wav,Speaker0046,Speaker0046_006.wav,60.00036281179138
/Users/gertrudisrms/Documents/Kuliah/Semester 6/Speech Processing/Projek_FInal_Speaker_Identification/data/50_speakers_audio_data/Speaker0046/Speaker0046_007.wav,Speaker0046,Speaker0046_007.wav,60.00036281179138
/Users/gertrudisrms/Documents/Kuliah/Semester 6/Speech Processing/Projek_FInal_Speaker_Identification/data/50_speakers_audio_data/Speaker0046/Speaker0046_013.wav,Speaker0046,Speaker0046_013.wav,60.00036281179138
/Users/gertrudisrms/Documents/Kuliah/Semester 6/Speech Processing/Projek_FInal_Speaker_Identification/data/50_speakers_audio_data/Speaker0046/Speaker0046_005.wav,Speaker0046,Speaker0046_005.wav,60.00036281179138
/Users/gertrudisrms/Documents/Kuliah/Semester 6/Speech Processing/Projek_FInal_Speaker_Identification/data/50_speakers_audio_data/Speaker0046/Speaker0046_011.wav,Speaker0046,Speaker0046_011.wav,60.00036281179138
/Users/gertrudisrms/Documents/Kuliah/Semester 6/Speech Processing/Projek_FInal_Speaker_Identification/data/50_speakers_audio_data/Speaker0046/Speaker0046_010.wav,Speaker0046,Speaker0046_010.wav,60.00036281179138
/Users/gertrudisrms/Documents/Kuliah/Semester 6/Speech Processing/Projek_FInal_Speaker_Identification/data/50_speakers_audio_data/Speaker0046/Speaker0046_004.wav,Speaker0046,Speaker0046_004.wav,60.00036281179138
/Users/gertrudisrms/Documents/Kuliah/Semester 6/Speech Processing/Projek_FInal_Speaker_Identification/data/50_speakers_audio_data/Speaker0046/Speaker0046_028.wav,Speaker0046,Speaker0046_028.wav,60.00036281179138
/Users/gertrudisrms/Documents/Kuliah/Semester 6/Speech Processing/Projek_FInal_Speaker_Identification/data/50_speakers_audio_data/Speaker0046/Speaker0046_000.wav,Speaker0046,Speaker0046_000.wav,60.00036281179138
/Users/gertrudisrms/Documents/Kuliah/Semester 6/Speech Processing/Projek_FInal_Speaker_Identification/data/50_speakers_audio_data/Speaker0046/Speaker0046_014.wav,Speaker0046,Speaker0046_014.wav,60.00036281179138
/Users/gertrudisrms/Documents/Kuliah/Semester 6/Speech Processing/Projek_FInal_Speaker_Identification/data/50_speakers_audio_data/Speaker0046/Speaker0046_015.wav,Speaker0046,Speaker0046_015.wav,60.00036281179138
/Users/gertrudisrms/Documents/Kuliah/Semester 6/Speech Processing/Projek_FInal_Speaker_Identification/data/50_speakers_audio_data/Speaker0046/Speaker0046_001.wav,Speaker0046,Speaker0046_001.wav,60.00036281179138
/Users/gertrudisrms/Documents/Kuliah/Semester 6/Speech Processing/Projek_FInal_Speaker_Identification/data/50_speakers_audio_data/Speaker0046/Speaker0046_029.wav,Speaker0046,Speaker0046_029.wav,60.00036281179138
/Users/gertrudisrms/Documents/Kuliah/Semester 6/Speech Processing/Projek_FInal_Speaker_Identification/data/50_speakers_audio_data/Speaker0046/Speaker0046_017.wav,Speaker0046,Speaker0046_017.wav,60.00036281179138
/Users/gertrudisrms/Documents/Kuliah/Semester 6/Speech Processing/Projek_FInal_Speaker_Identification/data/50_speakers_audio_data/Speaker0046/Speaker0046_003.wav,Speaker0046,Speaker0046_003.wav,60.00036281179138
/Users/gertrudisrms/Documents/Kuliah/Semester 6/Speech Processing/Projek_FInal_Speaker_Identification/data/50_speakers_audio_data/Speaker0046/Speaker0046_002.wav,Speaker0046,Speaker0046_002.wav,60.00036281179138
/Users/gertrudisrms/Documents/Kuliah/Semester 6/Speech Processing/Projek_FInal_Speaker_Identification/data/50_speakers_audio_data/Speaker0046/Speaker0046_016.wav,Speaker0046,Speaker0046_016.wav,60.00036281179138
/Users/gertrudisrms/Documents/Kuliah/Semester 6/Speech Processing/Projek_FInal_Speaker_Identification/data/50_speakers_audio_data/Speaker0048/Speaker0048_013.wav,Speaker0048,Speaker0048_013.wav,
/Users/gertrudisrms/Documents/Kuliah/Semester 6/Speech Processing/Projek_FInal_Speaker_Identification/data/50_speakers_audio_data/Speaker0048/Speaker0048_007.wav,Speaker0048,Speaker0048_007.wav,
/Users/gertrudisrms/Documents/Kuliah/Semester 6/Speech Processing/Projek_FInal_Speaker_Identification/data/50_speakers_audio_data/Speaker0048/Speaker0048_006.wav,Speaker0048,Speaker0048_006.wav,
/Users/gertrudisrms/Documents/Kuliah/Semester 6/Speech Processing/Projek_FInal_Speaker_Identification/data/50_speakers_audio_data/Speaker0048/Speaker0048_012.wav,Speaker0048,Speaker0048_012.wav,
/Users/gertrudisrms/Documents/Kuliah/Semester 6/Speech Processing/Projek_FInal_Speaker_Identification/data/50_speakers_audio_data/Speaker0048/Speaker0048_004.wav,Speaker0048,Speaker0048_004.wav,
/Users/gertrudisrms/Documents/Kuliah/Semester 6/Speech Processing/Projek_FInal_Speaker_Identification/data/50_speakers_audio_data/Speaker0048/Speaker0048_010.wav,Speaker0048,Speaker0048_010.wav,
/Users/gertrudisrms/Documents/Kuliah/Semester 6/Speech Processing/Projek_FInal_Speaker_Identification/data/50_speakers_audio_data/Speaker0048/Speaker0048_011.wav,Speaker0048,Speaker0048_011.wav,
/Users/gertrudisrms/Documents/Kuliah/Semester 6/Speech Processing/Projek_FInal_Speaker_Identification/data/50_speakers_audio_data/Speaker0048/Speaker0048_005.wav,Speaker0048,Speaker0048_005.wav,
/Users/gertrudisrms/Documents/Kuliah/Semester 6/Speech Processing/Projek_FInal_Speaker_Identification/data/50_speakers_audio_data/Speaker0048/Speaker0048_029.wav,Speaker0048,Speaker0048_029.wav,
/Users/gertrudisrms/Documents/Kuliah/Semester 6/Speech Processing/Projek_FInal_Speaker_Identification/data/50_speakers_audio_data/Speaker0048/Speaker0048_001.wav,Speaker0048,Speaker0048_001.wav,
/Users/gertrudisrms/Documents/Kuliah/Semester 6/Speech Processing/Projek_FInal_Speaker_Identification/data/50_speakers_audio_data/Speaker0048/Speaker0048_015.wav,Speaker0048,Speaker0048_015.wav,
/Users/gertrudisrms/Documents/Kuliah/Semester 6/Speech Processing/Projek_FInal_Speaker_Identification/data/50_speakers_audio_data/Speaker0048/Speaker0048_014.wav,Speaker0048,Speaker0048_014.wav,
/Users/gertrudisrms/Documents/Kuliah/Semester 6/Speech Processing/Projek_FInal_Speaker_Identification/data/50_speakers_audio_data/Speaker0048/Speaker0048_000.wav,Speaker0048,Speaker0048_000.wav,
/Users/gertrudisrms/Documents/Kuliah/Semester 6/Speech Processing/Projek_FInal_Speaker_Identification/data/50_speakers_audio_data/Speaker0048/Speaker0048_028.wav,Speaker0048,Speaker0048_028.wav,
/Users/gertrudisrms/Documents/Kuliah/Semester 6/Speech Processing/Projek_FInal_Speaker_Identification/data/50_speakers_audio_data/Speaker0048/Speaker0048_016.wav,Speaker0048,Speaker0048_016.wav,
/Users/gertrudisrms/Documents/Kuliah/Semester 6/Speech Processing/Projek_FInal_Speaker_Identification/data/50_speakers_audio_data/Speaker0048/Speaker0048_002.wav,Speaker0048,Speaker0048_002.wav,
/Users/gertrudisrms/Documents/Kuliah/Semester 6/Speech Processing/Projek_FInal_Speaker_Identification/data/50_speakers_audio_data/Speaker0048/Speaker0048_003.wav,Speaker0048,Speaker0048_003.wav,
/Users/gertrudisrms/Documents/Kuliah/Semester 6/Speech Processing/Projek_FInal_Speaker_Identification/data/50_speakers_audio_data/Speaker0048/Speaker0048_017.wav,Speaker0048,Speaker0048_017.wav,
/Users/gertrudisrms/Documents/Kuliah/Semester 6/Speech Processing/Projek_FInal_Speaker_Identification/data/50_speakers_audio_data/Speaker0048/Speaker0048_026.wav,Speaker0048,Speaker0048_026.wav,
/Users/gertrudisrms/Documents/Kuliah/Semester 6/Speech Processing/Projek_FInal_Speaker_Identification/data/50_speakers_audio_data/Speaker0048/Speaker0048_027.wav,Speaker0048,Speaker0048_027.wav,
/Users/gertrudisrms/Documents/Kuliah/Semester 6/Speech Processing/Projek_FInal_Speaker_Identification/data/50_speakers_audio_data/Speaker0048/Speaker0048_025.wav,Speaker0048,Speaker0048_025.wav,
/Users/gertrudisrms/Documents/Kuliah/Semester 6/Speech Processing/Projek_FInal_Speaker_Identification/data/50_speakers_audio_data/Speaker0048/Speaker0048_019.wav,Speaker0048,Speaker0048_019.wav,
/Users/gertrudisrms/Documents/Kuliah/Semester 6/Speech Processing/Projek_FInal_Speaker_Identification/data/50_speakers_audio_data/Speaker0048/Speaker0048_018.wav,Speaker0048,Speaker0048_018.wav,
/Users/gertrudisrms/Documents/Kuliah/Semester 6/Speech Processing/Projek_FInal_Speaker_Identification/data/50_speakers_audio_data/Speaker0048/Speaker0048_030.wav,Speaker0048,Speaker0048_030.wav,
/Users/gertrudisrms/Documents/Kuliah/Semester 6/Speech Processing/Projek_FInal_Speaker_Identification/data/50_speakers_audio_data/Speaker0048/Speaker0048_024.wav,Speaker0048,Speaker0048_024.wav,
/Users/gertrudisrms/Documents/Kuliah/Semester 6/Speech Processing/Projek_FInal_Speaker_Identification/data/50_speakers_audio_data/Speaker0048/Speaker0048_008.wav,Speaker0048,Speaker0048_008.wav,
/Users/gertrudisrms/Documents/Kuliah/Semester 6/Speech Processing/Projek_FInal_Speaker_Identification/data/50_speakers_audio_data/Speaker0048/Speaker0048_020.wav,Speaker0048,Speaker0048_020.wav,
/Users/gertrudisrms/Documents/Kuliah/Semester 6/Speech Processing/Projek_FInal_Speaker_Identification/data/50_speakers_audio_data/Speaker0048/Speaker0048_021.wav,Speaker0048,Speaker0048_021.wav,
/Users/gertrudisrms/Documents/Kuliah/Semester 6/Speech Processing/Projek_FInal_Speaker_Identification/data/50_speakers_audio_data/Speaker0048/Speaker0048_009.wav,Speaker0048,Speaker0048_009.wav,
/Users/gertrudisrms/Documents/Kuliah/Semester 6/Speech Processing/Projek_FInal_Speaker_Identification/data/50_speakers_audio_data/Speaker0048/Speaker0048_023.wav,Speaker0048,Speaker0048_023.wav,
/Users/gertrudisrms/Documents/Kuliah/Semester 6/Speech Processing/Projek_FInal_Speaker_Identification/data/50_speakers_audio_data/Speaker0048/Speaker0048_022.wav,Speaker0048,Speaker0048_022.wav,
/Users/gertrudisrms/Documents/Kuliah/Semester 6/Speech Processing/Projek_FInal_Speaker_Identification/data/50_speakers_audio_data/Speaker0033/Speaker0033_004.wav,Speaker0033,Speaker0033_004.wav,60.00036281179138
/Users/gertrudisrms/Documents/Kuliah/Semester 6/Speech Processing/Projek_FInal_Speaker_Identification/data/50_speakers_audio_data/Speaker0033/Speaker0033_010.wav,Speaker0033,Speaker0033_010.wav,60.00036281179138
/Users/gertrudisrms/Documents/Kuliah/Semester 6/Speech Processing/Projek_FInal_Speaker_Identification/data/50_speakers_audio_data/Speaker0033/Speaker0033_011.wav,Speaker0033,Speaker0033_011.wav,60.00036281179138
/Users/gertrudisrms/Documents/Kuliah/Semester 6/Speech Processing/Projek_FInal_Speaker_Identification/data/50_speakers_audio_data/Speaker0033/Speaker0033_005.wav,Speaker0033,Speaker0033_005.wav,60.00036281179138
/Users/gertrudisrms/Documents/Kuliah/Semester 6/Speech Processing/Projek_FInal_Speaker_Identification/data/50_speakers_audio_data/Speaker0033/Speaker0033_013.wav,Speaker0033,Speaker0033_013.wav,60.00036281179138
/Users/gertrudisrms/Documents/Kuliah/Semester 6/Speech Processing/Projek_FInal_Speaker_Identification/data/50_speakers_audio_data/Speaker0033/Speaker0033_007.wav,Speaker0033,Speaker0033_007.wav,60.00036281179138
/Users/gertrudisrms/Documents/Kuliah/Semester 6/Speech Processing/Projek_FInal_Speaker_Identification/data/50_speakers_audio_data/Speaker0033/Speaker0033_006.wav,Speaker0033,Speaker0033_006.wav,60.00036281179138
/Users/gertrudisrms/Documents/Kuliah/Semester 6/Speech Processing/Projek_FInal_Speaker_Identification/data/50_speakers_audio_data/Speaker0033/Speaker0033_012.wav,Speaker0033,Speaker0033_012.wav,60.00036281179138
/Users/gertrudisrms/Documents/Kuliah/Semester 6/Speech Processing/Projek_FInal_Speaker_Identification/data/50_speakers_audio_data/Speaker0033/Speaker0033_016.wav,Speaker0033,Speaker0033_016.wav,60.00036281179138
/Users/gertrudisrms/Documents/Kuliah/Semester 6/Speech Processing/Projek_FInal_Speaker_Identification/data/50_speakers_audio_data/Speaker0033/Speaker0033_002.wav,Speaker0033,Speaker0033_002.wav,60.00036281179138
/Users/gertrudisrms/Documents/Kuliah/Semester 6/Speech Processing/Projek_FInal_Speaker_Identification/data/50_speakers_audio_data/Speaker0033/Speaker0033_003.wav,Speaker0033,Speaker0033_003.wav,60.00036281179138
/Users/gertrudisrms/Documents/Kuliah/Semester 6/Speech Processing/Projek_FInal_Speaker_Identification/data/50_speakers_audio_data/Speaker0033/Speaker0033_017.wav,Speaker0033,Speaker0033_017.wav,60.00036281179138
/Users/gertrudisrms/Documents/Kuliah/Semester 6/Speech Processing/Projek_FInal_Speaker_Identification/data/50_speakers_audio_data/Speaker0033/Speaker0033_001.wav,Speaker0033,Speaker0033_001.wav,60.00036281179138
/Users/gertrudisrms/Documents/Kuliah/Semester 6/Speech Processing/Projek_FInal_Speaker_Identification/data/50_speakers_audio_data/Speaker0033/Speaker0033_015.wav,Speaker0033,Speaker0033_015.wav,60.00036281179138
/Users/gertrudisrms/Documents/Kuliah/Semester 6/Speech Processing/Projek_FInal_Speaker_Identification/data/50_speakers_audio_data/Speaker0033/Speaker0033_029.wav,Speaker0033,Speaker0033_029.wav,60.00036281179138
/Users/gertrudisrms/Documents/Kuliah/Semester 6/Speech Processing/Projek_FInal_Speaker_Identification/data/50_speakers_audio_data/Speaker0033/Speaker0033_028.wav,Speaker0033,Speaker0033_028.wav,60.00036281179138
/Users/gertrudisrms/Documents/Kuliah/Semester 6/Speech Processing/Projek_FInal_Speaker_Identification/data/50_speakers_audio_data/Speaker0033/Speaker0033_014.wav,Speaker0033,Speaker0033_014.wav,60.00036281179138
/Users/gertrudisrms/Documents/Kuliah/Semester 6/Speech Processing/Projek_FInal_Speaker_Identification/data/50_speakers_audio_data/Speaker0033/Speaker0033_000.wav,Speaker0033,Speaker0033_000.wav,60.00036281179138
/Users/gertrudisrms/Documents/Kuliah/Semester 6/Speech Processing/Projek_FInal_Speaker_Identification/data/50_speakers_audio_data/Speaker0033/Speaker0033_019.wav,Speaker0033,Speaker0033_019.wav,60.00036281179138
/Users/gertrudisrms/Documents/Kuliah/Semester 6/Speech Processing/Projek_FInal_Speaker_Identification/data/50_speakers_audio_data/Speaker0033/Speaker0033_025.wav,Speaker0033,Speaker0033_025.wav,60.00036281179138
/Users/gertrudisrms/Documents/Kuliah/Semester 6/Speech Processing/Projek_FInal_Speaker_Identification/data/50_speakers_audio_data/Speaker0033/Speaker0033_031.wav,Speaker0033,Speaker0033_031.wav,60.00036281179138
/Users/gertrudisrms/Documents/Kuliah/Semester 6/Speech Processing/Projek_FInal_Speaker_Identification/data/50_speakers_audio_data/Speaker0033/Speaker0033_030.wav,Speaker0033,Speaker0033_030.wav,60.00036281179138
/Users/gertrudisrms/Documents/Kuliah/Semester 6/Speech Processing/Projek_FInal_Speaker_Identification/data/50_speakers_audio_data/Speaker0033/Speaker0033_024.wav,Speaker0033,Speaker0033_024.wav,60.00036281179138
/Users/gertrudisrms/Documents/Kuliah/Semester 6/Speech Processing/Projek_FInal_Speaker_Identification/data/50_speakers_audio_data/Speaker0033/Speaker0033_018.wav,Speaker0033,Speaker0033_018.wav,60.00036281179138
/Users/gertrudisrms/Documents/Kuliah/Semester 6/Speech Processing/Projek_FInal_Speaker_Identification/data/50_speakers_audio_data/Speaker0033/Speaker0033_032.wav,Speaker0033,Speaker0033_032.wav,60.00036281179138
/Users/gertrudisrms/Documents/Kuliah/Semester 6/Speech Processing/Projek_FInal_Speaker_Identification/data/50_speakers_audio_data/Speaker0033/Speaker0033_026.wav,Speaker0033,Speaker0033_026.wav,60.00036281179138
/Users/gertrudisrms/Documents/Kuliah/Semester 6/Speech Processing/Projek_FInal_Speaker_Identification/data/50_speakers_audio_data/Speaker0033/Speaker0033_027.wav,Speaker0033,Speaker0033_027.wav,60.00036281179138
/Users/gertrudisrms/Documents/Kuliah/Semester 6/Speech Processing/Projek_FInal_Speaker_Identification/data/50_speakers_audio_data/Speaker0033/Speaker0033_033.wav,Speaker0033,Speaker0033_033.wav,60.00036281179138
/Users/gertrudisrms/Documents/Kuliah/Semester 6/Speech Processing/Projek_FInal_Speaker_Identification/data/50_speakers_audio_data/Speaker0033/Speaker0033_023.wav,Speaker0033,Speaker0033_023.wav,60.00036281179138
/Users/gertrudisrms/Documents/Kuliah/Semester 6/Speech Processing/Projek_FInal_Speaker_Identification/data/50_speakers_audio_data/Speaker0033/Speaker0033_022.wav,Speaker0033,Speaker0033_022.wav,60.00036281179138
/Users/gertrudisrms/Documents/Kuliah/Semester 6/Speech Processing/Projek_FInal_Speaker_Identification/data/50_speakers_audio_data/Speaker0033/Speaker0033_020.wav,Speaker0033,Speaker0033_020.wav,60.00036281179138
/Users/gertrudisrms/Documents/Kuliah/Semester 6/Speech Processing/Projek_FInal_Speaker_Identification/data/50_speakers_audio_data/Speaker0033/Speaker0033_034.wav,Speaker0033,Speaker0033_034.wav,42.36480725623583
/Users/gertrudisrms/Documents/Kuliah/Semester 6/Speech Processing/Projek_FInal_Speaker_Identification/data/50_speakers_audio_data/Speaker0033/Speaker0033_008.wav,Speaker0033,Speaker0033_008.wav,60.00036281179138
/Users/gertrudisrms/Documents/Kuliah/Semester 6/Speech Processing/Projek_FInal_Speaker_Identification/data/50_speakers_audio_data/Speaker0033/Speaker0033_009.wav,Speaker0033,Speaker0033_009.wav,60.00036281179138
/Users/gertrudisrms/Documents/Kuliah/Semester 6/Speech Processing/Projek_FInal_Speaker_Identification/data/50_speakers_audio_data/Speaker0033/Speaker0033_021.wav,Speaker0033,Speaker0033_021.wav,60.00036281179138
/Users/gertrudisrms/Documents/Kuliah/Semester 6/Speech Processing/Projek_FInal_Speaker_Identification/data/50_speakers_audio_data/Speaker0034/Speaker0034_027.wav,Speaker0034,Speaker0034_027.wav,60.00036281179138
/Users/gertrudisrms/Documents/Kuliah/Semester 6/Speech Processing/Projek_FInal_Speaker_Identification/data/50_speakers_audio_data/Speaker0034/Speaker0034_033.wav,Speaker0034,Speaker0034_033.wav,58.06149659863946
/Users/gertrudisrms/Documents/Kuliah/Semester 6/Speech Processing/Projek_FInal_Speaker_Identification/data/50_speakers_audio_data/Speaker0034/Speaker0034_032.wav,Speaker0034,Speaker0034_032.wav,60.00036281179138
/Users/gertrudisrms/Documents/Kuliah/Semester 6/Speech Processing/Projek_FInal_Speaker_Identification/data/50_speakers_audio_data/Speaker0034/Speaker0034_026.wav,Speaker0034,Speaker0034_026.wav,60.00036281179138
/Users/gertrudisrms/Documents/Kuliah/Semester 6/Speech Processing/Projek_FInal_Speaker_Identification/data/50_speakers_audio_data/Speaker0034/Speaker0034_018.wav,Speaker0034,Speaker0034_018.wav,60.00036281179138
/Users/gertrudisrms/Documents/Kuliah/Semester 6/Speech Processing/Projek_FInal_Speaker_Identification/data/50_speakers_audio_data/Speaker0034/Speaker0034_030.wav,Speaker0034,Speaker0034_030.wav,60.00036281179138
/Users/gertrudisrms/Documents/Kuliah/Semester 6/Speech Processing/Projek_FInal_Speaker_Identification/data/50_speakers_audio_data/Speaker0034/Speaker0034_024.wav,Speaker0034,Speaker0034_024.wav,60.00036281179138
/Users/gertrudisrms/Documents/Kuliah/Semester 6/Speech Processing/Projek_FInal_Speaker_Identification/data/50_speakers_audio_data/Speaker0034/Speaker0034_025.wav,Speaker0034,Speaker0034_025.wav,60.00036281179138
/Users/gertrudisrms/Documents/Kuliah/Semester 6/Speech Processing/Projek_FInal_Speaker_Identification/data/50_speakers_audio_data/Speaker0034/Speaker0034_031.wav,Speaker0034,Speaker0034_031.wav,60.00036281179138
/Users/gertrudisrms/Documents/Kuliah/Semester 6/Speech Processing/Projek_FInal_Speaker_Identification/data/50_speakers_audio_data/Speaker0034/Speaker0034_019.wav,Speaker0034,Speaker0034_019.wav,60.00036281179138
/Users/gertrudisrms/Documents/Kuliah/Semester 6/Speech Processing/Projek_FInal_Speaker_Identification/data/50_speakers_audio_data/Speaker0034/Speaker0034_021.wav,Speaker0034,Speaker0034_021.wav,60.00036281179138
/Users/gertrudisrms/Documents/Kuliah/Semester 6/Speech Processing/Projek_FInal_Speaker_Identification/data/50_speakers_audio_data/Speaker0034/Speaker0034_009.wav,Speaker0034,Speaker0034_009.wav,60.00036281179138
/Users/gertrudisrms/Documents/Kuliah/Semester 6/Speech Processing/Projek_FInal_Speaker_Identification/data/50_speakers_audio_data/Speaker0034/Speaker0034_008.wav,Speaker0034,Speaker0034_008.wav,60.00036281179138
/Users/gertrudisrms/Documents/Kuliah/Semester 6/Speech Processing/Projek_FInal_Speaker_Identification/data/50_speakers_audio_data/Speaker0034/Speaker0034_020.wav,Speaker0034,Speaker0034_020.wav,60.00036281179138
/Users/gertrudisrms/Documents/Kuliah/Semester 6/Speech Processing/Projek_FInal_Speaker_Identification/data/50_speakers_audio_data/Speaker0034/Speaker0034_022.wav,Speaker0034,Speaker0034_022.wav,60.00036281179138
/Users/gertrudisrms/Documents/Kuliah/Semester 6/Speech Processing/Projek_FInal_Speaker_Identification/data/50_speakers_audio_data/Speaker0034/Speaker0034_023.wav,Speaker0034,Speaker0034_023.wav,60.00036281179138
/Users/gertrudisrms/Documents/Kuliah/Semester 6/Speech Processing/Projek_FInal_Speaker_Identification/data/50_speakers_audio_data/Speaker0034/Speaker0034_006.wav,Speaker0034,Speaker0034_006.wav,60.00036281179138
/Users/gertrudisrms/Documents/Kuliah/Semester 6/Speech Processing/Projek_FInal_Speaker_Identification/data/50_speakers_audio_data/Speaker0034/Speaker0034_012.wav,Speaker0034,Speaker0034_012.wav,60.00036281179138
/Users/gertrudisrms/Documents/Kuliah/Semester 6/Speech Processing/Projek_FInal_Speaker_Identification/data/50_speakers_audio_data/Speaker0034/Speaker0034_013.wav,Speaker0034,Speaker0034_013.wav,60.00036281179138
/Users/gertrudisrms/Documents/Kuliah/Semester 6/Speech Processing/Projek_FInal_Speaker_Identification/data/50_speakers_audio_data/Speaker0034/Speaker0034_007.wav,Speaker0034,Speaker0034_007.wav,60.00036281179138
/Users/gertrudisrms/Documents/Kuliah/Semester 6/Speech Processing/Projek_FInal_Speaker_Identification/data/50_speakers_audio_data/Speaker0034/Speaker0034_011.wav,Speaker0034,Speaker0034_011.wav,60.00036281179138
/Users/gertrudisrms/Documents/Kuliah/Semester 6/Speech Processing/Projek_FInal_Speaker_Identification/data/50_speakers_audio_data/Speaker0034/Speaker0034_005.wav,Speaker0034,Speaker0034_005.wav,60.00036281179138
/Users/gertrudisrms/Documents/Kuliah/Semester 6/Speech Processing/Projek_FInal_Speaker_Identification/data/50_speakers_audio_data/Speaker0034/Speaker0034_004.wav,Speaker0034,Speaker0034_004.wav,60.00036281179138
/Users/gertrudisrms/Documents/Kuliah/Semester 6/Speech Processing/Projek_FInal_Speaker_Identification/data/50_speakers_audio_data/Speaker0034/Speaker0034_010.wav,Speaker0034,Speaker0034_010.wav,60.00036281179138
/Users/gertrudisrms/Documents/Kuliah/Semester 6/Speech Processing/Projek_FInal_Speaker_Identification/data/50_speakers_audio_data/Speaker0034/Speaker0034_014.wav,Speaker0034,Speaker0034_014.wav,60.00036281179138
/Users/gertrudisrms/Documents/Kuliah/Semester 6/Speech Processing/Projek_FInal_Speaker_Identification/data/50_speakers_audio_data/Speaker0034/Speaker0034_000.wav,Speaker0034,Speaker0034_000.wav,60.00036281179138
/Users/gertrudisrms/Documents/Kuliah/Semester 6/Speech Processing/Projek_FInal_Speaker_Identification/data/50_speakers_audio_data/Speaker0034/Speaker0034_028.wav,Speaker0034,Speaker0034_028.wav,60.00036281179138
/Users/gertrudisrms/Documents/Kuliah/Semester 6/Speech Processing/Projek_FInal_Speaker_Identification/data/50_speakers_audio_data/Speaker0034/Speaker0034_029.wav,Speaker0034,Speaker0034_029.wav,60.00036281179138
/Users/gertrudisrms/Documents/Kuliah/Semester 6/Speech Processing/Projek_FInal_Speaker_Identification/data/50_speakers_audio_data/Speaker0034/Speaker0034_001.wav,Speaker0034,Speaker0034_001.wav,60.00036281179138
/Users/gertrudisrms/Documents/Kuliah/Semester 6/Speech Processing/Projek_FInal_Speaker_Identification/data/50_speakers_audio_data/Speaker0034/Speaker0034_015.wav,Speaker0034,Speaker0034_015.wav,60.00036281179138
/Users/gertrudisrms/Documents/Kuliah/Semester 6/Speech Processing/Projek_FInal_Speaker_Identification/data/50_speakers_audio_data/Speaker0034/Speaker0034_003.wav,Speaker0034,Speaker0034_003.wav,60.00036281179138
/Users/gertrudisrms/Documents/Kuliah/Semester 6/Speech Processing/Projek_FInal_Speaker_Identification/data/50_speakers_audio_data/Speaker0034/Speaker0034_017.wav,Speaker0034,Speaker0034_017.wav,60.00036281179138
/Users/gertrudisrms/Documents/Kuliah/Semester 6/Speech Processing/Projek_FInal_Speaker_Identification/data/50_speakers_audio_data/Speaker0034/Speaker0034_016.wav,Speaker0034,Speaker0034_016.wav,60.00036281179138
/Users/gertrudisrms/Documents/Kuliah/Semester 6/Speech Processing/Projek_FInal_Speaker_Identification/data/50_speakers_audio_data/Speaker0034/Speaker0034_002.wav,Speaker0034,Speaker0034_002.wav,60.00036281179138
/Users/gertrudisrms/Documents/Kuliah/Semester 6/Speech Processing/Projek_FInal_Speaker_Identification/data/50_speakers_audio_data/Speaker0035/Speaker0035_022.wav,Speaker0035,Speaker0035_022.wav,
/Users/gertrudisrms/Documents/Kuliah/Semester 6/Speech Processing/Projek_FInal_Speaker_Identification/data/50_speakers_audio_data/Speaker0035/Speaker0035_023.wav,Speaker0035,Speaker0035_023.wav,
/Users/gertrudisrms/Documents/Kuliah/Semester 6/Speech Processing/Projek_FInal_Speaker_Identification/data/50_speakers_audio_data/Speaker0035/Speaker0035_009.wav,Speaker0035,Speaker0035_009.wav,
/Users/gertrudisrms/Documents/Kuliah/Semester 6/Speech Processing/Projek_FInal_Speaker_Identification/data/50_speakers_audio_data/Speaker0035/Speaker0035_021.wav,Speaker0035,Speaker0035_021.wav,
/Users/gertrudisrms/Documents/Kuliah/Semester 6/Speech Processing/Projek_FInal_Speaker_Identification/data/50_speakers_audio_data/Speaker0035/Speaker0035_020.wav,Speaker0035,Speaker0035_020.wav,
/Users/gertrudisrms/Documents/Kuliah/Semester 6/Speech Processing/Projek_FInal_Speaker_Identification/data/50_speakers_audio_data/Speaker0035/Speaker0035_008.wav,Speaker0035,Speaker0035_008.wav,
/Users/gertrudisrms/Documents/Kuliah/Semester 6/Speech Processing/Projek_FInal_Speaker_Identification/data/50_speakers_audio_data/Speaker0035/Speaker0035_024.wav,Speaker0035,Speaker0035_024.wav,
/Users/gertrudisrms/Documents/Kuliah/Semester 6/Speech Processing/Projek_FInal_Speaker_Identification/data/50_speakers_audio_data/Speaker0035/Speaker0035_030.wav,Speaker0035,Speaker0035_030.wav,
/Users/gertrudisrms/Documents/Kuliah/Semester 6/Speech Processing/Projek_FInal_Speaker_Identification/data/50_speakers_audio_data/Speaker0035/Speaker0035_018.wav,Speaker0035,Speaker0035_018.wav,
/Users/gertrudisrms/Documents/Kuliah/Semester 6/Speech Processing/Projek_FInal_Speaker_Identification/data/50_speakers_audio_data/Speaker0035/Speaker0035_019.wav,Speaker0035,Speaker0035_019.wav,
/Users/gertrudisrms/Documents/Kuliah/Semester 6/Speech Processing/Projek_FInal_Speaker_Identification/data/50_speakers_audio_data/Speaker0035/Speaker0035_031.wav,Speaker0035,Speaker0035_031.wav,
/Users/gertrudisrms/Documents/Kuliah/Semester 6/Speech Processing/Projek_FInal_Speaker_Identification/data/50_speakers_audio_data/Speaker0035/Speaker0035_025.wav,Speaker0035,Speaker0035_025.wav,
/Users/gertrudisrms/Documents/Kuliah/Semester 6/Speech Processing/Projek_FInal_Speaker_Identification/data/50_speakers_audio_data/Speaker0035/Speaker0035_027.wav,Speaker0035,Speaker0035_027.wav,
/Users/gertrudisrms/Documents/Kuliah/Semester 6/Speech Processing/Projek_FInal_Speaker_Identification/data/50_speakers_audio_data/Speaker0035/Speaker0035_026.wav,Speaker0035,Speaker0035_026.wav,
/Users/gertrudisrms/Documents/Kuliah/Semester 6/Speech Processing/Projek_FInal_Speaker_Identification/data/50_speakers_audio_data/Speaker0035/Speaker0035_017.wav,Speaker0035,Speaker0035_017.wav,
/Users/gertrudisrms/Documents/Kuliah/Semester 6/Speech Processing/Projek_FInal_Speaker_Identification/data/50_speakers_audio_data/Speaker0035/Speaker0035_003.wav,Speaker0035,Speaker0035_003.wav,
/Users/gertrudisrms/Documents/Kuliah/Semester 6/Speech Processing/Projek_FInal_Speaker_Identification/data/50_speakers_audio_data/Speaker0035/Speaker0035_002.wav,Speaker0035,Speaker0035_002.wav,
/Users/gertrudisrms/Documents/Kuliah/Semester 6/Speech Processing/Projek_FInal_Speaker_Identification/data/50_speakers_audio_data/Speaker0035/Speaker0035_016.wav,Speaker0035,Speaker0035_016.wav,
/Users/gertrudisrms/Documents/Kuliah/Semester 6/Speech Processing/Projek_FInal_Speaker_Identification/data/50_speakers_audio_data/Speaker0035/Speaker0035_028.wav,Speaker0035,Speaker0035_028.wav,
/Users/gertrudisrms/Documents/Kuliah/Semester 6/Speech Processing/Projek_FInal_Speaker_Identification/data/50_speakers_audio_data/Speaker0035/Speaker0035_000.wav,Speaker0035,Speaker0035_000.wav,
/Users/gertrudisrms/Documents/Kuliah/Semester 6/Speech Processing/Projek_FInal_Speaker_Identification/data/50_speakers_audio_data/Speaker0035/Speaker0035_014.wav,Speaker0035,Speaker0035_014.wav,
/Users/gertrudisrms/Documents/Kuliah/Semester 6/Speech Processing/Projek_FInal_Speaker_Identification/data/50_speakers_audio_data/Speaker0035/Speaker0035_015.wav,Speaker0035,Speaker0035_015.wav,
/Users/gertrudisrms/Documents/Kuliah/Semester 6/Speech Processing/Projek_FInal_Speaker_Identification/data/50_speakers_audio_data/Speaker0035/Speaker0035_001.wav,Speaker0035,Speaker0035_001.wav,
/Users/gertrudisrms/Documents/Kuliah/Semester 6/Speech Processing/Projek_FInal_Speaker_Identification/data/50_speakers_audio_data/Speaker0035/Speaker0035_029.wav,Speaker0035,Speaker0035_029.wav,
/Users/gertrudisrms/Documents/Kuliah/Semester 6/Speech Processing/Projek_FInal_Speaker_Identification/data/50_speakers_audio_data/Speaker0035/Speaker0035_005.wav,Speaker0035,Speaker0035_005.wav,
/Users/gertrudisrms/Documents/Kuliah/Semester 6/Speech Processing/Projek_FInal_Speaker_Identification/data/50_speakers_audio_data/Speaker0035/Speaker0035_011.wav,Speaker0035,Speaker0035_011.wav,
/Users/gertrudisrms/Documents/Kuliah/Semester 6/Speech Processing/Projek_FInal_Speaker_Identification/data/50_speakers_audio_data/Speaker0035/Speaker0035_010.wav,Speaker0035,Speaker0035_010.wav,
/Users/gertrudisrms/Documents/Kuliah/Semester 6/Speech Processing/Projek_FInal_Speaker_Identification/data/50_speakers_audio_data/Speaker0035/Speaker0035_004.wav,Speaker0035,Speaker0035_004.wav,
/Users/gertrudisrms/Documents/Kuliah/Semester 6/Speech Processing/Projek_FInal_Speaker_Identification/data/50_speakers_audio_data/Speaker0035/Speaker0035_012.wav,Speaker0035,Speaker0035_012.wav,
/Users/gertrudisrms/Documents/Kuliah/Semester 6/Speech Processing/Projek_FInal_Speaker_Identification/data/50_speakers_audio_data/Speaker0035/Speaker0035_006.wav,Speaker0035,Speaker0035_006.wav,
/Users/gertrudisrms/Documents/Kuliah/Semester 6/Speech Processing/Projek_FInal_Speaker_Identification/data/50_speakers_audio_data/Speaker0035/Speaker0035_007.wav,Speaker0035,Speaker0035_007.wav,
/Users/gertrudisrms/Documents/Kuliah/Semester 6/Speech Processing/Projek_FInal_Speaker_Identification/data/50_speakers_audio_data/Speaker0035/Speaker0035_013.wav,Speaker0035,Speaker0035_013.wav,
/Users/gertrudisrms/Documents/Kuliah/Semester 6/Speech Processing/Projek_FInal_Speaker_Identification/data/50_speakers_audio_data/Speaker0032/Speaker32_033.wav,Speaker0032,Speaker32_033.wav,60.00036281179138
/Users/gertrudisrms/Documents/Kuliah/Semester 6/Speech Processing/Projek_FInal_Speaker_Identification/data/50_speakers_audio_data/Speaker0032/Speaker32_027.wav,Speaker0032,Speaker32_027.wav,60.00036281179138
/Users/gertrudisrms/Documents/Kuliah/Semester 6/Speech Processing/Projek_FInal_Speaker_Identification/data/50_speakers_audio_data/Speaker0032/Speaker32_026.wav,Speaker0032,Speaker32_026.wav,60.00036281179138
/Users/gertrudisrms/Documents/Kuliah/Semester 6/Speech Processing/Projek_FInal_Speaker_Identification/data/50_speakers_audio_data/Speaker0032/Speaker32_032.wav,Speaker0032,Speaker32_032.wav,60.00036281179138
/Users/gertrudisrms/Documents/Kuliah/Semester 6/Speech Processing/Projek_FInal_Speaker_Identification/data/50_speakers_audio_data/Speaker0032/Speaker32_018.wav,Speaker0032,Speaker32_018.wav,60.00036281179138
/Users/gertrudisrms/Documents/Kuliah/Semester 6/Speech Processing/Projek_FInal_Speaker_Identification/data/50_speakers_audio_data/Speaker0032/Speaker32_024.wav,Speaker0032,Speaker32_024.wav,60.00036281179138
/Users/gertrudisrms/Documents/Kuliah/Semester 6/Speech Processing/Projek_FInal_Speaker_Identification/data/50_speakers_audio_data/Speaker0032/Speaker32_030.wav,Speaker0032,Speaker32_030.wav,60.00036281179138
/Users/gertrudisrms/Documents/Kuliah/Semester 6/Speech Processing/Projek_FInal_Speaker_Identification/data/50_speakers_audio_data/Speaker0032/Speaker32_031.wav,Speaker0032,Speaker32_031.wav,60.00036281179138
/Users/gertrudisrms/Documents/Kuliah/Semester 6/Speech Processing/Projek_FInal_Speaker_Identification/data/50_speakers_audio_data/Speaker0032/Speaker32_025.wav,Speaker0032,Speaker32_025.wav,60.00036281179138
/Users/gertrudisrms/Documents/Kuliah/Semester 6/Speech Processing/Projek_FInal_Speaker_Identification/data/50_speakers_audio_data/Speaker0032/Speaker32_019.wav,Speaker0032,Speaker32_019.wav,60.00036281179138
/Users/gertrudisrms/Documents/Kuliah/Semester 6/Speech Processing/Projek_FInal_Speaker_Identification/data/50_speakers_audio_data/Speaker0032/Speaker32_021.wav,Speaker0032,Speaker32_021.wav,60.00036281179138
/Users/gertrudisrms/Documents/Kuliah/Semester 6/Speech Processing/Projek_FInal_Speaker_Identification/data/50_speakers_audio_data/Speaker0032/Speaker32_035.wav,Speaker0032,Speaker32_035.wav,60.00036281179138
/Users/gertrudisrms/Documents/Kuliah/Semester 6/Speech Processing/Projek_FInal_Speaker_Identification/data/50_speakers_audio_data/Speaker0032/Speaker32_009.wav,Speaker0032,Speaker32_009.wav,60.00036281179138
/Users/gertrudisrms/Documents/Kuliah/Semester 6/Speech Processing/Projek_FInal_Speaker_Identification/data/50_speakers_audio_data/Speaker0032/Speaker32_008.wav,Speaker0032,Speaker32_008.wav,60.00036281179138
/Users/gertrudisrms/Documents/Kuliah/Semester 6/Speech Processing/Projek_FInal_Speaker_Identification/data/50_speakers_audio_data/Speaker0032/Speaker32_034.wav,Speaker0032,Speaker32_034.wav,60.00036281179138
/Users/gertrudisrms/Documents/Kuliah/Semester 6/Speech Processing/Projek_FInal_Speaker_Identification/data/50_speakers_audio_data/Speaker0032/Speaker32_020.wav,Speaker0032,Speaker32_020.wav,60.00036281179138
/Users/gertrudisrms/Documents/Kuliah/Semester 6/Speech Processing/Projek_FInal_Speaker_Identification/data/50_speakers_audio_data/Speaker0032/Speaker32_036.wav,Speaker0032,Speaker32_036.wav,43.415510204081635
/Users/gertrudisrms/Documents/Kuliah/Semester 6/Speech Processing/Projek_FInal_Speaker_Identification/data/50_speakers_audio_data/Speaker0032/Speaker32_022.wav,Speaker0032,Speaker32_022.wav,60.00036281179138
/Users/gertrudisrms/Documents/Kuliah/Semester 6/Speech Processing/Projek_FInal_Speaker_Identification/data/50_speakers_audio_data/Speaker0032/Speaker32_023.wav,Speaker0032,Speaker32_023.wav,60.00036281179138
/Users/gertrudisrms/Documents/Kuliah/Semester 6/Speech Processing/Projek_FInal_Speaker_Identification/data/50_speakers_audio_data/Speaker0032/Speaker32_012.wav,Speaker0032,Speaker32_012.wav,60.00036281179138
/Users/gertrudisrms/Documents/Kuliah/Semester 6/Speech Processing/Projek_FInal_Speaker_Identification/data/50_speakers_audio_data/Speaker0032/Speaker32_006.wav,Speaker0032,Speaker32_006.wav,60.00036281179138
/Users/gertrudisrms/Documents/Kuliah/Semester 6/Speech Processing/Projek_FInal_Speaker_Identification/data/50_speakers_audio_data/Speaker0032/Speaker32_007.wav,Speaker0032,Speaker32_007.wav,60.00036281179138
/Users/gertrudisrms/Documents/Kuliah/Semester 6/Speech Processing/Projek_FInal_Speaker_Identification/data/50_speakers_audio_data/Speaker0032/Speaker32_013.wav,Speaker0032,Speaker32_013.wav,60.00036281179138
/Users/gertrudisrms/Documents/Kuliah/Semester 6/Speech Processing/Projek_FInal_Speaker_Identification/data/50_speakers_audio_data/Speaker0032/Speaker32_005.wav,Speaker0032,Speaker32_005.wav,60.00036281179138
/Users/gertrudisrms/Documents/Kuliah/Semester 6/Speech Processing/Projek_FInal_Speaker_Identification/data/50_speakers_audio_data/Speaker0032/Speaker32_011.wav,Speaker0032,Speaker32_011.wav,60.00036281179138
/Users/gertrudisrms/Documents/Kuliah/Semester 6/Speech Processing/Projek_FInal_Speaker_Identification/data/50_speakers_audio_data/Speaker0032/Speaker32_010.wav,Speaker0032,Speaker32_010.wav,60.00036281179138
/Users/gertrudisrms/Documents/Kuliah/Semester 6/Speech Processing/Projek_FInal_Speaker_Identification/data/50_speakers_audio_data/Speaker0032/Speaker32_004.wav,Speaker0032,Speaker32_004.wav,60.00036281179138
/Users/gertrudisrms/Documents/Kuliah/Semester 6/Speech Processing/Projek_FInal_Speaker_Identification/data/50_speakers_audio_data/Speaker0032/Speaker32_000.wav,Speaker0032,Speaker32_000.wav,60.00036281179138
/Users/gertrudisrms/Documents/Kuliah/Semester 6/Speech Processing/Projek_FInal_Speaker_Identification/data/50_speakers_audio_data/Speaker0032/Speaker32_014.wav,Speaker0032,Speaker32_014.wav,60.00036281179138
/Users/gertrudisrms/Documents/Kuliah/Semester 6/Speech Processing/Projek_FInal_Speaker_Identification/data/50_speakers_audio_data/Speaker0032/Speaker32_028.wav,Speaker0032,Speaker32_028.wav,60.00036281179138
/Users/gertrudisrms/Documents/Kuliah/Semester 6/Speech Processing/Projek_FInal_Speaker_Identification/data/50_speakers_audio_data/Speaker0032/Speaker32_029.wav,Speaker0032,Speaker32_029.wav,60.00036281179138
/Users/gertrudisrms/Documents/Kuliah/Semester 6/Speech Processing/Projek_FInal_Speaker_Identification/data/50_speakers_audio_data/Speaker0032/Speaker32_015.wav,Speaker0032,Speaker32_015.wav,60.00036281179138
/Users/gertrudisrms/Documents/Kuliah/Semester 6/Speech Processing/Projek_FInal_Speaker_Identification/data/50_speakers_audio_data/Speaker0032/Speaker32_001.wav,Speaker0032,Speaker32_001.wav,60.00036281179138
/Users/gertrudisrms/Documents/Kuliah/Semester 6/Speech Processing/Projek_FInal_Speaker_Identification/data/50_speakers_audio_data/Speaker0032/Speaker32_017.wav,Speaker0032,Speaker32_017.wav,60.00036281179138
/Users/gertrudisrms/Documents/Kuliah/Semester 6/Speech Processing/Projek_FInal_Speaker_Identification/data/50_speakers_audio_data/Speaker0032/Speaker32_003.wav,Speaker0032,Speaker32_003.wav,60.00036281179138
/Users/gertrudisrms/Documents/Kuliah/Semester 6/Speech Processing/Projek_FInal_Speaker_Identification/data/50_speakers_audio_data/Speaker0032/Speaker32_002.wav,Speaker0032,Speaker32_002.wav,60.00036281179138
/Users/gertrudisrms/Documents/Kuliah/Semester 6/Speech Processing/Projek_FInal_Speaker_Identification/data/50_speakers_audio_data/Speaker0032/Speaker32_016.wav,Speaker0032,Speaker32_016.wav,60.00036281179138
/Users/gertrudisrms/Documents/Kuliah/Semester 6/Speech Processing/Projek_FInal_Speaker_Identification/data/50_speakers_audio_data/Speaker0050/Speaker0050_015.wav,Speaker0050,Speaker0050_015.wav,60.00036281179138
/Users/gertrudisrms/Documents/Kuliah/Semester 6/Speech Processing/Projek_FInal_Speaker_Identification/data/50_speakers_audio_data/Speaker0050/Speaker0050_001.wav,Speaker0050,Speaker0050_001.wav,60.00036281179138
/Users/gertrudisrms/Documents/Kuliah/Semester 6/Speech Processing/Projek_FInal_Speaker_Identification/data/50_speakers_audio_data/Speaker0050/Speaker0050_029.wav,Speaker0050,Speaker0050_029.wav,60.00036281179138
/Users/gertrudisrms/Documents/Kuliah/Semester 6/Speech Processing/Projek_FInal_Speaker_Identification/data/50_speakers_audio_data/Speaker0050/Speaker0050_028.wav,Speaker0050,Speaker0050_028.wav,60.00036281179138
/Users/gertrudisrms/Documents/Kuliah/Semester 6/Speech Processing/Projek_FInal_Speaker_Identification/data/50_speakers_audio_data/Speaker0050/Speaker0050_000.wav,Speaker0050,Speaker0050_000.wav,60.00036281179138
/Users/gertrudisrms/Documents/Kuliah/Semester 6/Speech Processing/Projek_FInal_Speaker_Identification/data/50_speakers_audio_data/Speaker0050/Speaker0050_014.wav,Speaker0050,Speaker0050_014.wav,60.00036281179138
/Users/gertrudisrms/Documents/Kuliah/Semester 6/Speech Processing/Projek_FInal_Speaker_Identification/data/50_speakers_audio_data/Speaker0050/Speaker0050_002.wav,Speaker0050,Speaker0050_002.wav,60.00036281179138
/Users/gertrudisrms/Documents/Kuliah/Semester 6/Speech Processing/Projek_FInal_Speaker_Identification/data/50_speakers_audio_data/Speaker0050/Speaker0050_016.wav,Speaker0050,Speaker0050_016.wav,60.00036281179138
/Users/gertrudisrms/Documents/Kuliah/Semester 6/Speech Processing/Projek_FInal_Speaker_Identification/data/50_speakers_audio_data/Speaker0050/Speaker0050_017.wav,Speaker0050,Speaker0050_017.wav,60.00036281179138
/Users/gertrudisrms/Documents/Kuliah/Semester 6/Speech Processing/Projek_FInal_Speaker_Identification/data/50_speakers_audio_data/Speaker0050/Speaker0050_003.wav,Speaker0050,Speaker0050_003.wav,60.00036281179138
/Users/gertrudisrms/Documents/Kuliah/Semester 6/Speech Processing/Projek_FInal_Speaker_Identification/data/50_speakers_audio_data/Speaker0050/Speaker0050_007.wav,Speaker0050,Speaker0050_007.wav,60.00036281179138
/Users/gertrudisrms/Documents/Kuliah/Semester 6/Speech Processing/Projek_FInal_Speaker_Identification/data/50_speakers_audio_data/Speaker0050/Speaker0050_013.wav,Speaker0050,Speaker0050_013.wav,60.00036281179138
/Users/gertrudisrms/Documents/Kuliah/Semester 6/Speech Processing/Projek_FInal_Speaker_Identification/data/50_speakers_audio_data/Speaker0050/Speaker0050_012.wav,Speaker0050,Speaker0050_012.wav,60.00036281179138
/Users/gertrudisrms/Documents/Kuliah/Semester 6/Speech Processing/Projek_FInal_Speaker_Identification/data/50_speakers_audio_data/Speaker0050/Speaker0050_006.wav,Speaker0050,Speaker0050_006.wav,60.00036281179138
/Users/gertrudisrms/Documents/Kuliah/Semester 6/Speech Processing/Projek_FInal_Speaker_Identification/data/50_speakers_audio_data/Speaker0050/Speaker0050_010.wav,Speaker0050,Speaker0050_010.wav,60.00036281179138
/Users/gertrudisrms/Documents/Kuliah/Semester 6/Speech Processing/Projek_FInal_Speaker_Identification/data/50_speakers_audio_data/Speaker0050/Speaker0050_004.wav,Speaker0050,Speaker0050_004.wav,60.00036281179138
/Users/gertrudisrms/Documents/Kuliah/Semester 6/Speech Processing/Projek_FInal_Speaker_Identification/data/50_speakers_audio_data/Speaker0050/Speaker0050_005.wav,Speaker0050,Speaker0050_005.wav,60.00036281179138
/Users/gertrudisrms/Documents/Kuliah/Semester 6/Speech Processing/Projek_FInal_Speaker_Identification/data/50_speakers_audio_data/Speaker0050/Speaker0050_011.wav,Speaker0050,Speaker0050_011.wav,60.00036281179138
/Users/gertrudisrms/Documents/Kuliah/Semester 6/Speech Processing/Projek_FInal_Speaker_Identification/data/50_speakers_audio_data/Speaker0050/Speaker0050_020.wav,Speaker0050,Speaker0050_020.wav,60.00036281179138
/Users/gertrudisrms/Documents/Kuliah/Semester 6/Speech Processing/Projek_FInal_Speaker_Identification/data/50_speakers_audio_data/Speaker0050/Speaker0050_008.wav,Speaker0050,Speaker0050_008.wav,60.00036281179138
/Users/gertrudisrms/Documents/Kuliah/Semester 6/Speech Processing/Projek_FInal_Speaker_Identification/data/50_speakers_audio_data/Speaker0050/Speaker0050_009.wav,Speaker0050,Speaker0050_009.wav,60.00036281179138
/Users/gertrudisrms/Documents/Kuliah/Semester 6/Speech Processing/Projek_FInal_Speaker_Identification/data/50_speakers_audio_data/Speaker0050/Speaker0050_021.wav,Speaker0050,Speaker0050_021.wav,60.00036281179138
/Users/gertrudisrms/Documents/Kuliah/Semester 6/Speech Processing/Projek_FInal_Speaker_Identification/data/50_speakers_audio_data/Speaker0050/Speaker0050_023.wav,Speaker0050,Speaker0050_023.wav,60.00036281179138
/Users/gertrudisrms/Documents/Kuliah/Semester 6/Speech Processing/Projek_FInal_Speaker_Identification/data/50_speakers_audio_data/Speaker0050/Speaker0050_022.wav,Speaker0050,Speaker0050_022.wav,60.00036281179138
/Users/gertrudisrms/Documents/Kuliah/Semester 6/Speech Processing/Projek_FInal_Speaker_Identification/data/50_speakers_audio_data/Speaker0050/Speaker0050_026.wav,Speaker0050,Speaker0050_026.wav,60.00036281179138
/Users/gertrudisrms/Documents/Kuliah/Semester 6/Speech Processing/Projek_FInal_Speaker_Identification/data/50_speakers_audio_data/Speaker0050/Speaker0050_032.wav,Speaker0050,Speaker0050_032.wav,24.465124716553287
/Users/gertrudisrms/Documents/Kuliah/Semester 6/Speech Processing/Projek_FInal_Speaker_Identification/data/50_speakers_audio_data/Speaker0050/Speaker0050_027.wav,Speaker0050,Speaker0050_027.wav,60.00036281179138
/Users/gertrudisrms/Documents/Kuliah/Semester 6/Speech Processing/Projek_FInal_Speaker_Identification/data/50_speakers_audio_data/Speaker0050/Speaker0050_019.wav,Speaker0050,Speaker0050_019.wav,60.00036281179138
/Users/gertrudisrms/Documents/Kuliah/Semester 6/Speech Processing/Projek_FInal_Speaker_Identification/data/50_speakers_audio_data/Speaker0050/Speaker0050_031.wav,Speaker0050,Speaker0050_031.wav,60.00036281179138
/Users/gertrudisrms/Documents/Kuliah/Semester 6/Speech Processing/Projek_FInal_Speaker_Identification/data/50_speakers_audio_data/Speaker0050/Speaker0050_025.wav,Speaker0050,Speaker0050_025.wav,60.00036281179138
/Users/gertrudisrms/Documents/Kuliah/Semester 6/Speech Processing/Projek_FInal_Speaker_Identification/data/50_speakers_audio_data/Speaker0050/Speaker0050_024.wav,Speaker0050,Speaker0050_024.wav,60.00036281179138
/Users/gertrudisrms/Documents/Kuliah/Semester 6/Speech Processing/Projek_FInal_Speaker_Identification/data/50_speakers_audio_data/Speaker0050/Speaker0050_030.wav,Speaker0050,Speaker0050_030.wav,60.00036281179138
/Users/gertrudisrms/Documents/Kuliah/Semester 6/Speech Processing/Projek_FInal_Speaker_Identification/data/50_speakers_audio_data/Speaker0050/Speaker0050_018.wav,Speaker0050,Speaker0050_018.wav,60.00036281179138
/Users/gertrudisrms/Documents/Kuliah/Semester 6/Speech Processing/Projek_FInal_Speaker_Identification/data/50_speakers_audio_data/Speaker_0002/Speaker_0002_00098.wav,Speaker_0002,Speaker_0002_00098.wav,60.032
/Users/gertrudisrms/Documents/Kuliah/Semester 6/Speech Processing/Projek_FInal_Speaker_Identification/data/50_speakers_audio_data/Speaker_0002/Speaker_0002_00067.wav,Speaker_0002,Speaker_0002_00067.wav,59.904
/Users/gertrudisrms/Documents/Kuliah/Semester 6/Speech Processing/Projek_FInal_Speaker_Identification/data/50_speakers_audio_data/Speaker_0002/Speaker_0002_00073.wav,Speaker_0002,Speaker_0002_00073.wav,60.032
/Users/gertrudisrms/Documents/Kuliah/Semester 6/Speech Processing/Projek_FInal_Speaker_Identification/data/50_speakers_audio_data/Speaker_0002/Speaker_0002_00113.wav,Speaker_0002,Speaker_0002_00113.wav,60.032
/Users/gertrudisrms/Documents/Kuliah/Semester 6/Speech Processing/Projek_FInal_Speaker_Identification/data/50_speakers_audio_data/Speaker_0002/Speaker_0002_00107.wav,Speaker_0002,Speaker_0002_00107.wav,59.904
/Users/gertrudisrms/Documents/Kuliah/Semester 6/Speech Processing/Projek_FInal_Speaker_Identification/data/50_speakers_audio_data/Speaker_0002/Speaker_0002_00106.wav,Speaker_0002,Speaker_0002_00106.wav,60.032
/Users/gertrudisrms/Documents/Kuliah/Semester 6/Speech Processing/Projek_FInal_Speaker_Identification/data/50_speakers_audio_data/Speaker_0002/Speaker_0002_00112.wav,Speaker_0002,Speaker_0002_00112.wav,60.032
/Users/gertrudisrms/Documents/Kuliah/Semester 6/Speech Processing/Projek_FInal_Speaker_Identification/data/50_speakers_audio_data/Speaker_0002/Speaker_0002_00072.wav,Speaker_0002,Speaker_0002_00072.wav,60.032
/Users/gertrudisrms/Documents/Kuliah/Semester 6/Speech Processing/Projek_FInal_Speaker_Identification/data/50_speakers_audio_data/Speaker_0002/Speaker_0002_00066.wav,Speaker_0002,Speaker_0002_00066.wav,60.032
/Users/gertrudisrms/Documents/Kuliah/Semester 6/Speech Processing/Projek_FInal_Speaker_Identification/data/50_speakers_audio_data/Speaker_0002/Speaker_0002_00099.wav,Speaker_0002,Speaker_0002_00099.wav,59.904
/Users/gertrudisrms/Documents/Kuliah/Semester 6/Speech Processing/Projek_FInal_Speaker_Identification/data/50_speakers_audio_data/Speaker_0002/Speaker_0002_00058.wav,Speaker_0002,Speaker_0002_00058.wav,60.032
/Users/gertrudisrms/Documents/Kuliah/Semester 6/Speech Processing/Projek_FInal_Speaker_Identification/data/50_speakers_audio_data/Speaker_0002/Speaker_0002_00070.wav,Speaker_0002,Speaker_0002_00070.wav,60.032
/Users/gertrudisrms/Documents/Kuliah/Semester 6/Speech Processing/Projek_FInal_Speaker_Identification/data/50_speakers_audio_data/Speaker_0002/Speaker_0002_00064.wav,Speaker_0002,Speaker_0002_00064.wav,60.032
/Users/gertrudisrms/Documents/Kuliah/Semester 6/Speech Processing/Projek_FInal_Speaker_Identification/data/50_speakers_audio_data/Speaker_0002/Speaker_0002_00104.wav,Speaker_0002,Speaker_0002_00104.wav,60.032
/Users/gertrudisrms/Documents/Kuliah/Semester 6/Speech Processing/Projek_FInal_Speaker_Identification/data/50_speakers_audio_data/Speaker_0002/Speaker_0002_00110.wav,Speaker_0002,Speaker_0002_00110.wav,60.032
/Users/gertrudisrms/Documents/Kuliah/Semester 6/Speech Processing/Projek_FInal_Speaker_Identification/data/50_speakers_audio_data/Speaker_0002/Speaker_0002_00111.wav,Speaker_0002,Speaker_0002_00111.wav,59.904
/Users/gertrudisrms/Documents/Kuliah/Semester 6/Speech Processing/Projek_FInal_Speaker_Identification/data/50_speakers_audio_data/Speaker_0002/Speaker_0002_00105.wav,Speaker_0002,Speaker_0002_00105.wav,60.032
/Users/gertrudisrms/Documents/Kuliah/Semester 6/Speech Processing/Projek_FInal_Speaker_Identification/data/50_speakers_audio_data/Speaker_0002/Speaker_0002_00065.wav,Speaker_0002,Speaker_0002_00065.wav,60.032
/Users/gertrudisrms/Documents/Kuliah/Semester 6/Speech Processing/Projek_FInal_Speaker_Identification/data/50_speakers_audio_data/Speaker_0002/Speaker_0002_00071.wav,Speaker_0002,Speaker_0002_00071.wav,59.904
/Users/gertrudisrms/Documents/Kuliah/Semester 6/Speech Processing/Projek_FInal_Speaker_Identification/data/50_speakers_audio_data/Speaker_0002/Speaker_0002_00059.wav,Speaker_0002,Speaker_0002_00059.wav,59.904
/Users/gertrudisrms/Documents/Kuliah/Semester 6/Speech Processing/Projek_FInal_Speaker_Identification/data/50_speakers_audio_data/Speaker_0002/Speaker_0002_00075.wav,Speaker_0002,Speaker_0002_00075.wav,59.904
/Users/gertrudisrms/Documents/Kuliah/Semester 6/Speech Processing/Projek_FInal_Speaker_Identification/data/50_speakers_audio_data/Speaker_0002/Speaker_0002_00061.wav,Speaker_0002,Speaker_0002_00061.wav,60.032
/Users/gertrudisrms/Documents/Kuliah/Semester 6/Speech Processing/Projek_FInal_Speaker_Identification/data/50_speakers_audio_data/Speaker_0002/Speaker_0002_00049.wav,Speaker_0002,Speaker_0002_00049.wav,60.032
/Users/gertrudisrms/Documents/Kuliah/Semester 6/Speech Processing/Projek_FInal_Speaker_Identification/data/50_speakers_audio_data/Speaker_0002/Speaker_0002_00101.wav,Speaker_0002,Speaker_0002_00101.wav,60.032
/Users/gertrudisrms/Documents/Kuliah/Semester 6/Speech Processing/Projek_FInal_Speaker_Identification/data/50_speakers_audio_data/Speaker_0002/Speaker_0002_00115.wav,Speaker_0002,Speaker_0002_00115.wav,59.904
/Users/gertrudisrms/Documents/Kuliah/Semester 6/Speech Processing/Projek_FInal_Speaker_Identification/data/50_speakers_audio_data/Speaker_0002/Speaker_0002_00114.wav,Speaker_0002,Speaker_0002_00114.wav,60.032
/Users/gertrudisrms/Documents/Kuliah/Semester 6/Speech Processing/Projek_FInal_Speaker_Identification/data/50_speakers_audio_data/Speaker_0002/Speaker_0002_00100.wav,Speaker_0002,Speaker_0002_00100.wav,60.032
/Users/gertrudisrms/Documents/Kuliah/Semester 6/Speech Processing/Projek_FInal_Speaker_Identification/data/50_speakers_audio_data/Speaker_0002/Speaker_0002_00048.wav,Speaker_0002,Speaker_0002_00048.wav,60.032
/Users/gertrudisrms/Documents/Kuliah/Semester 6/Speech Processing/Projek_FInal_Speaker_Identification/data/50_speakers_audio_data/Speaker_0002/Speaker_0002_00060.wav,Speaker_0002,Speaker_0002_00060.wav,60.032
/Users/gertrudisrms/Documents/Kuliah/Semester 6/Speech Processing/Projek_FInal_Speaker_Identification/data/50_speakers_audio_data/Speaker_0002/Speaker_0002_00074.wav,Speaker_0002,Speaker_0002_00074.wav,60.032
/Users/gertrudisrms/Documents/Kuliah/Semester 6/Speech Processing/Projek_FInal_Speaker_Identification/data/50_speakers_audio_data/Speaker_0002/Speaker_0002_00089.wav,Speaker_0002,Speaker_0002_00089.wav,60.032
/Users/gertrudisrms/Documents/Kuliah/Semester 6/Speech Processing/Projek_FInal_Speaker_Identification/data/50_speakers_audio_data/Speaker_0002/Speaker_0002_00062.wav,Speaker_0002,Speaker_0002_00062.wav,60.032
/Users/gertrudisrms/Documents/Kuliah/Semester 6/Speech Processing/Projek_FInal_Speaker_Identification/data/50_speakers_audio_data/Speaker_0002/Speaker_0002_00076.wav,Speaker_0002,Speaker_0002_00076.wav,60.032
/Users/gertrudisrms/Documents/Kuliah/Semester 6/Speech Processing/Projek_FInal_Speaker_Identification/data/50_speakers_audio_data/Speaker_0002/Speaker_0002_00116.wav,Speaker_0002,Speaker_0002_00116.wav,60.032
/Users/gertrudisrms/Documents/Kuliah/Semester 6/Speech Processing/Projek_FInal_Speaker_Identification/data/50_speakers_audio_data/Speaker_0002/Speaker_0002_00102.wav,Speaker_0002,Speaker_0002_00102.wav,60.032
/Users/gertrudisrms/Documents/Kuliah/Semester 6/Speech Processing/Projek_FInal_Speaker_Identification/data/50_speakers_audio_data/Speaker_0002/Speaker_0002_00103.wav,Speaker_0002,Speaker_0002_00103.wav,59.904
/Users/gertrudisrms/Documents/Kuliah/Semester 6/Speech Processing/Projek_FInal_Speaker_Identification/data/50_speakers_audio_data/Speaker_0002/Speaker_0002_00117.wav,Speaker_0002,Speaker_0002_00117.wav,60.032
/Users/gertrudisrms/Documents/Kuliah/Semester 6/Speech Processing/Projek_FInal_Speaker_Identification/data/50_speakers_audio_data/Speaker_0002/Speaker_0002_00077.wav,Speaker_0002,Speaker_0002_00077.wav,60.032
/Users/gertrudisrms/Documents/Kuliah/Semester 6/Speech Processing/Projek_FInal_Speaker_Identification/data/50_speakers_audio_data/Speaker_0002/Speaker_0002_00063.wav,Speaker_0002,Speaker_0002_00063.wav,59.904
/Users/gertrudisrms/Documents/Kuliah/Semester 6/Speech Processing/Projek_FInal_Speaker_Identification/data/50_speakers_audio_data/Speaker_0002/Speaker_0002_00088.wav,Speaker_0002,Speaker_0002_00088.wav,60.032
/Users/gertrudisrms/Documents/Kuliah/Semester 6/Speech Processing/Projek_FInal_Speaker_Identification/data/50_speakers_audio_data/Speaker_0002/Speaker_0002_00038.wav,Speaker_0002,Speaker_0002_00038.wav,60.032
/Users/gertrudisrms/Documents/Kuliah/Semester 6/Speech Processing/Projek_FInal_Speaker_Identification/data/50_speakers_audio_data/Speaker_0002/Speaker_0002_00004.wav,Speaker_0002,Speaker_0002_00004.wav,60.032
/Users/gertrudisrms/Documents/Kuliah/Semester 6/Speech Processing/Projek_FInal_Speaker_Identification/data/50_speakers_audio_data/Speaker_0002/Speaker_0002_00010.wav,Speaker_0002,Speaker_0002_00010.wav,60.032
/Users/gertrudisrms/Documents/Kuliah/Semester 6/Speech Processing/Projek_FInal_Speaker_Identification/data/50_speakers_audio_data/Speaker_0002/Speaker_0002_00011.wav,Speaker_0002,Speaker_0002_00011.wav,59.904
/Users/gertrudisrms/Documents/Kuliah/Semester 6/Speech Processing/Projek_FInal_Speaker_Identification/data/50_speakers_audio_data/Speaker_0002/Speaker_0002_00005.wav,Speaker_0002,Speaker_0002_00005.wav,60.032
/Users/gertrudisrms/Documents/Kuliah/Semester 6/Speech Processing/Projek_FInal_Speaker_Identification/data/50_speakers_audio_data/Speaker_0002/Speaker_0002_00039.wav,Speaker_0002,Speaker_0002_00039.wav,59.904
/Users/gertrudisrms/Documents/Kuliah/Semester 6/Speech Processing/Projek_FInal_Speaker_Identification/data/50_speakers_audio_data/Speaker_0002/Speaker_0002_00013.wav,Speaker_0002,Speaker_0002_00013.wav,60.032
/Users/gertrudisrms/Documents/Kuliah/Semester 6/Speech Processing/Projek_FInal_Speaker_Identification/data/50_speakers_audio_data/Speaker_0002/Speaker_0002_00007.wav,Speaker_0002,Speaker_0002_00007.wav,59.904
/Users/gertrudisrms/Documents/Kuliah/Semester 6/Speech Processing/Projek_FInal_Speaker_Identification/data/50_speakers_audio_data/Speaker_0002/Speaker_0002_00006.wav,Speaker_0002,Speaker_0002_00006.wav,60.032
/Users/gertrudisrms/Documents/Kuliah/Semester 6/Speech Processing/Projek_FInal_Speaker_Identification/data/50_speakers_audio_data/Speaker_0002/Speaker_0002_00012.wav,Speaker_0002,Speaker_0002_00012.wav,60.032
/Users/gertrudisrms/Documents/Kuliah/Semester 6/Speech Processing/Projek_FInal_Speaker_Identification/data/50_speakers_audio_data/Speaker_0002/Speaker_0002_00016.wav,Speaker_0002,Speaker_0002_00016.wav,60.032
/Users/gertrudisrms/Documents/Kuliah/Semester 6/Speech Processing/Projek_FInal_Speaker_Identification/data/50_speakers_audio_data/Speaker_0002/Speaker_0002_00002.wav,Speaker_0002,Speaker_0002_00002.wav,60.032
/Users/gertrudisrms/Documents/Kuliah/Semester 6/Speech Processing/Projek_FInal_Speaker_Identification/data/50_speakers_audio_data/Speaker_0002/Speaker_0002_00003.wav,Speaker_0002,Speaker_0002_00003.wav,59.904
/Users/gertrudisrms/Documents/Kuliah/Semester 6/Speech Processing/Projek_FInal_Speaker_Identification/data/50_speakers_audio_data/Speaker_0002/Speaker_0002_00017.wav,Speaker_0002,Speaker_0002_00017.wav,60.032
/Users/gertrudisrms/Documents/Kuliah/Semester 6/Speech Processing/Projek_FInal_Speaker_Identification/data/50_speakers_audio_data/Speaker_0002/Speaker_0002_00001.wav,Speaker_0002,Speaker_0002_00001.wav,60.032
/Users/gertrudisrms/Documents/Kuliah/Semester 6/Speech Processing/Projek_FInal_Speaker_Identification/data/50_speakers_audio_data/Speaker_0002/Speaker_0002_00015.wav,Speaker_0002,Speaker_0002_00015.wav,59.904
/Users/gertrudisrms/Documents/Kuliah/Semester 6/Speech Processing/Projek_FInal_Speaker_Identification/data/50_speakers_audio_data/Speaker_0002/Speaker_0002_00029.wav,Speaker_0002,Speaker_0002_00029.wav,60.032
/Users/gertrudisrms/Documents/Kuliah/Semester 6/Speech Processing/Projek_FInal_Speaker_Identification/data/50_speakers_audio_data/Speaker_0002/Speaker_0002_00028.wav,Speaker_0002,Speaker_0002_00028.wav,60.032
/Users/gertrudisrms/Documents/Kuliah/Semester 6/Speech Processing/Projek_FInal_Speaker_Identification/data/50_speakers_audio_data/Speaker_0002/Speaker_0002_00014.wav,Speaker_0002,Speaker_0002_00014.wav,60.032
/Users/gertrudisrms/Documents/Kuliah/Semester 6/Speech Processing/Projek_FInal_Speaker_Identification/data/50_speakers_audio_data/Speaker_0002/Speaker_0002_00000.wav,Speaker_0002,Speaker_0002_00000.wav,60.032
/Users/gertrudisrms/Documents/Kuliah/Semester 6/Speech Processing/Projek_FInal_Speaker_Identification/data/50_speakers_audio_data/Speaker_0002/Speaker_0002_00019.wav,Speaker_0002,Speaker_0002_00019.wav,59.904
/Users/gertrudisrms/Documents/Kuliah/Semester 6/Speech Processing/Projek_FInal_Speaker_Identification/data/50_speakers_audio_data/Speaker_0002/Speaker_0002_00025.wav,Speaker_0002,Speaker_0002_00025.wav,60.032
/Users/gertrudisrms/Documents/Kuliah/Semester 6/Speech Processing/Projek_FInal_Speaker_Identification/data/50_speakers_audio_data/Speaker_0002/Speaker_0002_00031.wav,Speaker_0002,Speaker_0002_00031.wav,59.904
/Users/gertrudisrms/Documents/Kuliah/Semester 6/Speech Processing/Projek_FInal_Speaker_Identification/data/50_speakers_audio_data/Speaker_0002/Speaker_0002_00030.wav,Speaker_0002,Speaker_0002_00030.wav,60.032
/Users/gertrudisrms/Documents/Kuliah/Semester 6/Speech Processing/Projek_FInal_Speaker_Identification/data/50_speakers_audio_data/Speaker_0002/Speaker_0002_00024.wav,Speaker_0002,Speaker_0002_00024.wav,60.032
/Users/gertrudisrms/Documents/Kuliah/Semester 6/Speech Processing/Projek_FInal_Speaker_Identification/data/50_speakers_audio_data/Speaker_0002/Speaker_0002_00018.wav,Speaker_0002,Speaker_0002_00018.wav,60.032
/Users/gertrudisrms/Documents/Kuliah/Semester 6/Speech Processing/Projek_FInal_Speaker_Identification/data/50_speakers_audio_data/Speaker_0002/Speaker_0002_00032.wav,Speaker_0002,Speaker_0002_00032.wav,60.032
/Users/gertrudisrms/Documents/Kuliah/Semester 6/Speech Processing/Projek_FInal_Speaker_Identification/data/50_speakers_audio_data/Speaker_0002/Speaker_0002_00026.wav,Speaker_0002,Speaker_0002_00026.wav,60.032
/Users/gertrudisrms/Documents/Kuliah/Semester 6/Speech Processing/Projek_FInal_Speaker_Identification/data/50_speakers_audio_data/Speaker_0002/Speaker_0002_00027.wav,Speaker_0002,Speaker_0002_00027.wav,59.904
/Users/gertrudisrms/Documents/Kuliah/Semester 6/Speech Processing/Projek_FInal_Speaker_Identification/data/50_speakers_audio_data/Speaker_0002/Speaker_0002_00033.wav,Speaker_0002,Speaker_0002_00033.wav,60.032
/Users/gertrudisrms/Documents/Kuliah/Semester 6/Speech Processing/Projek_FInal_Speaker_Identification/data/50_speakers_audio_data/Speaker_0002/Speaker_0002_00037.wav,Speaker_0002,Speaker_0002_00037.wav,60.032
/Users/gertrudisrms/Documents/Kuliah/Semester 6/Speech Processing/Projek_FInal_Speaker_Identification/data/50_speakers_audio_data/Speaker_0002/Speaker_0002_00023.wav,Speaker_0002,Speaker_0002_00023.wav,59.904
/Users/gertrudisrms/Documents/Kuliah/Semester 6/Speech Processing/Projek_FInal_Speaker_Identification/data/50_speakers_audio_data/Speaker_0002/Speaker_0002_00022.wav,Speaker_0002,Speaker_0002_00022.wav,60.032
/Users/gertrudisrms/Documents/Kuliah/Semester 6/Speech Processing/Projek_FInal_Speaker_Identification/data/50_speakers_audio_data/Speaker_0002/Speaker_0002_00036.wav,Speaker_0002,Speaker_0002_00036.wav,60.032
/Users/gertrudisrms/Documents/Kuliah/Semester 6/Speech Processing/Projek_FInal_Speaker_Identification/data/50_speakers_audio_data/Speaker_0002/Speaker_0002_00020.wav,Speaker_0002,Speaker_0002_00020.wav,60.032
/Users/gertrudisrms/Documents/Kuliah/Semester 6/Speech Processing/Projek_FInal_Speaker_Identification/data/50_speakers_audio_data/Speaker_0002/Speaker_0002_00034.wav,Speaker_0002,Speaker_0002_00034.wav,60.032
/Users/gertrudisrms/Documents/Kuliah/Semester 6/Speech Processing/Projek_FInal_Speaker_Identification/data/50_speakers_audio_data/Speaker_0002/Speaker_0002_00008.wav,Speaker_0002,Speaker_0002_00008.wav,60.032
/Users/gertrudisrms/Documents/Kuliah/Semester 6/Speech Processing/Projek_FInal_Speaker_Identification/data/50_speakers_audio_data/Speaker_0002/Speaker_0002_00009.wav,Speaker_0002,Speaker_0002_00009.wav,60.032
/Users/gertrudisrms/Documents/Kuliah/Semester 6/Speech Processing/Projek_FInal_Speaker_Identification/data/50_speakers_audio_data/Speaker_0002/Speaker_0002_00035.wav,Speaker_0002,Speaker_0002_00035.wav,59.904
/Users/gertrudisrms/Documents/Kuliah/Semester 6/Speech Processing/Projek_FInal_Speaker_Identification/data/50_speakers_audio_data/Speaker_0002/Speaker_0002_00021.wav,Speaker_0002,Speaker_0002_00021.wav,60.032
/Users/gertrudisrms/Documents/Kuliah/Semester 6/Speech Processing/Projek_FInal_Speaker_Identification/data/50_speakers_audio_data/Speaker_0002/Speaker_0002_00085.wav,Speaker_0002,Speaker_0002_00085.wav,60.032
/Users/gertrudisrms/Documents/Kuliah/Semester 6/Speech Processing/Projek_FInal_Speaker_Identification/data/50_speakers_audio_data/Speaker_0002/Speaker_0002_00091.wav,Speaker_0002,Speaker_0002_00091.wav,59.904
/Users/gertrudisrms/Documents/Kuliah/Semester 6/Speech Processing/Projek_FInal_Speaker_Identification/data/50_speakers_audio_data/Speaker_0002/Speaker_0002_00046.wav,Speaker_0002,Speaker_0002_00046.wav,60.032
/Users/gertrudisrms/Documents/Kuliah/Semester 6/Speech Processing/Projek_FInal_Speaker_Identification/data/50_speakers_audio_data/Speaker_0002/Speaker_0002_00052.wav,Speaker_0002,Speaker_0002_00052.wav,60.032
/Users/gertrudisrms/Documents/Kuliah/Semester 6/Speech Processing/Projek_FInal_Speaker_Identification/data/50_speakers_audio_data/Speaker_0002/Speaker_0002_00053.wav,Speaker_0002,Speaker_0002_00053.wav,60.032
/Users/gertrudisrms/Documents/Kuliah/Semester 6/Speech Processing/Projek_FInal_Speaker_Identification/data/50_speakers_audio_data/Speaker_0002/Speaker_0002_00047.wav,Speaker_0002,Speaker_0002_00047.wav,59.904
/Users/gertrudisrms/Documents/Kuliah/Semester 6/Speech Processing/Projek_FInal_Speaker_Identification/data/50_speakers_audio_data/Speaker_0002/Speaker_0002_00090.wav,Speaker_0002,Speaker_0002_00090.wav,60.032
/Users/gertrudisrms/Documents/Kuliah/Semester 6/Speech Processing/Projek_FInal_Speaker_Identification/data/50_speakers_audio_data/Speaker_0002/Speaker_0002_00084.wav,Speaker_0002,Speaker_0002_00084.wav,60.032
/Users/gertrudisrms/Documents/Kuliah/Semester 6/Speech Processing/Projek_FInal_Speaker_Identification/data/50_speakers_audio_data/Speaker_0002/Speaker_0002_00092.wav,Speaker_0002,Speaker_0002_00092.wav,60.032
/Users/gertrudisrms/Documents/Kuliah/Semester 6/Speech Processing/Projek_FInal_Speaker_Identification/data/50_speakers_audio_data/Speaker_0002/Speaker_0002_00086.wav,Speaker_0002,Speaker_0002_00086.wav,60.032
/Users/gertrudisrms/Documents/Kuliah/Semester 6/Speech Processing/Projek_FInal_Speaker_Identification/data/50_speakers_audio_data/Speaker_0002/Speaker_0002_00079.wav,Speaker_0002,Speaker_0002_00079.wav,59.904
/Users/gertrudisrms/Documents/Kuliah/Semester 6/Speech Processing/Projek_FInal_Speaker_Identification/data/50_speakers_audio_data/Speaker_0002/Speaker_0002_00051.wav,Speaker_0002,Speaker_0002_00051.wav,59.904
/Users/gertrudisrms/Documents/Kuliah/Semester 6/Speech Processing/Projek_FInal_Speaker_Identification/data/50_speakers_audio_data/Speaker_0002/Speaker_0002_00045.wav,Speaker_0002,Speaker_0002_00045.wav,60.032
/Users/gertrudisrms/Documents/Kuliah/Semester 6/Speech Processing/Projek_FInal_Speaker_Identification/data/50_speakers_audio_data/Speaker_0002/Speaker_0002_00119.wav,Speaker_0002,Speaker_0002_00119.wav,2.315625
/Users/gertrudisrms/Documents/Kuliah/Semester 6/Speech Processing/Projek_FInal_Speaker_Identification/data/50_speakers_audio_data/Speaker_0002/Speaker_0002_00118.wav,Speaker_0002,Speaker_0002_00118.wav,60.032
/Users/gertrudisrms/Documents/Kuliah/Semester 6/Speech Processing/Projek_FInal_Speaker_Identification/data/50_speakers_audio_data/Speaker_0002/Speaker_0002_00044.wav,Speaker_0002,Speaker_0002_00044.wav,60.032
/Users/gertrudisrms/Documents/Kuliah/Semester 6/Speech Processing/Projek_FInal_Speaker_Identification/data/50_speakers_audio_data/Speaker_0002/Speaker_0002_00050.wav,Speaker_0002,Speaker_0002_00050.wav,60.032
/Users/gertrudisrms/Documents/Kuliah/Semester 6/Speech Processing/Projek_FInal_Speaker_Identification/data/50_speakers_audio_data/Speaker_0002/Speaker_0002_00078.wav,Speaker_0002,Speaker_0002_00078.wav,60.032
/Users/gertrudisrms/Documents/Kuliah/Semester 6/Speech Processing/Projek_FInal_Speaker_Identification/data/50_speakers_audio_data/Speaker_0002/Speaker_0002_00087.wav,Speaker_0002,Speaker_0002_00087.wav,59.904
/Users/gertrudisrms/Documents/Kuliah/Semester 6/Speech Processing/Projek_FInal_Speaker_Identification/data/50_speakers_audio_data/Speaker_0002/Speaker_0002_00093.wav,Speaker_0002,Speaker_0002_00093.wav,60.032
/Users/gertrudisrms/Documents/Kuliah/Semester 6/Speech Processing/Projek_FInal_Speaker_Identification/data/50_speakers_audio_data/Speaker_0002/Speaker_0002_00097.wav,Speaker_0002,Speaker_0002_00097.wav,60.032
/Users/gertrudisrms/Documents/Kuliah/Semester 6/Speech Processing/Projek_FInal_Speaker_Identification/data/50_speakers_audio_data/Speaker_0002/Speaker_0002_00083.wav,Speaker_0002,Speaker_0002_00083.wav,59.904
/Users/gertrudisrms/Documents/Kuliah/Semester 6/Speech Processing/Projek_FInal_Speaker_Identification/data/50_speakers_audio_data/Speaker_0002/Speaker_0002_00054.wav,Speaker_0002,Speaker_0002_00054.wav,60.032
/Users/gertrudisrms/Documents/Kuliah/Semester 6/Speech Processing/Projek_FInal_Speaker_Identification/data/50_speakers_audio_data/Speaker_0002/Speaker_0002_00040.wav,Speaker_0002,Speaker_0002_00040.wav,60.032
/Users/gertrudisrms/Documents/Kuliah/Semester 6/Speech Processing/Projek_FInal_Speaker_Identification/data/50_speakers_audio_data/Speaker_0002/Speaker_0002_00068.wav,Speaker_0002,Speaker_0002_00068.wav,60.032
/Users/gertrudisrms/Documents/Kuliah/Semester 6/Speech Processing/Projek_FInal_Speaker_Identification/data/50_speakers_audio_data/Speaker_0002/Speaker_0002_00108.wav,Speaker_0002,Speaker_0002_00108.wav,60.032
/Users/gertrudisrms/Documents/Kuliah/Semester 6/Speech Processing/Projek_FInal_Speaker_Identification/data/50_speakers_audio_data/Speaker_0002/Speaker_0002_00109.wav,Speaker_0002,Speaker_0002_00109.wav,60.032
/Users/gertrudisrms/Documents/Kuliah/Semester 6/Speech Processing/Projek_FInal_Speaker_Identification/data/50_speakers_audio_data/Speaker_0002/Speaker_0002_00069.wav,Speaker_0002,Speaker_0002_00069.wav,60.032
/Users/gertrudisrms/Documents/Kuliah/Semester 6/Speech Processing/Projek_FInal_Speaker_Identification/data/50_speakers_audio_data/Speaker_0002/Speaker_0002_00041.wav,Speaker_0002,Speaker_0002_00041.wav,60.032
/Users/gertrudisrms/Documents/Kuliah/Semester 6/Speech Processing/Projek_FInal_Speaker_Identification/data/50_speakers_audio_data/Speaker_0002/Speaker_0002_00055.wav,Speaker_0002,Speaker_0002_00055.wav,59.904
/Users/gertrudisrms/Documents/Kuliah/Semester 6/Speech Processing/Projek_FInal_Speaker_Identification/data/50_speakers_audio_data/Speaker_0002/Speaker_0002_00082.wav,Speaker_0002,Speaker_0002_00082.wav,60.032
/Users/gertrudisrms/Documents/Kuliah/Semester 6/Speech Processing/Projek_FInal_Speaker_Identification/data/50_speakers_audio_data/Speaker_0002/Speaker_0002_00096.wav,Speaker_0002,Speaker_0002_00096.wav,60.032
/Users/gertrudisrms/Documents/Kuliah/Semester 6/Speech Processing/Projek_FInal_Speaker_Identification/data/50_speakers_audio_data/Speaker_0002/Speaker_0002_00080.wav,Speaker_0002,Speaker_0002_00080.wav,60.032
/Users/gertrudisrms/Documents/Kuliah/Semester 6/Speech Processing/Projek_FInal_Speaker_Identification/data/50_speakers_audio_data/Speaker_0002/Speaker_0002_00094.wav,Speaker_0002,Speaker_0002_00094.wav,60.032
/Users/gertrudisrms/Documents/Kuliah/Semester 6/Speech Processing/Projek_FInal_Speaker_Identification/data/50_speakers_audio_data/Speaker_0002/Speaker_0002_00043.wav,Speaker_0002,Speaker_0002_00043.wav,59.904
/Users/gertrudisrms/Documents/Kuliah/Semester 6/Speech Processing/Projek_FInal_Speaker_Identification/data/50_speakers_audio_data/Speaker_0002/Speaker_0002_00057.wav,Speaker_0002,Speaker_0002_00057.wav,60.032
/Users/gertrudisrms/Documents/Kuliah/Semester 6/Speech Processing/Projek_FInal_Speaker_Identification/data/50_speakers_audio_data/Speaker_0002/Speaker_0002_00056.wav,Speaker_0002,Speaker_0002_00056.wav,60.032
/Users/gertrudisrms/Documents/Kuliah/Semester 6/Speech Processing/Projek_FInal_Speaker_Identification/data/50_speakers_audio_data/Speaker_0002/Speaker_0002_00042.wav,Speaker_0002,Speaker_0002_00042.wav,60.032
/Users/gertrudisrms/Documents/Kuliah/Semester 6/Speech Processing/Projek_FInal_Speaker_Identification/data/50_speakers_audio_data/Speaker_0002/Speaker_0002_00095.wav,Speaker_0002,Speaker_0002_00095.wav,59.904
/Users/gertrudisrms/Documents/Kuliah/Semester 6/Speech Processing/Projek_FInal_Speaker_Identification/data/50_speakers_audio_data/Speaker_0002/Speaker_0002_00081.wav,Speaker_0002,Speaker_0002_00081.wav,60.032
/Users/gertrudisrms/Documents/Kuliah/Semester 6/Speech Processing/Projek_FInal_Speaker_Identification/data/50_speakers_audio_data/Speaker_0005/Speaker_0005_00003.wav,Speaker_0005,Speaker_0005_00003.wav,59.904
/Users/gertrudisrms/Documents/Kuliah/Semester 6/Speech Processing/Projek_FInal_Speaker_Identification/data/50_speakers_audio_data/Speaker_0005/Speaker_0005_00017.wav,Speaker_0005,Speaker_0005_00017.wav,60.032
/Users/gertrudisrms/Documents/Kuliah/Semester 6/Speech Processing/Projek_FInal_Speaker_Identification/data/50_speakers_audio_data/Speaker_0005/Speaker_0005_00016.wav,Speaker_0005,Speaker_0005_00016.wav,60.032
/Users/gertrudisrms/Documents/Kuliah/Semester 6/Speech Processing/Projek_FInal_Speaker_Identification/data/50_speakers_audio_data/Speaker_0005/Speaker_0005_00002.wav,Speaker_0005,Speaker_0005_00002.wav,60.032
/Users/gertrudisrms/Documents/Kuliah/Semester 6/Speech Processing/Projek_FInal_Speaker_Identification/data/50_speakers_audio_data/Speaker_0005/Speaker_0005_00028.wav,Speaker_0005,Speaker_0005_00028.wav,60.032
/Users/gertrudisrms/Documents/Kuliah/Semester 6/Speech Processing/Projek_FInal_Speaker_Identification/data/50_speakers_audio_data/Speaker_0005/Speaker_0005_00014.wav,Speaker_0005,Speaker_0005_00014.wav,60.032
/Users/gertrudisrms/Documents/Kuliah/Semester 6/Speech Processing/Projek_FInal_Speaker_Identification/data/50_speakers_audio_data/Speaker_0005/Speaker_0005_00000.wav,Speaker_0005,Speaker_0005_00000.wav,60.032
/Users/gertrudisrms/Documents/Kuliah/Semester 6/Speech Processing/Projek_FInal_Speaker_Identification/data/50_speakers_audio_data/Speaker_0005/Speaker_0005_00001.wav,Speaker_0005,Speaker_0005_00001.wav,60.032
/Users/gertrudisrms/Documents/Kuliah/Semester 6/Speech Processing/Projek_FInal_Speaker_Identification/data/50_speakers_audio_data/Speaker_0005/Speaker_0005_00015.wav,Speaker_0005,Speaker_0005_00015.wav,59.904
/Users/gertrudisrms/Documents/Kuliah/Semester 6/Speech Processing/Projek_FInal_Speaker_Identification/data/50_speakers_audio_data/Speaker_0005/Speaker_0005_00029.wav,Speaker_0005,Speaker_0005_00029.wav,60.032
/Users/gertrudisrms/Documents/Kuliah/Semester 6/Speech Processing/Projek_FInal_Speaker_Identification/data/50_speakers_audio_data/Speaker_0005/Speaker_0005_00011.wav,Speaker_0005,Speaker_0005_00011.wav,59.904
/Users/gertrudisrms/Documents/Kuliah/Semester 6/Speech Processing/Projek_FInal_Speaker_Identification/data/50_speakers_audio_data/Speaker_0005/Speaker_0005_00005.wav,Speaker_0005,Speaker_0005_00005.wav,60.032
/Users/gertrudisrms/Documents/Kuliah/Semester 6/Speech Processing/Projek_FInal_Speaker_Identification/data/50_speakers_audio_data/Speaker_0005/Speaker_0005_00039.wav,Speaker_0005,Speaker_0005_00039.wav,59.904
/Users/gertrudisrms/Documents/Kuliah/Semester 6/Speech Processing/Projek_FInal_Speaker_Identification/data/50_speakers_audio_data/Speaker_0005/Speaker_0005_00038.wav,Speaker_0005,Speaker_0005_00038.wav,60.032
/Users/gertrudisrms/Documents/Kuliah/Semester 6/Speech Processing/Projek_FInal_Speaker_Identification/data/50_speakers_audio_data/Speaker_0005/Speaker_0005_00004.wav,Speaker_0005,Speaker_0005_00004.wav,60.032
/Users/gertrudisrms/Documents/Kuliah/Semester 6/Speech Processing/Projek_FInal_Speaker_Identification/data/50_speakers_audio_data/Speaker_0005/Speaker_0005_00010.wav,Speaker_0005,Speaker_0005_00010.wav,60.032
/Users/gertrudisrms/Documents/Kuliah/Semester 6/Speech Processing/Projek_FInal_Speaker_Identification/data/50_speakers_audio_data/Speaker_0005/Speaker_0005_00006.wav,Speaker_0005,Speaker_0005_00006.wav,60.032
/Users/gertrudisrms/Documents/Kuliah/Semester 6/Speech Processing/Projek_FInal_Speaker_Identification/data/50_speakers_audio_data/Speaker_0005/Speaker_0005_00012.wav,Speaker_0005,Speaker_0005_00012.wav,60.032
/Users/gertrudisrms/Documents/Kuliah/Semester 6/Speech Processing/Projek_FInal_Speaker_Identification/data/50_speakers_audio_data/Speaker_0005/Speaker_0005_00013.wav,Speaker_0005,Speaker_0005_00013.wav,60.032
/Users/gertrudisrms/Documents/Kuliah/Semester 6/Speech Processing/Projek_FInal_Speaker_Identification/data/50_speakers_audio_data/Speaker_0005/Speaker_0005_00007.wav,Speaker_0005,Speaker_0005_00007.wav,59.904
/Users/gertrudisrms/Documents/Kuliah/Semester 6/Speech Processing/Projek_FInal_Speaker_Identification/data/50_speakers_audio_data/Speaker_0005/Speaker_0005_00048.wav,Speaker_0005,Speaker_0005_00048.wav,60.032
/Users/gertrudisrms/Documents/Kuliah/Semester 6/Speech Processing/Projek_FInal_Speaker_Identification/data/50_speakers_audio_data/Speaker_0005/Speaker_0005_00060.wav,Speaker_0005,Speaker_0005_00060.wav,60.032
/Users/gertrudisrms/Documents/Kuliah/Semester 6/Speech Processing/Projek_FInal_Speaker_Identification/data/50_speakers_audio_data/Speaker_0005/Speaker_0005_00061.wav,Speaker_0005,Speaker_0005_00061.wav,60.032
/Users/gertrudisrms/Documents/Kuliah/Semester 6/Speech Processing/Projek_FInal_Speaker_Identification/data/50_speakers_audio_data/Speaker_0005/Speaker_0005_00049.wav,Speaker_0005,Speaker_0005_00049.wav,60.032
/Users/gertrudisrms/Documents/Kuliah/Semester 6/Speech Processing/Projek_FInal_Speaker_Identification/data/50_speakers_audio_data/Speaker_0005/Speaker_0005_00063.wav,Speaker_0005,Speaker_0005_00063.wav,59.904
/Users/gertrudisrms/Documents/Kuliah/Semester 6/Speech Processing/Projek_FInal_Speaker_Identification/data/50_speakers_audio_data/Speaker_0005/Speaker_0005_00062.wav,Speaker_0005,Speaker_0005_00062.wav,60.032
/Users/gertrudisrms/Documents/Kuliah/Semester 6/Speech Processing/Projek_FInal_Speaker_Identification/data/50_speakers_audio_data/Speaker_0005/Speaker_0005_00066.wav,Speaker_0005,Speaker_0005_00066.wav,60.032
/Users/gertrudisrms/Documents/Kuliah/Semester 6/Speech Processing/Projek_FInal_Speaker_Identification/data/50_speakers_audio_data/Speaker_0005/Speaker_0005_00067.wav,Speaker_0005,Speaker_0005_00067.wav,59.904
/Users/gertrudisrms/Documents/Kuliah/Semester 6/Speech Processing/Projek_FInal_Speaker_Identification/data/50_speakers_audio_data/Speaker_0005/Speaker_0005_00065.wav,Speaker_0005,Speaker_0005_00065.wav,60.032
/Users/gertrudisrms/Documents/Kuliah/Semester 6/Speech Processing/Projek_FInal_Speaker_Identification/data/50_speakers_audio_data/Speaker_0005/Speaker_0005_00071.wav,Speaker_0005,Speaker_0005_00071.wav,30.4408125
/Users/gertrudisrms/Documents/Kuliah/Semester 6/Speech Processing/Projek_FInal_Speaker_Identification/data/50_speakers_audio_data/Speaker_0005/Speaker_0005_00059.wav,Speaker_0005,Speaker_0005_00059.wav,59.904
/Users/gertrudisrms/Documents/Kuliah/Semester 6/Speech Processing/Projek_FInal_Speaker_Identification/data/50_speakers_audio_data/Speaker_0005/Speaker_0005_00058.wav,Speaker_0005,Speaker_0005_00058.wav,60.032
/Users/gertrudisrms/Documents/Kuliah/Semester 6/Speech Processing/Projek_FInal_Speaker_Identification/data/50_speakers_audio_data/Speaker_0005/Speaker_0005_00070.wav,Speaker_0005,Speaker_0005_00070.wav,60.032
/Users/gertrudisrms/Documents/Kuliah/Semester 6/Speech Processing/Projek_FInal_Speaker_Identification/data/50_speakers_audio_data/Speaker_0005/Speaker_0005_00064.wav,Speaker_0005,Speaker_0005_00064.wav,60.032
/Users/gertrudisrms/Documents/Kuliah/Semester 6/Speech Processing/Projek_FInal_Speaker_Identification/data/50_speakers_audio_data/Speaker_0005/Speaker_0005_00069.wav,Speaker_0005,Speaker_0005_00069.wav,60.032
/Users/gertrudisrms/Documents/Kuliah/Semester 6/Speech Processing/Projek_FInal_Speaker_Identification/data/50_speakers_audio_data/Speaker_0005/Speaker_0005_00041.wav,Speaker_0005,Speaker_0005_00041.wav,60.032
/Users/gertrudisrms/Documents/Kuliah/Semester 6/Speech Processing/Projek_FInal_Speaker_Identification/data/50_speakers_audio_data/Speaker_0005/Speaker_0005_00055.wav,Speaker_0005,Speaker_0005_00055.wav,59.904
/Users/gertrudisrms/Documents/Kuliah/Semester 6/Speech Processing/Projek_FInal_Speaker_Identification/data/50_speakers_audio_data/Speaker_0005/Speaker_0005_00054.wav,Speaker_0005,Speaker_0005_00054.wav,60.032
/Users/gertrudisrms/Documents/Kuliah/Semester 6/Speech Processing/Projek_FInal_Speaker_Identification/data/50_speakers_audio_data/Speaker_0005/Speaker_0005_00040.wav,Speaker_0005,Speaker_0005_00040.wav,60.032
/Users/gertrudisrms/Documents/Kuliah/Semester 6/Speech Processing/Projek_FInal_Speaker_Identification/data/50_speakers_audio_data/Speaker_0005/Speaker_0005_00068.wav,Speaker_0005,Speaker_0005_00068.wav,60.032
/Users/gertrudisrms/Documents/Kuliah/Semester 6/Speech Processing/Projek_FInal_Speaker_Identification/data/50_speakers_audio_data/Speaker_0005/Speaker_0005_00056.wav,Speaker_0005,Speaker_0005_00056.wav,60.032
/Users/gertrudisrms/Documents/Kuliah/Semester 6/Speech Processing/Projek_FInal_Speaker_Identification/data/50_speakers_audio_data/Speaker_0005/Speaker_0005_00042.wav,Speaker_0005,Speaker_0005_00042.wav,60.032
/Users/gertrudisrms/Documents/Kuliah/Semester 6/Speech Processing/Projek_FInal_Speaker_Identification/data/50_speakers_audio_data/Speaker_0005/Speaker_0005_00043.wav,Speaker_0005,Speaker_0005_00043.wav,59.904
/Users/gertrudisrms/Documents/Kuliah/Semester 6/Speech Processing/Projek_FInal_Speaker_Identification/data/50_speakers_audio_data/Speaker_0005/Speaker_0005_00057.wav,Speaker_0005,Speaker_0005_00057.wav,60.032
/Users/gertrudisrms/Documents/Kuliah/Semester 6/Speech Processing/Projek_FInal_Speaker_Identification/data/50_speakers_audio_data/Speaker_0005/Speaker_0005_00053.wav,Speaker_0005,Speaker_0005_00053.wav,60.032
/Users/gertrudisrms/Documents/Kuliah/Semester 6/Speech Processing/Projek_FInal_Speaker_Identification/data/50_speakers_audio_data/Speaker_0005/Speaker_0005_00047.wav,Speaker_0005,Speaker_0005_00047.wav,59.904
/Users/gertrudisrms/Documents/Kuliah/Semester 6/Speech Processing/Projek_FInal_Speaker_Identification/data/50_speakers_audio_data/Speaker_0005/Speaker_0005_00046.wav,Speaker_0005,Speaker_0005_00046.wav,60.032
/Users/gertrudisrms/Documents/Kuliah/Semester 6/Speech Processing/Projek_FInal_Speaker_Identification/data/50_speakers_audio_data/Speaker_0005/Speaker_0005_00052.wav,Speaker_0005,Speaker_0005_00052.wav,60.032
/Users/gertrudisrms/Documents/Kuliah/Semester 6/Speech Processing/Projek_FInal_Speaker_Identification/data/50_speakers_audio_data/Speaker_0005/Speaker_0005_00044.wav,Speaker_0005,Speaker_0005_00044.wav,60.032
/Users/gertrudisrms/Documents/Kuliah/Semester 6/Speech Processing/Projek_FInal_Speaker_Identification/data/50_speakers_audio_data/Speaker_0005/Speaker_0005_00050.wav,Speaker_0005,Speaker_0005_00050.wav,60.032
/Users/gertrudisrms/Documents/Kuliah/Semester 6/Speech Processing/Projek_FInal_Speaker_Identification/data/50_speakers_audio_data/Speaker_0005/Speaker_0005_00051.wav,Speaker_0005,Speaker_0005_00051.wav,59.904
/Users/gertrudisrms/Documents/Kuliah/Semester 6/Speech Processing/Projek_FInal_Speaker_Identification/data/50_speakers_audio_data/Speaker_0005/Speaker_0005_00045.wav,Speaker_0005,Speaker_0005_00045.wav,60.032
/Users/gertrudisrms/Documents/Kuliah/Semester 6/Speech Processing/Projek_FInal_Speaker_Identification/data/50_speakers_audio_data/Speaker_0005/Speaker_0005_00022.wav,Speaker_0005,Speaker_0005_00022.wav,60.032
/Users/gertrudisrms/Documents/Kuliah/Semester 6/Speech Processing/Projek_FInal_Speaker_Identification/data/50_speakers_audio_data/Speaker_0005/Speaker_0005_00036.wav,Speaker_0005,Speaker_0005_00036.wav,60.032
/Users/gertrudisrms/Documents/Kuliah/Semester 6/Speech Processing/Projek_FInal_Speaker_Identification/data/50_speakers_audio_data/Speaker_0005/Speaker_0005_00037.wav,Speaker_0005,Speaker_0005_00037.wav,60.032
/Users/gertrudisrms/Documents/Kuliah/Semester 6/Speech Processing/Projek_FInal_Speaker_Identification/data/50_speakers_audio_data/Speaker_0005/Speaker_0005_00023.wav,Speaker_0005,Speaker_0005_00023.wav,59.904
/Users/gertrudisrms/Documents/Kuliah/Semester 6/Speech Processing/Projek_FInal_Speaker_Identification/data/50_speakers_audio_data/Speaker_0005/Speaker_0005_00009.wav,Speaker_0005,Speaker_0005_00009.wav,60.032
/Users/gertrudisrms/Documents/Kuliah/Semester 6/Speech Processing/Projek_FInal_Speaker_Identification/data/50_speakers_audio_data/Speaker_0005/Speaker_0005_00035.wav,Speaker_0005,Speaker_0005_00035.wav,59.904
/Users/gertrudisrms/Documents/Kuliah/Semester 6/Speech Processing/Projek_FInal_Speaker_Identification/data/50_speakers_audio_data/Speaker_0005/Speaker_0005_00021.wav,Speaker_0005,Speaker_0005_00021.wav,60.032
/Users/gertrudisrms/Documents/Kuliah/Semester 6/Speech Processing/Projek_FInal_Speaker_Identification/data/50_speakers_audio_data/Speaker_0005/Speaker_0005_00020.wav,Speaker_0005,Speaker_0005_00020.wav,60.032
/Users/gertrudisrms/Documents/Kuliah/Semester 6/Speech Processing/Projek_FInal_Speaker_Identification/data/50_speakers_audio_data/Speaker_0005/Speaker_0005_00034.wav,Speaker_0005,Speaker_0005_00034.wav,60.032
/Users/gertrudisrms/Documents/Kuliah/Semester 6/Speech Processing/Projek_FInal_Speaker_Identification/data/50_speakers_audio_data/Speaker_0005/Speaker_0005_00008.wav,Speaker_0005,Speaker_0005_00008.wav,60.032
/Users/gertrudisrms/Documents/Kuliah/Semester 6/Speech Processing/Projek_FInal_Speaker_Identification/data/50_speakers_audio_data/Speaker_0005/Speaker_0005_00030.wav,Speaker_0005,Speaker_0005_00030.wav,60.032
/Users/gertrudisrms/Documents/Kuliah/Semester 6/Speech Processing/Projek_FInal_Speaker_Identification/data/50_speakers_audio_data/Speaker_0005/Speaker_0005_00024.wav,Speaker_0005,Speaker_0005_00024.wav,60.032
/Users/gertrudisrms/Documents/Kuliah/Semester 6/Speech Processing/Projek_FInal_Speaker_Identification/data/50_speakers_audio_data/Speaker_0005/Speaker_0005_00018.wav,Speaker_0005,Speaker_0005_00018.wav,60.032
/Users/gertrudisrms/Documents/Kuliah/Semester 6/Speech Processing/Projek_FInal_Speaker_Identification/data/50_speakers_audio_data/Speaker_0005/Speaker_0005_00019.wav,Speaker_0005,Speaker_0005_00019.wav,59.904
/Users/gertrudisrms/Documents/Kuliah/Semester 6/Speech Processing/Projek_FInal_Speaker_Identification/data/50_speakers_audio_data/Speaker_0005/Speaker_0005_00025.wav,Speaker_0005,Speaker_0005_00025.wav,60.032
/Users/gertrudisrms/Documents/Kuliah/Semester 6/Speech Processing/Projek_FInal_Speaker_Identification/data/50_speakers_audio_data/Speaker_0005/Speaker_0005_00031.wav,Speaker_0005,Speaker_0005_00031.wav,59.904
/Users/gertrudisrms/Documents/Kuliah/Semester 6/Speech Processing/Projek_FInal_Speaker_Identification/data/50_speakers_audio_data/Speaker_0005/Speaker_0005_00027.wav,Speaker_0005,Speaker_0005_00027.wav,59.904
/Users/gertrudisrms/Documents/Kuliah/Semester 6/Speech Processing/Projek_FInal_Speaker_Identification/data/50_speakers_audio_data/Speaker_0005/Speaker_0005_00033.wav,Speaker_0005,Speaker_0005_00033.wav,60.032
/Users/gertrudisrms/Documents/Kuliah/Semester 6/Speech Processing/Projek_FInal_Speaker_Identification/data/50_speakers_audio_data/Speaker_0005/Speaker_0005_00032.wav,Speaker_0005,Speaker_0005_00032.wav,60.032
/Users/gertrudisrms/Documents/Kuliah/Semester 6/Speech Processing/Projek_FInal_Speaker_Identification/data/50_speakers_audio_data/Speaker_0005/Speaker_0005_00026.wav,Speaker_0005,Speaker_0005_00026.wav,60.032
/Users/gertrudisrms/Documents/Kuliah/Semester 6/Speech Processing/Projek_FInal_Speaker_Identification/data/50_speakers_audio_data/Speaker_0004/Speaker_0004_00060.wav,Speaker_0004,Speaker_0004_00060.wav,60.032
/Users/gertrudisrms/Documents/Kuliah/Semester 6/Speech Processing/Projek_FInal_Speaker_Identification/data/50_speakers_audio_data/Speaker_0004/Speaker_0004_00074.wav,Speaker_0004,Speaker_0004_00074.wav,60.032
/Users/gertrudisrms/Documents/Kuliah/Semester 6/Speech Processing/Projek_FInal_Speaker_Identification/data/50_speakers_audio_data/Speaker_0004/Speaker_0004_00048.wav,Speaker_0004,Speaker_0004_00048.wav,60.032
/Users/gertrudisrms/Documents/Kuliah/Semester 6/Speech Processing/Projek_FInal_Speaker_Identification/data/50_speakers_audio_data/Speaker_0004/Speaker_0004_00049.wav,Speaker_0004,Speaker_0004_00049.wav,60.032
/Users/gertrudisrms/Documents/Kuliah/Semester 6/Speech Processing/Projek_FInal_Speaker_Identification/data/50_speakers_audio_data/Speaker_0004/Speaker_0004_00075.wav,Speaker_0004,Speaker_0004_00075.wav,59.904
/Users/gertrudisrms/Documents/Kuliah/Semester 6/Speech Processing/Projek_FInal_Speaker_Identification/data/50_speakers_audio_data/Speaker_0004/Speaker_0004_00061.wav,Speaker_0004,Speaker_0004_00061.wav,60.032
/Users/gertrudisrms/Documents/Kuliah/Semester 6/Speech Processing/Projek_FInal_Speaker_Identification/data/50_speakers_audio_data/Speaker_0004/Speaker_0004_00077.wav,Speaker_0004,Speaker_0004_00077.wav,60.032
/Users/gertrudisrms/Documents/Kuliah/Semester 6/Speech Processing/Projek_FInal_Speaker_Identification/data/50_speakers_audio_data/Speaker_0004/Speaker_0004_00063.wav,Speaker_0004,Speaker_0004_00063.wav,59.904
/Users/gertrudisrms/Documents/Kuliah/Semester 6/Speech Processing/Projek_FInal_Speaker_Identification/data/50_speakers_audio_data/Speaker_0004/Speaker_0004_00088.wav,Speaker_0004,Speaker_0004_00088.wav,60.032
/Users/gertrudisrms/Documents/Kuliah/Semester 6/Speech Processing/Projek_FInal_Speaker_Identification/data/50_speakers_audio_data/Speaker_0004/Speaker_0004_00089.wav,Speaker_0004,Speaker_0004_00089.wav,15.3255
/Users/gertrudisrms/Documents/Kuliah/Semester 6/Speech Processing/Projek_FInal_Speaker_Identification/data/50_speakers_audio_data/Speaker_0004/Speaker_0004_00062.wav,Speaker_0004,Speaker_0004_00062.wav,60.032
/Users/gertrudisrms/Documents/Kuliah/Semester 6/Speech Processing/Projek_FInal_Speaker_Identification/data/50_speakers_audio_data/Speaker_0004/Speaker_0004_00076.wav,Speaker_0004,Speaker_0004_00076.wav,60.032
/Users/gertrudisrms/Documents/Kuliah/Semester 6/Speech Processing/Projek_FInal_Speaker_Identification/data/50_speakers_audio_data/Speaker_0004/Speaker_0004_00072.wav,Speaker_0004,Speaker_0004_00072.wav,60.032
/Users/gertrudisrms/Documents/Kuliah/Semester 6/Speech Processing/Projek_FInal_Speaker_Identification/data/50_speakers_audio_data/Speaker_0004/Speaker_0004_00066.wav,Speaker_0004,Speaker_0004_00066.wav,60.032
/Users/gertrudisrms/Documents/Kuliah/Semester 6/Speech Processing/Projek_FInal_Speaker_Identification/data/50_speakers_audio_data/Speaker_0004/Speaker_0004_00067.wav,Speaker_0004,Speaker_0004_00067.wav,59.904
/Users/gertrudisrms/Documents/Kuliah/Semester 6/Speech Processing/Projek_FInal_Speaker_Identification/data/50_speakers_audio_data/Speaker_0004/Speaker_0004_00073.wav,Speaker_0004,Speaker_0004_00073.wav,60.032
/Users/gertrudisrms/Documents/Kuliah/Semester 6/Speech Processing/Projek_FInal_Speaker_Identification/data/50_speakers_audio_data/Speaker_0004/Speaker_0004_00059.wav,Speaker_0004,Speaker_0004_00059.wav,59.904
/Users/gertrudisrms/Documents/Kuliah/Semester 6/Speech Processing/Projek_FInal_Speaker_Identification/data/50_speakers_audio_data/Speaker_0004/Speaker_0004_00065.wav,Speaker_0004,Speaker_0004_00065.wav,60.032
/Users/gertrudisrms/Documents/Kuliah/Semester 6/Speech Processing/Projek_FInal_Speaker_Identification/data/50_speakers_audio_data/Speaker_0004/Speaker_0004_00071.wav,Speaker_0004,Speaker_0004_00071.wav,59.904
/Users/gertrudisrms/Documents/Kuliah/Semester 6/Speech Processing/Projek_FInal_Speaker_Identification/data/50_speakers_audio_data/Speaker_0004/Speaker_0004_00070.wav,Speaker_0004,Speaker_0004_00070.wav,60.032
/Users/gertrudisrms/Documents/Kuliah/Semester 6/Speech Processing/Projek_FInal_Speaker_Identification/data/50_speakers_audio_data/Speaker_0004/Speaker_0004_00064.wav,Speaker_0004,Speaker_0004_00064.wav,60.032
/Users/gertrudisrms/Documents/Kuliah/Semester 6/Speech Processing/Projek_FInal_Speaker_Identification/data/50_speakers_audio_data/Speaker_0004/Speaker_0004_00058.wav,Speaker_0004,Speaker_0004_00058.wav,60.032
/Users/gertrudisrms/Documents/Kuliah/Semester 6/Speech Processing/Projek_FInal_Speaker_Identification/data/50_speakers_audio_data/Speaker_0004/Speaker_0004_00003.wav,Speaker_0004,Speaker_0004_00003.wav,59.904
/Users/gertrudisrms/Documents/Kuliah/Semester 6/Speech Processing/Projek_FInal_Speaker_Identification/data/50_speakers_audio_data/Speaker_0004/Speaker_0004_00017.wav,Speaker_0004,Speaker_0004_00017.wav,60.032
/Users/gertrudisrms/Documents/Kuliah/Semester 6/Speech Processing/Projek_FInal_Speaker_Identification/data/50_speakers_audio_data/Speaker_0004/Speaker_0004_00016.wav,Speaker_0004,Speaker_0004_00016.wav,60.032
/Users/gertrudisrms/Documents/Kuliah/Semester 6/Speech Processing/Projek_FInal_Speaker_Identification/data/50_speakers_audio_data/Speaker_0004/Speaker_0004_00002.wav,Speaker_0004,Speaker_0004_00002.wav,60.032
/Users/gertrudisrms/Documents/Kuliah/Semester 6/Speech Processing/Projek_FInal_Speaker_Identification/data/50_speakers_audio_data/Speaker_0004/Speaker_0004_00014.wav,Speaker_0004,Speaker_0004_00014.wav,60.032
/Users/gertrudisrms/Documents/Kuliah/Semester 6/Speech Processing/Projek_FInal_Speaker_Identification/data/50_speakers_audio_data/Speaker_0004/Speaker_0004_00000.wav,Speaker_0004,Speaker_0004_00000.wav,60.032
/Users/gertrudisrms/Documents/Kuliah/Semester 6/Speech Processing/Projek_FInal_Speaker_Identification/data/50_speakers_audio_data/Speaker_0004/Speaker_0004_00028.wav,Speaker_0004,Speaker_0004_00028.wav,60.032
/Users/gertrudisrms/Documents/Kuliah/Semester 6/Speech Processing/Projek_FInal_Speaker_Identification/data/50_speakers_audio_data/Speaker_0004/Speaker_0004_00029.wav,Speaker_0004,Speaker_0004_00029.wav,60.032
/Users/gertrudisrms/Documents/Kuliah/Semester 6/Speech Processing/Projek_FInal_Speaker_Identification/data/50_speakers_audio_data/Speaker_0004/Speaker_0004_00001.wav,Speaker_0004,Speaker_0004_00001.wav,60.032
/Users/gertrudisrms/Documents/Kuliah/Semester 6/Speech Processing/Projek_FInal_Speaker_Identification/data/50_speakers_audio_data/Speaker_0004/Speaker_0004_00015.wav,Speaker_0004,Speaker_0004_00015.wav,59.904
/Users/gertrudisrms/Documents/Kuliah/Semester 6/Speech Processing/Projek_FInal_Speaker_Identification/data/50_speakers_audio_data/Speaker_0004/Speaker_0004_00039.wav,Speaker_0004,Speaker_0004_00039.wav,59.904
/Users/gertrudisrms/Documents/Kuliah/Semester 6/Speech Processing/Projek_FInal_Speaker_Identification/data/50_speakers_audio_data/Speaker_0004/Speaker_0004_00011.wav,Speaker_0004,Speaker_0004_00011.wav,59.904
/Users/gertrudisrms/Documents/Kuliah/Semester 6/Speech Processing/Projek_FInal_Speaker_Identification/data/50_speakers_audio_data/Speaker_0004/Speaker_0004_00005.wav,Speaker_0004,Speaker_0004_00005.wav,60.032
/Users/gertrudisrms/Documents/Kuliah/Semester 6/Speech Processing/Projek_FInal_Speaker_Identification/data/50_speakers_audio_data/Speaker_0004/Speaker_0004_00004.wav,Speaker_0004,Speaker_0004_00004.wav,60.032
/Users/gertrudisrms/Documents/Kuliah/Semester 6/Speech Processing/Projek_FInal_Speaker_Identification/data/50_speakers_audio_data/Speaker_0004/Speaker_0004_00010.wav,Speaker_0004,Speaker_0004_00010.wav,60.032
/Users/gertrudisrms/Documents/Kuliah/Semester 6/Speech Processing/Projek_FInal_Speaker_Identification/data/50_speakers_audio_data/Speaker_0004/Speaker_0004_00038.wav,Speaker_0004,Speaker_0004_00038.wav,60.032
/Users/gertrudisrms/Documents/Kuliah/Semester 6/Speech Processing/Projek_FInal_Speaker_Identification/data/50_speakers_audio_data/Speaker_0004/Speaker_0004_00006.wav,Speaker_0004,Speaker_0004_00006.wav,60.032
/Users/gertrudisrms/Documents/Kuliah/Semester 6/Speech Processing/Projek_FInal_Speaker_Identification/data/50_speakers_audio_data/Speaker_0004/Speaker_0004_00012.wav,Speaker_0004,Speaker_0004_00012.wav,60.032
/Users/gertrudisrms/Documents/Kuliah/Semester 6/Speech Processing/Projek_FInal_Speaker_Identification/data/50_speakers_audio_data/Speaker_0004/Speaker_0004_00013.wav,Speaker_0004,Speaker_0004_00013.wav,60.032
/Users/gertrudisrms/Documents/Kuliah/Semester 6/Speech Processing/Projek_FInal_Speaker_Identification/data/50_speakers_audio_data/Speaker_0004/Speaker_0004_00007.wav,Speaker_0004,Speaker_0004_00007.wav,59.904
/Users/gertrudisrms/Documents/Kuliah/Semester 6/Speech Processing/Projek_FInal_Speaker_Identification/data/50_speakers_audio_data/Speaker_0004/Speaker_0004_00022.wav,Speaker_0004,Speaker_0004_00022.wav,60.032
/Users/gertrudisrms/Documents/Kuliah/Semester 6/Speech Processing/Projek_FInal_Speaker_Identification/data/50_speakers_audio_data/Speaker_0004/Speaker_0004_00036.wav,Speaker_0004,Speaker_0004_00036.wav,60.032
/Users/gertrudisrms/Documents/Kuliah/Semester 6/Speech Processing/Projek_FInal_Speaker_Identification/data/50_speakers_audio_data/Speaker_0004/Speaker_0004_00037.wav,Speaker_0004,Speaker_0004_00037.wav,60.032
/Users/gertrudisrms/Documents/Kuliah/Semester 6/Speech Processing/Projek_FInal_Speaker_Identification/data/50_speakers_audio_data/Speaker_0004/Speaker_0004_00023.wav,Speaker_0004,Speaker_0004_00023.wav,59.904
/Users/gertrudisrms/Documents/Kuliah/Semester 6/Speech Processing/Projek_FInal_Speaker_Identification/data/50_speakers_audio_data/Speaker_0004/Speaker_0004_00035.wav,Speaker_0004,Speaker_0004_00035.wav,59.904
/Users/gertrudisrms/Documents/Kuliah/Semester 6/Speech Processing/Projek_FInal_Speaker_Identification/data/50_speakers_audio_data/Speaker_0004/Speaker_0004_00021.wav,Speaker_0004,Speaker_0004_00021.wav,60.032
/Users/gertrudisrms/Documents/Kuliah/Semester 6/Speech Processing/Projek_FInal_Speaker_Identification/data/50_speakers_audio_data/Speaker_0004/Speaker_0004_00009.wav,Speaker_0004,Speaker_0004_00009.wav,60.032
/Users/gertrudisrms/Documents/Kuliah/Semester 6/Speech Processing/Projek_FInal_Speaker_Identification/data/50_speakers_audio_data/Speaker_0004/Speaker_0004_00008.wav,Speaker_0004,Speaker_0004_00008.wav,60.032
/Users/gertrudisrms/Documents/Kuliah/Semester 6/Speech Processing/Projek_FInal_Speaker_Identification/data/50_speakers_audio_data/Speaker_0004/Speaker_0004_00020.wav,Speaker_0004,Speaker_0004_00020.wav,60.032
/Users/gertrudisrms/Documents/Kuliah/Semester 6/Speech Processing/Projek_FInal_Speaker_Identification/data/50_speakers_audio_data/Speaker_0004/Speaker_0004_00034.wav,Speaker_0004,Speaker_0004_00034.wav,60.032
/Users/gertrudisrms/Documents/Kuliah/Semester 6/Speech Processing/Projek_FInal_Speaker_Identification/data/50_speakers_audio_data/Speaker_0004/Speaker_0004_00018.wav,Speaker_0004,Speaker_0004_00018.wav,60.032
/Users/gertrudisrms/Documents/Kuliah/Semester 6/Speech Processing/Projek_FInal_Speaker_Identification/data/50_speakers_audio_data/Speaker_0004/Speaker_0004_00030.wav,Speaker_0004,Speaker_0004_00030.wav,60.032
/Users/gertrudisrms/Documents/Kuliah/Semester 6/Speech Processing/Projek_FInal_Speaker_Identification/data/50_speakers_audio_data/Speaker_0004/Speaker_0004_00024.wav,Speaker_0004,Speaker_0004_00024.wav,60.032
/Users/gertrudisrms/Documents/Kuliah/Semester 6/Speech Processing/Projek_FInal_Speaker_Identification/data/50_speakers_audio_data/Speaker_0004/Speaker_0004_00025.wav,Speaker_0004,Speaker_0004_00025.wav,60.032
/Users/gertrudisrms/Documents/Kuliah/Semester 6/Speech Processing/Projek_FInal_Speaker_Identification/data/50_speakers_audio_data/Speaker_0004/Speaker_0004_00031.wav,Speaker_0004,Speaker_0004_00031.wav,59.904
/Users/gertrudisrms/Documents/Kuliah/Semester 6/Speech Processing/Projek_FInal_Speaker_Identification/data/50_speakers_audio_data/Speaker_0004/Speaker_0004_00019.wav,Speaker_0004,Speaker_0004_00019.wav,59.904
/Users/gertrudisrms/Documents/Kuliah/Semester 6/Speech Processing/Projek_FInal_Speaker_Identification/data/50_speakers_audio_data/Speaker_0004/Speaker_0004_00027.wav,Speaker_0004,Speaker_0004_00027.wav,59.904
/Users/gertrudisrms/Documents/Kuliah/Semester 6/Speech Processing/Projek_FInal_Speaker_Identification/data/50_speakers_audio_data/Speaker_0004/Speaker_0004_00033.wav,Speaker_0004,Speaker_0004_00033.wav,60.032
/Users/gertrudisrms/Documents/Kuliah/Semester 6/Speech Processing/Projek_FInal_Speaker_Identification/data/50_speakers_audio_data/Speaker_0004/Speaker_0004_00032.wav,Speaker_0004,Speaker_0004_00032.wav,60.032
/Users/gertrudisrms/Documents/Kuliah/Semester 6/Speech Processing/Projek_FInal_Speaker_Identification/data/50_speakers_audio_data/Speaker_0004/Speaker_0004_00026.wav,Speaker_0004,Speaker_0004_00026.wav,60.032
/Users/gertrudisrms/Documents/Kuliah/Semester 6/Speech Processing/Projek_FInal_Speaker_Identification/data/50_speakers_audio_data/Speaker_0004/Speaker_0004_00041.wav,Speaker_0004,Speaker_0004_00041.wav,60.032
/Users/gertrudisrms/Documents/Kuliah/Semester 6/Speech Processing/Projek_FInal_Speaker_Identification/data/50_speakers_audio_data/Speaker_0004/Speaker_0004_00055.wav,Speaker_0004,Speaker_0004_00055.wav,59.904
/Users/gertrudisrms/Documents/Kuliah/Semester 6/Speech Processing/Projek_FInal_Speaker_Identification/data/50_speakers_audio_data/Speaker_0004/Speaker_0004_00069.wav,Speaker_0004,Speaker_0004_00069.wav,60.032
/Users/gertrudisrms/Documents/Kuliah/Semester 6/Speech Processing/Projek_FInal_Speaker_Identification/data/50_speakers_audio_data/Speaker_0004/Speaker_0004_00082.wav,Speaker_0004,Speaker_0004_00082.wav,60.032
/Users/gertrudisrms/Documents/Kuliah/Semester 6/Speech Processing/Projek_FInal_Speaker_Identification/data/50_speakers_audio_data/Speaker_0004/Speaker_0004_00083.wav,Speaker_0004,Speaker_0004_00083.wav,59.904
/Users/gertrudisrms/Documents/Kuliah/Semester 6/Speech Processing/Projek_FInal_Speaker_Identification/data/50_speakers_audio_data/Speaker_0004/Speaker_0004_00068.wav,Speaker_0004,Speaker_0004_00068.wav,60.032
/Users/gertrudisrms/Documents/Kuliah/Semester 6/Speech Processing/Projek_FInal_Speaker_Identification/data/50_speakers_audio_data/Speaker_0004/Speaker_0004_00054.wav,Speaker_0004,Speaker_0004_00054.wav,60.032
/Users/gertrudisrms/Documents/Kuliah/Semester 6/Speech Processing/Projek_FInal_Speaker_Identification/data/50_speakers_audio_data/Speaker_0004/Speaker_0004_00040.wav,Speaker_0004,Speaker_0004_00040.wav,60.032
/Users/gertrudisrms/Documents/Kuliah/Semester 6/Speech Processing/Projek_FInal_Speaker_Identification/data/50_speakers_audio_data/Speaker_0004/Speaker_0004_00056.wav,Speaker_0004,Speaker_0004_00056.wav,60.032
/Users/gertrudisrms/Documents/Kuliah/Semester 6/Speech Processing/Projek_FInal_Speaker_Identification/data/50_speakers_audio_data/Speaker_0004/Speaker_0004_00042.wav,Speaker_0004,Speaker_0004_00042.wav,60.032
/Users/gertrudisrms/Documents/Kuliah/Semester 6/Speech Processing/Projek_FInal_Speaker_Identification/data/50_speakers_audio_data/Speaker_0004/Speaker_0004_00081.wav,Speaker_0004,Speaker_0004_00081.wav,60.032
/Users/gertrudisrms/Documents/Kuliah/Semester 6/Speech Processing/Projek_FInal_Speaker_Identification/data/50_speakers_audio_data/Speaker_0004/Speaker_0004_00080.wav,Speaker_0004,Speaker_0004_00080.wav,60.032
/Users/gertrudisrms/Documents/Kuliah/Semester 6/Speech Processing/Projek_FInal_Speaker_Identification/data/50_speakers_audio_data/Speaker_0004/Speaker_0004_00043.wav,Speaker_0004,Speaker_0004_00043.wav,59.904
/Users/gertrudisrms/Documents/Kuliah/Semester 6/Speech Processing/Projek_FInal_Speaker_Identification/data/50_speakers_audio_data/Speaker_0004/Speaker_0004_00057.wav,Speaker_0004,Speaker_0004_00057.wav,60.032
/Users/gertrudisrms/Documents/Kuliah/Semester 6/Speech Processing/Projek_FInal_Speaker_Identification/data/50_speakers_audio_data/Speaker_0004/Speaker_0004_00053.wav,Speaker_0004,Speaker_0004_00053.wav,60.032
/Users/gertrudisrms/Documents/Kuliah/Semester 6/Speech Processing/Projek_FInal_Speaker_Identification/data/50_speakers_audio_data/Speaker_0004/Speaker_0004_00047.wav,Speaker_0004,Speaker_0004_00047.wav,59.904
/Users/gertrudisrms/Documents/Kuliah/Semester 6/Speech Processing/Projek_FInal_Speaker_Identification/data/50_speakers_audio_data/Speaker_0004/Speaker_0004_00084.wav,Speaker_0004,Speaker_0004_00084.wav,60.032
/Users/gertrudisrms/Documents/Kuliah/Semester 6/Speech Processing/Projek_FInal_Speaker_Identification/data/50_speakers_audio_data/Speaker_0004/Speaker_0004_00085.wav,Speaker_0004,Speaker_0004_00085.wav,60.032
/Users/gertrudisrms/Documents/Kuliah/Semester 6/Speech Processing/Projek_FInal_Speaker_Identification/data/50_speakers_audio_data/Speaker_0004/Speaker_0004_00046.wav,Speaker_0004,Speaker_0004_00046.wav,60.032
/Users/gertrudisrms/Documents/Kuliah/Semester 6/Speech Processing/Projek_FInal_Speaker_Identification/data/50_speakers_audio_data/Speaker_0004/Speaker_0004_00052.wav,Speaker_0004,Speaker_0004_00052.wav,60.032
/Users/gertrudisrms/Documents/Kuliah/Semester 6/Speech Processing/Projek_FInal_Speaker_Identification/data/50_speakers_audio_data/Speaker_0004/Speaker_0004_00078.wav,Speaker_0004,Speaker_0004_00078.wav,60.032
/Users/gertrudisrms/Documents/Kuliah/Semester 6/Speech Processing/Projek_FInal_Speaker_Identification/data/50_speakers_audio_data/Speaker_0004/Speaker_0004_00044.wav,Speaker_0004,Speaker_0004_00044.wav,60.032
/Users/gertrudisrms/Documents/Kuliah/Semester 6/Speech Processing/Projek_FInal_Speaker_Identification/data/50_speakers_audio_data/Speaker_0004/Speaker_0004_00050.wav,Speaker_0004,Speaker_0004_00050.wav,60.032
/Users/gertrudisrms/Documents/Kuliah/Semester 6/Speech Processing/Projek_FInal_Speaker_Identification/data/50_speakers_audio_data/Speaker_0004/Speaker_0004_00087.wav,Speaker_0004,Speaker_0004_00087.wav,59.904
/Users/gertrudisrms/Documents/Kuliah/Semester 6/Speech Processing/Projek_FInal_Speaker_Identification/data/50_speakers_audio_data/Speaker_0004/Speaker_0004_00086.wav,Speaker_0004,Speaker_0004_00086.wav,60.032
/Users/gertrudisrms/Documents/Kuliah/Semester 6/Speech Processing/Projek_FInal_Speaker_Identification/data/50_speakers_audio_data/Speaker_0004/Speaker_0004_00051.wav,Speaker_0004,Speaker_0004_00051.wav,59.904
/Users/gertrudisrms/Documents/Kuliah/Semester 6/Speech Processing/Projek_FInal_Speaker_Identification/data/50_speakers_audio_data/Speaker_0004/Speaker_0004_00045.wav,Speaker_0004,Speaker_0004_00045.wav,60.032
/Users/gertrudisrms/Documents/Kuliah/Semester 6/Speech Processing/Projek_FInal_Speaker_Identification/data/50_speakers_audio_data/Speaker_0004/Speaker_0004_00079.wav,Speaker_0004,Speaker_0004_00079.wav,59.904
/Users/gertrudisrms/Documents/Kuliah/Semester 6/Speech Processing/Projek_FInal_Speaker_Identification/data/50_speakers_audio_data/Speaker_0003/Speaker_0003_00004.wav,Speaker_0003,Speaker_0003_00004.wav,60.032
/Users/gertrudisrms/Documents/Kuliah/Semester 6/Speech Processing/Projek_FInal_Speaker_Identification/data/50_speakers_audio_data/Speaker_0003/Speaker_0003_00010.wav,Speaker_0003,Speaker_0003_00010.wav,60.032
/Users/gertrudisrms/Documents/Kuliah/Semester 6/Speech Processing/Projek_FInal_Speaker_Identification/data/50_speakers_audio_data/Speaker_0003/Speaker_0003_00038.wav,Speaker_0003,Speaker_0003_00038.wav,60.032
/Users/gertrudisrms/Documents/Kuliah/Semester 6/Speech Processing/Projek_FInal_Speaker_Identification/data/50_speakers_audio_data/Speaker_0003/Speaker_0003_00039.wav,Speaker_0003,Speaker_0003_00039.wav,59.904
/Users/gertrudisrms/Documents/Kuliah/Semester 6/Speech Processing/Projek_FInal_Speaker_Identification/data/50_speakers_audio_data/Speaker_0003/Speaker_0003_00011.wav,Speaker_0003,Speaker_0003_00011.wav,59.904
/Users/gertrudisrms/Documents/Kuliah/Semester 6/Speech Processing/Projek_FInal_Speaker_Identification/data/50_speakers_audio_data/Speaker_0003/Speaker_0003_00005.wav,Speaker_0003,Speaker_0003_00005.wav,60.032
/Users/gertrudisrms/Documents/Kuliah/Semester 6/Speech Processing/Projek_FInal_Speaker_Identification/data/50_speakers_audio_data/Speaker_0003/Speaker_0003_00013.wav,Speaker_0003,Speaker_0003_00013.wav,60.032
/Users/gertrudisrms/Documents/Kuliah/Semester 6/Speech Processing/Projek_FInal_Speaker_Identification/data/50_speakers_audio_data/Speaker_0003/Speaker_0003_00007.wav,Speaker_0003,Speaker_0003_00007.wav,59.904
/Users/gertrudisrms/Documents/Kuliah/Semester 6/Speech Processing/Projek_FInal_Speaker_Identification/data/50_speakers_audio_data/Speaker_0003/Speaker_0003_00006.wav,Speaker_0003,Speaker_0003_00006.wav,60.032
/Users/gertrudisrms/Documents/Kuliah/Semester 6/Speech Processing/Projek_FInal_Speaker_Identification/data/50_speakers_audio_data/Speaker_0003/Speaker_0003_00012.wav,Speaker_0003,Speaker_0003_00012.wav,60.032
/Users/gertrudisrms/Documents/Kuliah/Semester 6/Speech Processing/Projek_FInal_Speaker_Identification/data/50_speakers_audio_data/Speaker_0003/Speaker_0003_00016.wav,Speaker_0003,Speaker_0003_00016.wav,60.032
/Users/gertrudisrms/Documents/Kuliah/Semester 6/Speech Processing/Projek_FInal_Speaker_Identification/data/50_speakers_audio_data/Speaker_0003/Speaker_0003_00002.wav,Speaker_0003,Speaker_0003_00002.wav,60.032
/Users/gertrudisrms/Documents/Kuliah/Semester 6/Speech Processing/Projek_FInal_Speaker_Identification/data/50_speakers_audio_data/Speaker_0003/Speaker_0003_00003.wav,Speaker_0003,Speaker_0003_00003.wav,59.904
/Users/gertrudisrms/Documents/Kuliah/Semester 6/Speech Processing/Projek_FInal_Speaker_Identification/data/50_speakers_audio_data/Speaker_0003/Speaker_0003_00017.wav,Speaker_0003,Speaker_0003_00017.wav,60.032
/Users/gertrudisrms/Documents/Kuliah/Semester 6/Speech Processing/Projek_FInal_Speaker_Identification/data/50_speakers_audio_data/Speaker_0003/Speaker_0003_00029.wav,Speaker_0003,Speaker_0003_00029.wav,60.032
/Users/gertrudisrms/Documents/Kuliah/Semester 6/Speech Processing/Projek_FInal_Speaker_Identification/data/50_speakers_audio_data/Speaker_0003/Speaker_0003_00001.wav,Speaker_0003,Speaker_0003_00001.wav,60.032
/Users/gertrudisrms/Documents/Kuliah/Semester 6/Speech Processing/Projek_FInal_Speaker_Identification/data/50_speakers_audio_data/Speaker_0003/Speaker_0003_00015.wav,Speaker_0003,Speaker_0003_00015.wav,59.904
/Users/gertrudisrms/Documents/Kuliah/Semester 6/Speech Processing/Projek_FInal_Speaker_Identification/data/50_speakers_audio_data/Speaker_0003/Speaker_0003_00014.wav,Speaker_0003,Speaker_0003_00014.wav,60.032
/Users/gertrudisrms/Documents/Kuliah/Semester 6/Speech Processing/Projek_FInal_Speaker_Identification/data/50_speakers_audio_data/Speaker_0003/Speaker_0003_00000.wav,Speaker_0003,Speaker_0003_00000.wav,60.032
/Users/gertrudisrms/Documents/Kuliah/Semester 6/Speech Processing/Projek_FInal_Speaker_Identification/data/50_speakers_audio_data/Speaker_0003/Speaker_0003_00028.wav,Speaker_0003,Speaker_0003_00028.wav,60.032
/Users/gertrudisrms/Documents/Kuliah/Semester 6/Speech Processing/Projek_FInal_Speaker_Identification/data/50_speakers_audio_data/Speaker_0003/Speaker_0003_00067.wav,Speaker_0003,Speaker_0003_00067.wav,59.904
/Users/gertrudisrms/Documents/Kuliah/Semester 6/Speech Processing/Projek_FInal_Speaker_Identification/data/50_speakers_audio_data/Speaker_0003/Speaker_0003_00073.wav,Speaker_0003,Speaker_0003_00073.wav,60.032
/Users/gertrudisrms/Documents/Kuliah/Semester 6/Speech Processing/Projek_FInal_Speaker_Identification/data/50_speakers_audio_data/Speaker_0003/Speaker_0003_00072.wav,Speaker_0003,Speaker_0003_00072.wav,60.032
/Users/gertrudisrms/Documents/Kuliah/Semester 6/Speech Processing/Projek_FInal_Speaker_Identification/data/50_speakers_audio_data/Speaker_0003/Speaker_0003_00066.wav,Speaker_0003,Speaker_0003_00066.wav,60.032
/Users/gertrudisrms/Documents/Kuliah/Semester 6/Speech Processing/Projek_FInal_Speaker_Identification/data/50_speakers_audio_data/Speaker_0003/Speaker_0003_00070.wav,Speaker_0003,Speaker_0003_00070.wav,60.032
/Users/gertrudisrms/Documents/Kuliah/Semester 6/Speech Processing/Projek_FInal_Speaker_Identification/data/50_speakers_audio_data/Speaker_0003/Speaker_0003_00064.wav,Speaker_0003,Speaker_0003_00064.wav,60.032
/Users/gertrudisrms/Documents/Kuliah/Semester 6/Speech Processing/Projek_FInal_Speaker_Identification/data/50_speakers_audio_data/Speaker_0003/Speaker_0003_00058.wav,Speaker_0003,Speaker_0003_00058.wav,60.032
/Users/gertrudisrms/Documents/Kuliah/Semester 6/Speech Processing/Projek_FInal_Speaker_Identification/data/50_speakers_audio_data/Speaker_0003/Speaker_0003_00059.wav,Speaker_0003,Speaker_0003_00059.wav,59.904
/Users/gertrudisrms/Documents/Kuliah/Semester 6/Speech Processing/Projek_FInal_Speaker_Identification/data/50_speakers_audio_data/Speaker_0003/Speaker_0003_00065.wav,Speaker_0003,Speaker_0003_00065.wav,60.032
/Users/gertrudisrms/Documents/Kuliah/Semester 6/Speech Processing/Projek_FInal_Speaker_Identification/data/50_speakers_audio_data/Speaker_0003/Speaker_0003_00071.wav,Speaker_0003,Speaker_0003_00071.wav,59.904
/Users/gertrudisrms/Documents/Kuliah/Semester 6/Speech Processing/Projek_FInal_Speaker_Identification/data/50_speakers_audio_data/Speaker_0003/Speaker_0003_00049.wav,Speaker_0003,Speaker_0003_00049.wav,60.032
/Users/gertrudisrms/Documents/Kuliah/Semester 6/Speech Processing/Projek_FInal_Speaker_Identification/data/50_speakers_audio_data/Speaker_0003/Speaker_0003_00075.wav,Speaker_0003,Speaker_0003_00075.wav,59.904
/Users/gertrudisrms/Documents/Kuliah/Semester 6/Speech Processing/Projek_FInal_Speaker_Identification/data/50_speakers_audio_data/Speaker_0003/Speaker_0003_00061.wav,Speaker_0003,Speaker_0003_00061.wav,60.032
/Users/gertrudisrms/Documents/Kuliah/Semester 6/Speech Processing/Projek_FInal_Speaker_Identification/data/50_speakers_audio_data/Speaker_0003/Speaker_0003_00060.wav,Speaker_0003,Speaker_0003_00060.wav,60.032
/Users/gertrudisrms/Documents/Kuliah/Semester 6/Speech Processing/Projek_FInal_Speaker_Identification/data/50_speakers_audio_data/Speaker_0003/Speaker_0003_00074.wav,Speaker_0003,Speaker_0003_00074.wav,60.032
/Users/gertrudisrms/Documents/Kuliah/Semester 6/Speech Processing/Projek_FInal_Speaker_Identification/data/50_speakers_audio_data/Speaker_0003/Speaker_0003_00048.wav,Speaker_0003,Speaker_0003_00048.wav,60.032
/Users/gertrudisrms/Documents/Kuliah/Semester 6/Speech Processing/Projek_FInal_Speaker_Identification/data/50_speakers_audio_data/Speaker_0003/Speaker_0003_00062.wav,Speaker_0003,Speaker_0003_00062.wav,60.032
/Users/gertrudisrms/Documents/Kuliah/Semester 6/Speech Processing/Projek_FInal_Speaker_Identification/data/50_speakers_audio_data/Speaker_0003/Speaker_0003_00076.wav,Speaker_0003,Speaker_0003_00076.wav,60.032
/Users/gertrudisrms/Documents/Kuliah/Semester 6/Speech Processing/Projek_FInal_Speaker_Identification/data/50_speakers_audio_data/Speaker_0003/Speaker_0003_00077.wav,Speaker_0003,Speaker_0003_00077.wav,60.032
/Users/gertrudisrms/Documents/Kuliah/Semester 6/Speech Processing/Projek_FInal_Speaker_Identification/data/50_speakers_audio_data/Speaker_0003/Speaker_0003_00063.wav,Speaker_0003,Speaker_0003_00063.wav,59.904
/Users/gertrudisrms/Documents/Kuliah/Semester 6/Speech Processing/Projek_FInal_Speaker_Identification/data/50_speakers_audio_data/Speaker_0003/Speaker_0003_00046.wav,Speaker_0003,Speaker_0003_00046.wav,60.032
/Users/gertrudisrms/Documents/Kuliah/Semester 6/Speech Processing/Projek_FInal_Speaker_Identification/data/50_speakers_audio_data/Speaker_0003/Speaker_0003_00052.wav,Speaker_0003,Speaker_0003_00052.wav,60.032
/Users/gertrudisrms/Documents/Kuliah/Semester 6/Speech Processing/Projek_FInal_Speaker_Identification/data/50_speakers_audio_data/Speaker_0003/Speaker_0003_00053.wav,Speaker_0003,Speaker_0003_00053.wav,60.032
/Users/gertrudisrms/Documents/Kuliah/Semester 6/Speech Processing/Projek_FInal_Speaker_Identification/data/50_speakers_audio_data/Speaker_0003/Speaker_0003_00047.wav,Speaker_0003,Speaker_0003_00047.wav,59.904
/Users/gertrudisrms/Documents/Kuliah/Semester 6/Speech Processing/Projek_FInal_Speaker_Identification/data/50_speakers_audio_data/Speaker_0003/Speaker_0003_00084.wav,Speaker_0003,Speaker_0003_00084.wav,1.1218125
/Users/gertrudisrms/Documents/Kuliah/Semester 6/Speech Processing/Projek_FInal_Speaker_Identification/data/50_speakers_audio_data/Speaker_0003/Speaker_0003_00051.wav,Speaker_0003,Speaker_0003_00051.wav,59.904
/Users/gertrudisrms/Documents/Kuliah/Semester 6/Speech Processing/Projek_FInal_Speaker_Identification/data/50_speakers_audio_data/Speaker_0003/Speaker_0003_00045.wav,Speaker_0003,Speaker_0003_00045.wav,60.032
/Users/gertrudisrms/Documents/Kuliah/Semester 6/Speech Processing/Projek_FInal_Speaker_Identification/data/50_speakers_audio_data/Speaker_0003/Speaker_0003_00079.wav,Speaker_0003,Speaker_0003_00079.wav,59.904
/Users/gertrudisrms/Documents/Kuliah/Semester 6/Speech Processing/Projek_FInal_Speaker_Identification/data/50_speakers_audio_data/Speaker_0003/Speaker_0003_00078.wav,Speaker_0003,Speaker_0003_00078.wav,60.032
/Users/gertrudisrms/Documents/Kuliah/Semester 6/Speech Processing/Projek_FInal_Speaker_Identification/data/50_speakers_audio_data/Speaker_0003/Speaker_0003_00044.wav,Speaker_0003,Speaker_0003_00044.wav,60.032
/Users/gertrudisrms/Documents/Kuliah/Semester 6/Speech Processing/Projek_FInal_Speaker_Identification/data/50_speakers_audio_data/Speaker_0003/Speaker_0003_00050.wav,Speaker_0003,Speaker_0003_00050.wav,60.032
/Users/gertrudisrms/Documents/Kuliah/Semester 6/Speech Processing/Projek_FInal_Speaker_Identification/data/50_speakers_audio_data/Speaker_0003/Speaker_0003_00083.wav,Speaker_0003,Speaker_0003_00083.wav,59.904
/Users/gertrudisrms/Documents/Kuliah/Semester 6/Speech Processing/Projek_FInal_Speaker_Identification/data/50_speakers_audio_data/Speaker_0003/Speaker_0003_00068.wav,Speaker_0003,Speaker_0003_00068.wav,60.032
/Users/gertrudisrms/Documents/Kuliah/Semester 6/Speech Processing/Projek_FInal_Speaker_Identification/data/50_speakers_audio_data/Speaker_0003/Speaker_0003_00054.wav,Speaker_0003,Speaker_0003_00054.wav,60.032
/Users/gertrudisrms/Documents/Kuliah/Semester 6/Speech Processing/Projek_FInal_Speaker_Identification/data/50_speakers_audio_data/Speaker_0003/Speaker_0003_00040.wav,Speaker_0003,Speaker_0003_00040.wav,60.032
/Users/gertrudisrms/Documents/Kuliah/Semester 6/Speech Processing/Projek_FInal_Speaker_Identification/data/50_speakers_audio_data/Speaker_0003/Speaker_0003_00041.wav,Speaker_0003,Speaker_0003_00041.wav,60.032
/Users/gertrudisrms/Documents/Kuliah/Semester 6/Speech Processing/Projek_FInal_Speaker_Identification/data/50_speakers_audio_data/Speaker_0003/Speaker_0003_00055.wav,Speaker_0003,Speaker_0003_00055.wav,59.904
/Users/gertrudisrms/Documents/Kuliah/Semester 6/Speech Processing/Projek_FInal_Speaker_Identification/data/50_speakers_audio_data/Speaker_0003/Speaker_0003_00069.wav,Speaker_0003,Speaker_0003_00069.wav,60.032
/Users/gertrudisrms/Documents/Kuliah/Semester 6/Speech Processing/Projek_FInal_Speaker_Identification/data/50_speakers_audio_data/Speaker_0003/Speaker_0003_00082.wav,Speaker_0003,Speaker_0003_00082.wav,60.032
/Users/gertrudisrms/Documents/Kuliah/Semester 6/Speech Processing/Projek_FInal_Speaker_Identification/data/50_speakers_audio_data/Speaker_0003/Speaker_0003_00080.wav,Speaker_0003,Speaker_0003_00080.wav,60.032
/Users/gertrudisrms/Documents/Kuliah/Semester 6/Speech Processing/Projek_FInal_Speaker_Identification/data/50_speakers_audio_data/Speaker_0003/Speaker_0003_00043.wav,Speaker_0003,Speaker_0003_00043.wav,59.904
/Users/gertrudisrms/Documents/Kuliah/Semester 6/Speech Processing/Projek_FInal_Speaker_Identification/data/50_speakers_audio_data/Speaker_0003/Speaker_0003_00057.wav,Speaker_0003,Speaker_0003_00057.wav,60.032
/Users/gertrudisrms/Documents/Kuliah/Semester 6/Speech Processing/Projek_FInal_Speaker_Identification/data/50_speakers_audio_data/Speaker_0003/Speaker_0003_00056.wav,Speaker_0003,Speaker_0003_00056.wav,60.032
/Users/gertrudisrms/Documents/Kuliah/Semester 6/Speech Processing/Projek_FInal_Speaker_Identification/data/50_speakers_audio_data/Speaker_0003/Speaker_0003_00042.wav,Speaker_0003,Speaker_0003_00042.wav,60.032
/Users/gertrudisrms/Documents/Kuliah/Semester 6/Speech Processing/Projek_FInal_Speaker_Identification/data/50_speakers_audio_data/Speaker_0003/Speaker_0003_00081.wav,Speaker_0003,Speaker_0003_00081.wav,60.032
/Users/gertrudisrms/Documents/Kuliah/Semester 6/Speech Processing/Projek_FInal_Speaker_Identification/data/50_speakers_audio_data/Speaker_0003/Speaker_0003_00025.wav,Speaker_0003,Speaker_0003_00025.wav,60.032
/Users/gertrudisrms/Documents/Kuliah/Semester 6/Speech Processing/Projek_FInal_Speaker_Identification/data/50_speakers_audio_data/Speaker_0003/Speaker_0003_00031.wav,Speaker_0003,Speaker_0003_00031.wav,59.904
/Users/gertrudisrms/Documents/Kuliah/Semester 6/Speech Processing/Projek_FInal_Speaker_Identification/data/50_speakers_audio_data/Speaker_0003/Speaker_0003_00019.wav,Speaker_0003,Speaker_0003_00019.wav,59.904
/Users/gertrudisrms/Documents/Kuliah/Semester 6/Speech Processing/Projek_FInal_Speaker_Identification/data/50_speakers_audio_data/Speaker_0003/Speaker_0003_00018.wav,Speaker_0003,Speaker_0003_00018.wav,60.032
/Users/gertrudisrms/Documents/Kuliah/Semester 6/Speech Processing/Projek_FInal_Speaker_Identification/data/50_speakers_audio_data/Speaker_0003/Speaker_0003_00030.wav,Speaker_0003,Speaker_0003_00030.wav,60.032
/Users/gertrudisrms/Documents/Kuliah/Semester 6/Speech Processing/Projek_FInal_Speaker_Identification/data/50_speakers_audio_data/Speaker_0003/Speaker_0003_00024.wav,Speaker_0003,Speaker_0003_00024.wav,60.032
/Users/gertrudisrms/Documents/Kuliah/Semester 6/Speech Processing/Projek_FInal_Speaker_Identification/data/50_speakers_audio_data/Speaker_0003/Speaker_0003_00032.wav,Speaker_0003,Speaker_0003_00032.wav,60.032
/Users/gertrudisrms/Documents/Kuliah/Semester 6/Speech Processing/Projek_FInal_Speaker_Identification/data/50_speakers_audio_data/Speaker_0003/Speaker_0003_00026.wav,Speaker_0003,Speaker_0003_00026.wav,60.032
/Users/gertrudisrms/Documents/Kuliah/Semester 6/Speech Processing/Projek_FInal_Speaker_Identification/data/50_speakers_audio_data/Speaker_0003/Speaker_0003_00027.wav,Speaker_0003,Speaker_0003_00027.wav,59.904
/Users/gertrudisrms/Documents/Kuliah/Semester 6/Speech Processing/Projek_FInal_Speaker_Identification/data/50_speakers_audio_data/Speaker_0003/Speaker_0003_00033.wav,Speaker_0003,Speaker_0003_00033.wav,60.032
/Users/gertrudisrms/Documents/Kuliah/Semester 6/Speech Processing/Projek_FInal_Speaker_Identification/data/50_speakers_audio_data/Speaker_0003/Speaker_0003_00037.wav,Speaker_0003,Speaker_0003_00037.wav,60.032
/Users/gertrudisrms/Documents/Kuliah/Semester 6/Speech Processing/Projek_FInal_Speaker_Identification/data/50_speakers_audio_data/Speaker_0003/Speaker_0003_00023.wav,Speaker_0003,Speaker_0003_00023.wav,59.904
/Users/gertrudisrms/Documents/Kuliah/Semester 6/Speech Processing/Projek_FInal_Speaker_Identification/data/50_speakers_audio_data/Speaker_0003/Speaker_0003_00022.wav,Speaker_0003,Speaker_0003_00022.wav,60.032
/Users/gertrudisrms/Documents/Kuliah/Semester 6/Speech Processing/Projek_FInal_Speaker_Identification/data/50_speakers_audio_data/Speaker_0003/Speaker_0003_00036.wav,Speaker_0003,Speaker_0003_00036.wav,60.032
/Users/gertrudisrms/Documents/Kuliah/Semester 6/Speech Processing/Projek_FInal_Speaker_Identification/data/50_speakers_audio_data/Speaker_0003/Speaker_0003_00008.wav,Speaker_0003,Speaker_0003_00008.wav,60.032
/Users/gertrudisrms/Documents/Kuliah/Semester 6/Speech Processing/Projek_FInal_Speaker_Identification/data/50_speakers_audio_data/Speaker_0003/Speaker_0003_00020.wav,Speaker_0003,Speaker_0003_00020.wav,60.032
/Users/gertrudisrms/Documents/Kuliah/Semester 6/Speech Processing/Projek_FInal_Speaker_Identification/data/50_speakers_audio_data/Speaker_0003/Speaker_0003_00034.wav,Speaker_0003,Speaker_0003_00034.wav,60.032
/Users/gertrudisrms/Documents/Kuliah/Semester 6/Speech Processing/Projek_FInal_Speaker_Identification/data/50_speakers_audio_data/Speaker_0003/Speaker_0003_00035.wav,Speaker_0003,Speaker_0003_00035.wav,59.904
/Users/gertrudisrms/Documents/Kuliah/Semester 6/Speech Processing/Projek_FInal_Speaker_Identification/data/50_speakers_audio_data/Speaker_0003/Speaker_0003_00021.wav,Speaker_0003,Speaker_0003_00021.wav,60.032
/Users/gertrudisrms/Documents/Kuliah/Semester 6/Speech Processing/Projek_FInal_Speaker_Identification/data/50_speakers_audio_data/Speaker_0003/Speaker_0003_00009.wav,Speaker_0003,Speaker_0003_00009.wav,60.032
/Users/gertrudisrms/Documents/Kuliah/Semester 6/Speech Processing/Projek_FInal_Speaker_Identification/data/50_speakers_audio_data/Speaker_0021/Speaker_0021_00019.wav,Speaker_0021,Speaker_0021_00019.wav,59.9793125
/Users/gertrudisrms/Documents/Kuliah/Semester 6/Speech Processing/Projek_FInal_Speaker_Identification/data/50_speakers_audio_data/Speaker_0021/Speaker_0021_00031.wav,Speaker_0021,Speaker_0021_00031.wav,59.9793125
/Users/gertrudisrms/Documents/Kuliah/Semester 6/Speech Processing/Projek_FInal_Speaker_Identification/data/50_speakers_audio_data/Speaker_0021/Speaker_0021_00025.wav,Speaker_0021,Speaker_0021_00025.wav,59.9793125
/Users/gertrudisrms/Documents/Kuliah/Semester 6/Speech Processing/Projek_FInal_Speaker_Identification/data/50_speakers_audio_data/Speaker_0021/Speaker_0021_00024.wav,Speaker_0021,Speaker_0021_00024.wav,59.9793125
/Users/gertrudisrms/Documents/Kuliah/Semester 6/Speech Processing/Projek_FInal_Speaker_Identification/data/50_speakers_audio_data/Speaker_0021/Speaker_0021_00030.wav,Speaker_0021,Speaker_0021_00030.wav,59.9793125
/Users/gertrudisrms/Documents/Kuliah/Semester 6/Speech Processing/Projek_FInal_Speaker_Identification/data/50_speakers_audio_data/Speaker_0021/Speaker_0021_00018.wav,Speaker_0021,Speaker_0021_00018.wav,59.9793125
/Users/gertrudisrms/Documents/Kuliah/Semester 6/Speech Processing/Projek_FInal_Speaker_Identification/data/50_speakers_audio_data/Speaker_0021/Speaker_0021_00026.wav,Speaker_0021,Speaker_0021_00026.wav,59.9793125
/Users/gertrudisrms/Documents/Kuliah/Semester 6/Speech Processing/Projek_FInal_Speaker_Identification/data/50_speakers_audio_data/Speaker_0021/Speaker_0021_00032.wav,Speaker_0021,Speaker_0021_00032.wav,59.9793125
/Users/gertrudisrms/Documents/Kuliah/Semester 6/Speech Processing/Projek_FInal_Speaker_Identification/data/50_speakers_audio_data/Speaker_0021/Speaker_0021_00033.wav,Speaker_0021,Speaker_0021_00033.wav,59.9793125
/Users/gertrudisrms/Documents/Kuliah/Semester 6/Speech Processing/Projek_FInal_Speaker_Identification/data/50_speakers_audio_data/Speaker_0021/Speaker_0021_00027.wav,Speaker_0021,Speaker_0021_00027.wav,59.9793125
/Users/gertrudisrms/Documents/Kuliah/Semester 6/Speech Processing/Projek_FInal_Speaker_Identification/data/50_speakers_audio_data/Speaker_0021/Speaker_0021_00023.wav,Speaker_0021,Speaker_0021_00023.wav,59.9531875
/Users/gertrudisrms/Documents/Kuliah/Semester 6/Speech Processing/Projek_FInal_Speaker_Identification/data/50_speakers_audio_data/Speaker_0021/Speaker_0021_00037.wav,Speaker_0021,Speaker_0021_00037.wav,59.9793125
/Users/gertrudisrms/Documents/Kuliah/Semester 6/Speech Processing/Projek_FInal_Speaker_Identification/data/50_speakers_audio_data/Speaker_0021/Speaker_0021_00036.wav,Speaker_0021,Speaker_0021_00036.wav,59.9531875
/Users/gertrudisrms/Documents/Kuliah/Semester 6/Speech Processing/Projek_FInal_Speaker_Identification/data/50_speakers_audio_data/Speaker_0021/Speaker_0021_00022.wav,Speaker_0021,Speaker_0021_00022.wav,59.9793125
/Users/gertrudisrms/Documents/Kuliah/Semester 6/Speech Processing/Projek_FInal_Speaker_Identification/data/50_speakers_audio_data/Speaker_0021/Speaker_0021_00034.wav,Speaker_0021,Speaker_0021_00034.wav,59.9793125
/Users/gertrudisrms/Documents/Kuliah/Semester 6/Speech Processing/Projek_FInal_Speaker_Identification/data/50_speakers_audio_data/Speaker_0021/Speaker_0021_00020.wav,Speaker_0021,Speaker_0021_00020.wav,59.9793125
/Users/gertrudisrms/Documents/Kuliah/Semester 6/Speech Processing/Projek_FInal_Speaker_Identification/data/50_speakers_audio_data/Speaker_0021/Speaker_0021_00008.wav,Speaker_0021,Speaker_0021_00008.wav,59.9793125
/Users/gertrudisrms/Documents/Kuliah/Semester 6/Speech Processing/Projek_FInal_Speaker_Identification/data/50_speakers_audio_data/Speaker_0021/Speaker_0021_00009.wav,Speaker_0021,Speaker_0021_00009.wav,59.9793125
/Users/gertrudisrms/Documents/Kuliah/Semester 6/Speech Processing/Projek_FInal_Speaker_Identification/data/50_speakers_audio_data/Speaker_0021/Speaker_0021_00021.wav,Speaker_0021,Speaker_0021_00021.wav,59.9793125
/Users/gertrudisrms/Documents/Kuliah/Semester 6/Speech Processing/Projek_FInal_Speaker_Identification/data/50_speakers_audio_data/Speaker_0021/Speaker_0021_00035.wav,Speaker_0021,Speaker_0021_00035.wav,59.9793125
/Users/gertrudisrms/Documents/Kuliah/Semester 6/Speech Processing/Projek_FInal_Speaker_Identification/data/50_speakers_audio_data/Speaker_0021/Speaker_0021_00052.wav,Speaker_0021,Speaker_0021_00052.wav,59.9531875
/Users/gertrudisrms/Documents/Kuliah/Semester 6/Speech Processing/Projek_FInal_Speaker_Identification/data/50_speakers_audio_data/Speaker_0021/Speaker_0021_00046.wav,Speaker_0021,Speaker_0021_00046.wav,59.9793125
/Users/gertrudisrms/Documents/Kuliah/Semester 6/Speech Processing/Projek_FInal_Speaker_Identification/data/50_speakers_audio_data/Speaker_0021/Speaker_0021_00047.wav,Speaker_0021,Speaker_0021_00047.wav,59.9793125
/Users/gertrudisrms/Documents/Kuliah/Semester 6/Speech Processing/Projek_FInal_Speaker_Identification/data/50_speakers_audio_data/Speaker_0021/Speaker_0021_00053.wav,Speaker_0021,Speaker_0021_00053.wav,59.9793125
/Users/gertrudisrms/Documents/Kuliah/Semester 6/Speech Processing/Projek_FInal_Speaker_Identification/data/50_speakers_audio_data/Speaker_0021/Speaker_0021_00045.wav,Speaker_0021,Speaker_0021_00045.wav,59.9793125
/Users/gertrudisrms/Documents/Kuliah/Semester 6/Speech Processing/Projek_FInal_Speaker_Identification/data/50_speakers_audio_data/Speaker_0021/Speaker_0021_00051.wav,Speaker_0021,Speaker_0021_00051.wav,59.9793125
/Users/gertrudisrms/Documents/Kuliah/Semester 6/Speech Processing/Projek_FInal_Speaker_Identification/data/50_speakers_audio_data/Speaker_0021/Speaker_0021_00050.wav,Speaker_0021,Speaker_0021_00050.wav,59.9793125
/Users/gertrudisrms/Documents/Kuliah/Semester 6/Speech Processing/Projek_FInal_Speaker_Identification/data/50_speakers_audio_data/Speaker_0021/Speaker_0021_00044.wav,Speaker_0021,Speaker_0021_00044.wav,59.9531875
/Users/gertrudisrms/Documents/Kuliah/Semester 6/Speech Processing/Projek_FInal_Speaker_Identification/data/50_speakers_audio_data/Speaker_0021/Speaker_0021_00040.wav,Speaker_0021,Speaker_0021_00040.wav,59.9793125
/Users/gertrudisrms/Documents/Kuliah/Semester 6/Speech Processing/Projek_FInal_Speaker_Identification/data/50_speakers_audio_data/Speaker_0021/Speaker_0021_00054.wav,Speaker_0021,Speaker_0021_00054.wav,59.9793125
/Users/gertrudisrms/Documents/Kuliah/Semester 6/Speech Processing/Projek_FInal_Speaker_Identification/data/50_speakers_audio_data/Speaker_0021/Speaker_0021_00055.wav,Speaker_0021,Speaker_0021_00055.wav,59.9793125
/Users/gertrudisrms/Documents/Kuliah/Semester 6/Speech Processing/Projek_FInal_Speaker_Identification/data/50_speakers_audio_data/Speaker_0021/Speaker_0021_00041.wav,Speaker_0021,Speaker_0021_00041.wav,59.9793125
/Users/gertrudisrms/Documents/Kuliah/Semester 6/Speech Processing/Projek_FInal_Speaker_Identification/data/50_speakers_audio_data/Speaker_0021/Speaker_0021_00057.wav,Speaker_0021,Speaker_0021_00057.wav,6.501625
/Users/gertrudisrms/Documents/Kuliah/Semester 6/Speech Processing/Projek_FInal_Speaker_Identification/data/50_speakers_audio_data/Speaker_0021/Speaker_0021_00043.wav,Speaker_0021,Speaker_0021_00043.wav,59.9793125
/Users/gertrudisrms/Documents/Kuliah/Semester 6/Speech Processing/Projek_FInal_Speaker_Identification/data/50_speakers_audio_data/Speaker_0021/Speaker_0021_00042.wav,Speaker_0021,Speaker_0021_00042.wav,59.9793125
/Users/gertrudisrms/Documents/Kuliah/Semester 6/Speech Processing/Projek_FInal_Speaker_Identification/data/50_speakers_audio_data/Speaker_0021/Speaker_0021_00056.wav,Speaker_0021,Speaker_0021_00056.wav,59.9793125
/Users/gertrudisrms/Documents/Kuliah/Semester 6/Speech Processing/Projek_FInal_Speaker_Identification/data/50_speakers_audio_data/Speaker_0021/Speaker_0021_00049.wav,Speaker_0021,Speaker_0021_00049.wav,59.9793125
/Users/gertrudisrms/Documents/Kuliah/Semester 6/Speech Processing/Projek_FInal_Speaker_Identification/data/50_speakers_audio_data/Speaker_0021/Speaker_0021_00048.wav,Speaker_0021,Speaker_0021_00048.wav,59.9793125
/Users/gertrudisrms/Documents/Kuliah/Semester 6/Speech Processing/Projek_FInal_Speaker_Identification/data/50_speakers_audio_data/Speaker_0021/Speaker_0021_00038.wav,Speaker_0021,Speaker_0021_00038.wav,59.9793125
/Users/gertrudisrms/Documents/Kuliah/Semester 6/Speech Processing/Projek_FInal_Speaker_Identification/data/50_speakers_audio_data/Speaker_0021/Speaker_0021_00010.wav,Speaker_0021,Speaker_0021_00010.wav,59.9793125
/Users/gertrudisrms/Documents/Kuliah/Semester 6/Speech Processing/Projek_FInal_Speaker_Identification/data/50_speakers_audio_data/Speaker_0021/Speaker_0021_00004.wav,Speaker_0021,Speaker_0021_00004.wav,59.9793125
/Users/gertrudisrms/Documents/Kuliah/Semester 6/Speech Processing/Projek_FInal_Speaker_Identification/data/50_speakers_audio_data/Speaker_0021/Speaker_0021_00005.wav,Speaker_0021,Speaker_0021_00005.wav,59.9793125
/Users/gertrudisrms/Documents/Kuliah/Semester 6/Speech Processing/Projek_FInal_Speaker_Identification/data/50_speakers_audio_data/Speaker_0021/Speaker_0021_00011.wav,Speaker_0021,Speaker_0021_00011.wav,59.9793125
/Users/gertrudisrms/Documents/Kuliah/Semester 6/Speech Processing/Projek_FInal_Speaker_Identification/data/50_speakers_audio_data/Speaker_0021/Speaker_0021_00039.wav,Speaker_0021,Speaker_0021_00039.wav,59.9793125
/Users/gertrudisrms/Documents/Kuliah/Semester 6/Speech Processing/Projek_FInal_Speaker_Identification/data/50_speakers_audio_data/Speaker_0021/Speaker_0021_00007.wav,Speaker_0021,Speaker_0021_00007.wav,59.9531875
/Users/gertrudisrms/Documents/Kuliah/Semester 6/Speech Processing/Projek_FInal_Speaker_Identification/data/50_speakers_audio_data/Speaker_0021/Speaker_0021_00013.wav,Speaker_0021,Speaker_0021_00013.wav,59.9793125
/Users/gertrudisrms/Documents/Kuliah/Semester 6/Speech Processing/Projek_FInal_Speaker_Identification/data/50_speakers_audio_data/Speaker_0021/Speaker_0021_00012.wav,Speaker_0021,Speaker_0021_00012.wav,59.9793125
/Users/gertrudisrms/Documents/Kuliah/Semester 6/Speech Processing/Projek_FInal_Speaker_Identification/data/50_speakers_audio_data/Speaker_0021/Speaker_0021_00006.wav,Speaker_0021,Speaker_0021_00006.wav,59.9793125
/Users/gertrudisrms/Documents/Kuliah/Semester 6/Speech Processing/Projek_FInal_Speaker_Identification/data/50_speakers_audio_data/Speaker_0021/Speaker_0021_00002.wav,Speaker_0021,Speaker_0021_00002.wav,59.9793125
/Users/gertrudisrms/Documents/Kuliah/Semester 6/Speech Processing/Projek_FInal_Speaker_Identification/data/50_speakers_audio_data/Speaker_0021/Speaker_0021_00016.wav,Speaker_0021,Speaker_0021_00016.wav,59.9793125
/Users/gertrudisrms/Documents/Kuliah/Semester 6/Speech Processing/Projek_FInal_Speaker_Identification/data/50_speakers_audio_data/Speaker_0021/Speaker_0021_00017.wav,Speaker_0021,Speaker_0021_00017.wav,59.9793125
/Users/gertrudisrms/Documents/Kuliah/Semester 6/Speech Processing/Projek_FInal_Speaker_Identification/data/50_speakers_audio_data/Speaker_0021/Speaker_0021_00003.wav,Speaker_0021,Speaker_0021_00003.wav,59.9793125
/Users/gertrudisrms/Documents/Kuliah/Semester 6/Speech Processing/Projek_FInal_Speaker_Identification/data/50_speakers_audio_data/Speaker_0021/Speaker_0021_00015.wav,Speaker_0021,Speaker_0021_00015.wav,59.9531875
/Users/gertrudisrms/Documents/Kuliah/Semester 6/Speech Processing/Projek_FInal_Speaker_Identification/data/50_speakers_audio_data/Speaker_0021/Speaker_0021_00001.wav,Speaker_0021,Speaker_0021_00001.wav,59.9793125
/Users/gertrudisrms/Documents/Kuliah/Semester 6/Speech Processing/Projek_FInal_Speaker_Identification/data/50_speakers_audio_data/Speaker_0021/Speaker_0021_00029.wav,Speaker_0021,Speaker_0021_00029.wav,59.9531875
/Users/gertrudisrms/Documents/Kuliah/Semester 6/Speech Processing/Projek_FInal_Speaker_Identification/data/50_speakers_audio_data/Speaker_0021/Speaker_0021_00028.wav,Speaker_0021,Speaker_0021_00028.wav,59.9793125
/Users/gertrudisrms/Documents/Kuliah/Semester 6/Speech Processing/Projek_FInal_Speaker_Identification/data/50_speakers_audio_data/Speaker_0021/Speaker_0021_00000.wav,Speaker_0021,Speaker_0021_00000.wav,59.9531875
/Users/gertrudisrms/Documents/Kuliah/Semester 6/Speech Processing/Projek_FInal_Speaker_Identification/data/50_speakers_audio_data/Speaker_0021/Speaker_0021_00014.wav,Speaker_0021,Speaker_0021_00014.wav,59.9793125
/Users/gertrudisrms/Documents/Kuliah/Semester 6/Speech Processing/Projek_FInal_Speaker_Identification/data/50_speakers_audio_data/Speaker_0019/Speaker_0019_00027.wav,Speaker_0019,Speaker_0019_00027.wav,59.9793125
/Users/gertrudisrms/Documents/Kuliah/Semester 6/Speech Processing/Projek_FInal_Speaker_Identification/data/50_speakers_audio_data/Speaker_0019/Speaker_0019_00032.wav,Speaker_0019,Speaker_0019_00032.wav,48.66325
/Users/gertrudisrms/Documents/Kuliah/Semester 6/Speech Processing/Projek_FInal_Speaker_Identification/data/50_speakers_audio_data/Speaker_0019/Speaker_0019_00026.wav,Speaker_0019,Speaker_0019_00026.wav,59.9793125
/Users/gertrudisrms/Documents/Kuliah/Semester 6/Speech Processing/Projek_FInal_Speaker_Identification/data/50_speakers_audio_data/Speaker_0019/Speaker_0019_00030.wav,Speaker_0019,Speaker_0019_00030.wav,59.9793125
/Users/gertrudisrms/Documents/Kuliah/Semester 6/Speech Processing/Projek_FInal_Speaker_Identification/data/50_speakers_audio_data/Speaker_0019/Speaker_0019_00024.wav,Speaker_0019,Speaker_0019_00024.wav,59.9793125
/Users/gertrudisrms/Documents/Kuliah/Semester 6/Speech Processing/Projek_FInal_Speaker_Identification/data/50_speakers_audio_data/Speaker_0019/Speaker_0019_00018.wav,Speaker_0019,Speaker_0019_00018.wav,59.9531875
/Users/gertrudisrms/Documents/Kuliah/Semester 6/Speech Processing/Projek_FInal_Speaker_Identification/data/50_speakers_audio_data/Speaker_0019/Speaker_0019_00019.wav,Speaker_0019,Speaker_0019_00019.wav,59.9793125
/Users/gertrudisrms/Documents/Kuliah/Semester 6/Speech Processing/Projek_FInal_Speaker_Identification/data/50_speakers_audio_data/Speaker_0019/Speaker_0019_00025.wav,Speaker_0019,Speaker_0019_00025.wav,59.9531875
/Users/gertrudisrms/Documents/Kuliah/Semester 6/Speech Processing/Projek_FInal_Speaker_Identification/data/50_speakers_audio_data/Speaker_0019/Speaker_0019_00031.wav,Speaker_0019,Speaker_0019_00031.wav,59.9793125
/Users/gertrudisrms/Documents/Kuliah/Semester 6/Speech Processing/Projek_FInal_Speaker_Identification/data/50_speakers_audio_data/Speaker_0019/Speaker_0019_00009.wav,Speaker_0019,Speaker_0019_00009.wav,59.9793125
/Users/gertrudisrms/Documents/Kuliah/Semester 6/Speech Processing/Projek_FInal_Speaker_Identification/data/50_speakers_audio_data/Speaker_0019/Speaker_0019_00021.wav,Speaker_0019,Speaker_0019_00021.wav,59.9793125
/Users/gertrudisrms/Documents/Kuliah/Semester 6/Speech Processing/Projek_FInal_Speaker_Identification/data/50_speakers_audio_data/Speaker_0019/Speaker_0019_00020.wav,Speaker_0019,Speaker_0019_00020.wav,59.9793125
/Users/gertrudisrms/Documents/Kuliah/Semester 6/Speech Processing/Projek_FInal_Speaker_Identification/data/50_speakers_audio_data/Speaker_0019/Speaker_0019_00008.wav,Speaker_0019,Speaker_0019_00008.wav,59.9793125
/Users/gertrudisrms/Documents/Kuliah/Semester 6/Speech Processing/Projek_FInal_Speaker_Identification/data/50_speakers_audio_data/Speaker_0019/Speaker_0019_00022.wav,Speaker_0019,Speaker_0019_00022.wav,59.9793125
/Users/gertrudisrms/Documents/Kuliah/Semester 6/Speech Processing/Projek_FInal_Speaker_Identification/data/50_speakers_audio_data/Speaker_0019/Speaker_0019_00023.wav,Speaker_0019,Speaker_0019_00023.wav,59.9793125
/Users/gertrudisrms/Documents/Kuliah/Semester 6/Speech Processing/Projek_FInal_Speaker_Identification/data/50_speakers_audio_data/Speaker_0019/Speaker_0019_00006.wav,Speaker_0019,Speaker_0019_00006.wav,59.9793125
/Users/gertrudisrms/Documents/Kuliah/Semester 6/Speech Processing/Projek_FInal_Speaker_Identification/data/50_speakers_audio_data/Speaker_0019/Speaker_0019_00012.wav,Speaker_0019,Speaker_0019_00012.wav,59.9793125
/Users/gertrudisrms/Documents/Kuliah/Semester 6/Speech Processing/Projek_FInal_Speaker_Identification/data/50_speakers_audio_data/Speaker_0019/Speaker_0019_00013.wav,Speaker_0019,Speaker_0019_00013.wav,59.9793125
/Users/gertrudisrms/Documents/Kuliah/Semester 6/Speech Processing/Projek_FInal_Speaker_Identification/data/50_speakers_audio_data/Speaker_0019/Speaker_0019_00007.wav,Speaker_0019,Speaker_0019_00007.wav,59.9531875
/Users/gertrudisrms/Documents/Kuliah/Semester 6/Speech Processing/Projek_FInal_Speaker_Identification/data/50_speakers_audio_data/Speaker_0019/Speaker_0019_00011.wav,Speaker_0019,Speaker_0019_00011.wav,59.9793125
/Users/gertrudisrms/Documents/Kuliah/Semester 6/Speech Processing/Projek_FInal_Speaker_Identification/data/50_speakers_audio_data/Speaker_0019/Speaker_0019_00005.wav,Speaker_0019,Speaker_0019_00005.wav,59.9793125
/Users/gertrudisrms/Documents/Kuliah/Semester 6/Speech Processing/Projek_FInal_Speaker_Identification/data/50_speakers_audio_data/Speaker_0019/Speaker_0019_00004.wav,Speaker_0019,Speaker_0019_00004.wav,59.9793125
/Users/gertrudisrms/Documents/Kuliah/Semester 6/Speech Processing/Projek_FInal_Speaker_Identification/data/50_speakers_audio_data/Speaker_0019/Speaker_0019_00010.wav,Speaker_0019,Speaker_0019_00010.wav,59.9793125
/Users/gertrudisrms/Documents/Kuliah/Semester 6/Speech Processing/Projek_FInal_Speaker_Identification/data/50_speakers_audio_data/Speaker_0019/Speaker_0019_00028.wav,Speaker_0019,Speaker_0019_00028.wav,59.9793125
/Users/gertrudisrms/Documents/Kuliah/Semester 6/Speech Processing/Projek_FInal_Speaker_Identification/data/50_speakers_audio_data/Speaker_0019/Speaker_0019_00014.wav,Speaker_0019,Speaker_0019_00014.wav,59.9793125
/Users/gertrudisrms/Documents/Kuliah/Semester 6/Speech Processing/Projek_FInal_Speaker_Identification/data/50_speakers_audio_data/Speaker_0019/Speaker_0019_00000.wav,Speaker_0019,Speaker_0019_00000.wav,59.9531875
/Users/gertrudisrms/Documents/Kuliah/Semester 6/Speech Processing/Projek_FInal_Speaker_Identification/data/50_speakers_audio_data/Speaker_0019/Speaker_0019_00001.wav,Speaker_0019,Speaker_0019_00001.wav,59.9793125
/Users/gertrudisrms/Documents/Kuliah/Semester 6/Speech Processing/Projek_FInal_Speaker_Identification/data/50_speakers_audio_data/Speaker_0019/Speaker_0019_00015.wav,Speaker_0019,Speaker_0019_00015.wav,59.9531875
/Users/gertrudisrms/Documents/Kuliah/Semester 6/Speech Processing/Projek_FInal_Speaker_Identification/data/50_speakers_audio_data/Speaker_0019/Speaker_0019_00029.wav,Speaker_0019,Speaker_0019_00029.wav,59.9793125
/Users/gertrudisrms/Documents/Kuliah/Semester 6/Speech Processing/Projek_FInal_Speaker_Identification/data/50_speakers_audio_data/Speaker_0019/Speaker_0019_00003.wav,Speaker_0019,Speaker_0019_00003.wav,59.9793125
/Users/gertrudisrms/Documents/Kuliah/Semester 6/Speech Processing/Projek_FInal_Speaker_Identification/data/50_speakers_audio_data/Speaker_0019/Speaker_0019_00017.wav,Speaker_0019,Speaker_0019_00017.wav,59.9793125
/Users/gertrudisrms/Documents/Kuliah/Semester 6/Speech Processing/Projek_FInal_Speaker_Identification/data/50_speakers_audio_data/Speaker_0019/Speaker_0019_00016.wav,Speaker_0019,Speaker_0019_00016.wav,59.9793125
/Users/gertrudisrms/Documents/Kuliah/Semester 6/Speech Processing/Projek_FInal_Speaker_Identification/data/50_speakers_audio_data/Speaker_0019/Speaker_0019_00002.wav,Speaker_0019,Speaker_0019_00002.wav,59.9793125
/Users/gertrudisrms/Documents/Kuliah/Semester 6/Speech Processing/Projek_FInal_Speaker_Identification/data/50_speakers_audio_data/Speaker_0010/Speaker_0010_00048.wav,Speaker_0010,Speaker_0010_00048.wav,59.9793125
/Users/gertrudisrms/Documents/Kuliah/Semester 6/Speech Processing/Projek_FInal_Speaker_Identification/data/50_speakers_audio_data/Speaker_0010/Speaker_0010_00049.wav,Speaker_0010,Speaker_0010_00049.wav,59.9793125
/Users/gertrudisrms/Documents/Kuliah/Semester 6/Speech Processing/Projek_FInal_Speaker_Identification/data/50_speakers_audio_data/Speaker_0010/Speaker_0010_00017.wav,Speaker_0010,Speaker_0010_00017.wav,59.9793125
/Users/gertrudisrms/Documents/Kuliah/Semester 6/Speech Processing/Projek_FInal_Speaker_Identification/data/50_speakers_audio_data/Speaker_0010/Speaker_0010_00003.wav,Speaker_0010,Speaker_0010_00003.wav,59.9793125
/Users/gertrudisrms/Documents/Kuliah/Semester 6/Speech Processing/Projek_FInal_Speaker_Identification/data/50_speakers_audio_data/Speaker_0010/Speaker_0010_00002.wav,Speaker_0010,Speaker_0010_00002.wav,59.9793125
/Users/gertrudisrms/Documents/Kuliah/Semester 6/Speech Processing/Projek_FInal_Speaker_Identification/data/50_speakers_audio_data/Speaker_0010/Speaker_0010_00016.wav,Speaker_0010,Speaker_0010_00016.wav,59.9793125
/Users/gertrudisrms/Documents/Kuliah/Semester 6/Speech Processing/Projek_FInal_Speaker_Identification/data/50_speakers_audio_data/Speaker_0010/Speaker_0010_00028.wav,Speaker_0010,Speaker_0010_00028.wav,59.9793125
/Users/gertrudisrms/Documents/Kuliah/Semester 6/Speech Processing/Projek_FInal_Speaker_Identification/data/50_speakers_audio_data/Speaker_0010/Speaker_0010_00000.wav,Speaker_0010,Speaker_0010_00000.wav,59.9531875
/Users/gertrudisrms/Documents/Kuliah/Semester 6/Speech Processing/Projek_FInal_Speaker_Identification/data/50_speakers_audio_data/Speaker_0010/Speaker_0010_00014.wav,Speaker_0010,Speaker_0010_00014.wav,59.9793125
/Users/gertrudisrms/Documents/Kuliah/Semester 6/Speech Processing/Projek_FInal_Speaker_Identification/data/50_speakers_audio_data/Speaker_0010/Speaker_0010_00015.wav,Speaker_0010,Speaker_0010_00015.wav,59.9531875
/Users/gertrudisrms/Documents/Kuliah/Semester 6/Speech Processing/Projek_FInal_Speaker_Identification/data/50_speakers_audio_data/Speaker_0010/Speaker_0010_00001.wav,Speaker_0010,Speaker_0010_00001.wav,59.9793125
/Users/gertrudisrms/Documents/Kuliah/Semester 6/Speech Processing/Projek_FInal_Speaker_Identification/data/50_speakers_audio_data/Speaker_0010/Speaker_0010_00029.wav,Speaker_0010,Speaker_0010_00029.wav,59.9793125
/Users/gertrudisrms/Documents/Kuliah/Semester 6/Speech Processing/Projek_FInal_Speaker_Identification/data/50_speakers_audio_data/Speaker_0010/Speaker_0010_00005.wav,Speaker_0010,Speaker_0010_00005.wav,59.9793125
/Users/gertrudisrms/Documents/Kuliah/Semester 6/Speech Processing/Projek_FInal_Speaker_Identification/data/50_speakers_audio_data/Speaker_0010/Speaker_0010_00011.wav,Speaker_0010,Speaker_0010_00011.wav,59.9793125
/Users/gertrudisrms/Documents/Kuliah/Semester 6/Speech Processing/Projek_FInal_Speaker_Identification/data/50_speakers_audio_data/Speaker_0010/Speaker_0010_00039.wav,Speaker_0010,Speaker_0010_00039.wav,59.9793125
/Users/gertrudisrms/Documents/Kuliah/Semester 6/Speech Processing/Projek_FInal_Speaker_Identification/data/50_speakers_audio_data/Speaker_0010/Speaker_0010_00038.wav,Speaker_0010,Speaker_0010_00038.wav,59.9793125
/Users/gertrudisrms/Documents/Kuliah/Semester 6/Speech Processing/Projek_FInal_Speaker_Identification/data/50_speakers_audio_data/Speaker_0010/Speaker_0010_00010.wav,Speaker_0010,Speaker_0010_00010.wav,59.9793125
/Users/gertrudisrms/Documents/Kuliah/Semester 6/Speech Processing/Projek_FInal_Speaker_Identification/data/50_speakers_audio_data/Speaker_0010/Speaker_0010_00004.wav,Speaker_0010,Speaker_0010_00004.wav,59.9793125
/Users/gertrudisrms/Documents/Kuliah/Semester 6/Speech Processing/Projek_FInal_Speaker_Identification/data/50_speakers_audio_data/Speaker_0010/Speaker_0010_00012.wav,Speaker_0010,Speaker_0010_00012.wav,59.9793125
/Users/gertrudisrms/Documents/Kuliah/Semester 6/Speech Processing/Projek_FInal_Speaker_Identification/data/50_speakers_audio_data/Speaker_0010/Speaker_0010_00006.wav,Speaker_0010,Speaker_0010_00006.wav,59.9793125
/Users/gertrudisrms/Documents/Kuliah/Semester 6/Speech Processing/Projek_FInal_Speaker_Identification/data/50_speakers_audio_data/Speaker_0010/Speaker_0010_00007.wav,Speaker_0010,Speaker_0010_00007.wav,59.9531875
/Users/gertrudisrms/Documents/Kuliah/Semester 6/Speech Processing/Projek_FInal_Speaker_Identification/data/50_speakers_audio_data/Speaker_0010/Speaker_0010_00013.wav,Speaker_0010,Speaker_0010_00013.wav,59.9793125
/Users/gertrudisrms/Documents/Kuliah/Semester 6/Speech Processing/Projek_FInal_Speaker_Identification/data/50_speakers_audio_data/Speaker_0010/Speaker_0010_00036.wav,Speaker_0010,Speaker_0010_00036.wav,59.9793125
/Users/gertrudisrms/Documents/Kuliah/Semester 6/Speech Processing/Projek_FInal_Speaker_Identification/data/50_speakers_audio_data/Speaker_0010/Speaker_0010_00022.wav,Speaker_0010,Speaker_0010_00022.wav,59.9793125
/Users/gertrudisrms/Documents/Kuliah/Semester 6/Speech Processing/Projek_FInal_Speaker_Identification/data/50_speakers_audio_data/Speaker_0010/Speaker_0010_00023.wav,Speaker_0010,Speaker_0010_00023.wav,59.9531875
/Users/gertrudisrms/Documents/Kuliah/Semester 6/Speech Processing/Projek_FInal_Speaker_Identification/data/50_speakers_audio_data/Speaker_0010/Speaker_0010_00037.wav,Speaker_0010,Speaker_0010_00037.wav,59.9531875
/Users/gertrudisrms/Documents/Kuliah/Semester 6/Speech Processing/Projek_FInal_Speaker_Identification/data/50_speakers_audio_data/Speaker_0010/Speaker_0010_00009.wav,Speaker_0010,Speaker_0010_00009.wav,59.9793125
/Users/gertrudisrms/Documents/Kuliah/Semester 6/Speech Processing/Projek_FInal_Speaker_Identification/data/50_speakers_audio_data/Speaker_0010/Speaker_0010_00021.wav,Speaker_0010,Speaker_0010_00021.wav,59.9793125
/Users/gertrudisrms/Documents/Kuliah/Semester 6/Speech Processing/Projek_FInal_Speaker_Identification/data/50_speakers_audio_data/Speaker_0010/Speaker_0010_00035.wav,Speaker_0010,Speaker_0010_00035.wav,59.9793125
/Users/gertrudisrms/Documents/Kuliah/Semester 6/Speech Processing/Projek_FInal_Speaker_Identification/data/50_speakers_audio_data/Speaker_0010/Speaker_0010_00034.wav,Speaker_0010,Speaker_0010_00034.wav,59.9793125
/Users/gertrudisrms/Documents/Kuliah/Semester 6/Speech Processing/Projek_FInal_Speaker_Identification/data/50_speakers_audio_data/Speaker_0010/Speaker_0010_00020.wav,Speaker_0010,Speaker_0010_00020.wav,59.9793125
/Users/gertrudisrms/Documents/Kuliah/Semester 6/Speech Processing/Projek_FInal_Speaker_Identification/data/50_speakers_audio_data/Speaker_0010/Speaker_0010_00008.wav,Speaker_0010,Speaker_0010_00008.wav,59.9793125
/Users/gertrudisrms/Documents/Kuliah/Semester 6/Speech Processing/Projek_FInal_Speaker_Identification/data/50_speakers_audio_data/Speaker_0010/Speaker_0010_00024.wav,Speaker_0010,Speaker_0010_00024.wav,59.9793125
/Users/gertrudisrms/Documents/Kuliah/Semester 6/Speech Processing/Projek_FInal_Speaker_Identification/data/50_speakers_audio_data/Speaker_0010/Speaker_0010_00030.wav,Speaker_0010,Speaker_0010_00030.wav,59.9531875
/Users/gertrudisrms/Documents/Kuliah/Semester 6/Speech Processing/Projek_FInal_Speaker_Identification/data/50_speakers_audio_data/Speaker_0010/Speaker_0010_00018.wav,Speaker_0010,Speaker_0010_00018.wav,59.9793125
/Users/gertrudisrms/Documents/Kuliah/Semester 6/Speech Processing/Projek_FInal_Speaker_Identification/data/50_speakers_audio_data/Speaker_0010/Speaker_0010_00019.wav,Speaker_0010,Speaker_0010_00019.wav,59.9793125
/Users/gertrudisrms/Documents/Kuliah/Semester 6/Speech Processing/Projek_FInal_Speaker_Identification/data/50_speakers_audio_data/Speaker_0010/Speaker_0010_00031.wav,Speaker_0010,Speaker_0010_00031.wav,59.9793125
/Users/gertrudisrms/Documents/Kuliah/Semester 6/Speech Processing/Projek_FInal_Speaker_Identification/data/50_speakers_audio_data/Speaker_0010/Speaker_0010_00025.wav,Speaker_0010,Speaker_0010_00025.wav,59.9793125
/Users/gertrudisrms/Documents/Kuliah/Semester 6/Speech Processing/Projek_FInal_Speaker_Identification/data/50_speakers_audio_data/Speaker_0010/Speaker_0010_00033.wav,Speaker_0010,Speaker_0010_00033.wav,59.9793125
/Users/gertrudisrms/Documents/Kuliah/Semester 6/Speech Processing/Projek_FInal_Speaker_Identification/data/50_speakers_audio_data/Speaker_0010/Speaker_0010_00027.wav,Speaker_0010,Speaker_0010_00027.wav,59.9793125
/Users/gertrudisrms/Documents/Kuliah/Semester 6/Speech Processing/Projek_FInal_Speaker_Identification/data/50_speakers_audio_data/Speaker_0010/Speaker_0010_00026.wav,Speaker_0010,Speaker_0010_00026.wav,59.9793125
/Users/gertrudisrms/Documents/Kuliah/Semester 6/Speech Processing/Projek_FInal_Speaker_Identification/data/50_speakers_audio_data/Speaker_0010/Speaker_0010_00032.wav,Speaker_0010,Speaker_0010_00032.wav,59.9793125
/Users/gertrudisrms/Documents/Kuliah/Semester 6/Speech Processing/Projek_FInal_Speaker_Identification/data/50_speakers_audio_data/Speaker_0010/Speaker_0010_00041.wav,Speaker_0010,Speaker_0010_00041.wav,59.9793125
/Users/gertrudisrms/Documents/Kuliah/Semester 6/Speech Processing/Projek_FInal_Speaker_Identification/data/50_speakers_audio_data/Speaker_0010/Speaker_0010_00040.wav,Speaker_0010,Speaker_0010_00040.wav,59.9793125
/Users/gertrudisrms/Documents/Kuliah/Semester 6/Speech Processing/Projek_FInal_Speaker_Identification/data/50_speakers_audio_data/Speaker_0010/Speaker_0010_00042.wav,Speaker_0010,Speaker_0010_00042.wav,59.9793125
/Users/gertrudisrms/Documents/Kuliah/Semester 6/Speech Processing/Projek_FInal_Speaker_Identification/data/50_speakers_audio_data/Speaker_0010/Speaker_0010_00043.wav,Speaker_0010,Speaker_0010_00043.wav,59.9793125
/Users/gertrudisrms/Documents/Kuliah/Semester 6/Speech Processing/Projek_FInal_Speaker_Identification/data/50_speakers_audio_data/Speaker_0010/Speaker_0010_00047.wav,Speaker_0010,Speaker_0010_00047.wav,59.9793125
/Users/gertrudisrms/Documents/Kuliah/Semester 6/Speech Processing/Projek_FInal_Speaker_Identification/data/50_speakers_audio_data/Speaker_0010/Speaker_0010_00053.wav,Speaker_0010,Speaker_0010_00053.wav,9.1586875
/Users/gertrudisrms/Documents/Kuliah/Semester 6/Speech Processing/Projek_FInal_Speaker_Identification/data/50_speakers_audio_data/Speaker_0010/Speaker_0010_00052.wav,Speaker_0010,Speaker_0010_00052.wav,59.9793125
/Users/gertrudisrms/Documents/Kuliah/Semester 6/Speech Processing/Projek_FInal_Speaker_Identification/data/50_speakers_audio_data/Speaker_0010/Speaker_0010_00046.wav,Speaker_0010,Speaker_0010_00046.wav,59.9793125
/Users/gertrudisrms/Documents/Kuliah/Semester 6/Speech Processing/Projek_FInal_Speaker_Identification/data/50_speakers_audio_data/Speaker_0010/Speaker_0010_00050.wav,Speaker_0010,Speaker_0010_00050.wav,59.9793125
/Users/gertrudisrms/Documents/Kuliah/Semester 6/Speech Processing/Projek_FInal_Speaker_Identification/data/50_speakers_audio_data/Speaker_0010/Speaker_0010_00044.wav,Speaker_0010,Speaker_0010_00044.wav,59.9793125
/Users/gertrudisrms/Documents/Kuliah/Semester 6/Speech Processing/Projek_FInal_Speaker_Identification/data/50_speakers_audio_data/Speaker_0010/Speaker_0010_00045.wav,Speaker_0010,Speaker_0010_00045.wav,59.9531875
/Users/gertrudisrms/Documents/Kuliah/Semester 6/Speech Processing/Projek_FInal_Speaker_Identification/data/50_speakers_audio_data/Speaker_0010/Speaker_0010_00051.wav,Speaker_0010,Speaker_0010_00051.wav,59.9793125
/Users/gertrudisrms/Documents/Kuliah/Semester 6/Speech Processing/Projek_FInal_Speaker_Identification/data/50_speakers_audio_data/Speaker_0017/Speaker_0017_00038.wav,Speaker_0017,Speaker_0017_00038.wav,59.9793125
/Users/gertrudisrms/Documents/Kuliah/Semester 6/Speech Processing/Projek_FInal_Speaker_Identification/data/50_speakers_audio_data/Speaker_0017/Speaker_0017_00010.wav,Speaker_0017,Speaker_0017_00010.wav,59.9793125
/Users/gertrudisrms/Documents/Kuliah/Semester 6/Speech Processing/Projek_FInal_Speaker_Identification/data/50_speakers_audio_data/Speaker_0017/Speaker_0017_00004.wav,Speaker_0017,Speaker_0017_00004.wav,59.9793125
/Users/gertrudisrms/Documents/Kuliah/Semester 6/Speech Processing/Projek_FInal_Speaker_Identification/data/50_speakers_audio_data/Speaker_0017/Speaker_0017_00005.wav,Speaker_0017,Speaker_0017_00005.wav,59.9793125
/Users/gertrudisrms/Documents/Kuliah/Semester 6/Speech Processing/Projek_FInal_Speaker_Identification/data/50_speakers_audio_data/Speaker_0017/Speaker_0017_00011.wav,Speaker_0017,Speaker_0017_00011.wav,59.9793125
/Users/gertrudisrms/Documents/Kuliah/Semester 6/Speech Processing/Projek_FInal_Speaker_Identification/data/50_speakers_audio_data/Speaker_0017/Speaker_0017_00039.wav,Speaker_0017,Speaker_0017_00039.wav,59.9531875
/Users/gertrudisrms/Documents/Kuliah/Semester 6/Speech Processing/Projek_FInal_Speaker_Identification/data/50_speakers_audio_data/Speaker_0017/Speaker_0017_00007.wav,Speaker_0017,Speaker_0017_00007.wav,59.9531875
/Users/gertrudisrms/Documents/Kuliah/Semester 6/Speech Processing/Projek_FInal_Speaker_Identification/data/50_speakers_audio_data/Speaker_0017/Speaker_0017_00013.wav,Speaker_0017,Speaker_0017_00013.wav,59.9793125
/Users/gertrudisrms/Documents/Kuliah/Semester 6/Speech Processing/Projek_FInal_Speaker_Identification/data/50_speakers_audio_data/Speaker_0017/Speaker_0017_00012.wav,Speaker_0017,Speaker_0017_00012.wav,59.9793125
/Users/gertrudisrms/Documents/Kuliah/Semester 6/Speech Processing/Projek_FInal_Speaker_Identification/data/50_speakers_audio_data/Speaker_0017/Speaker_0017_00006.wav,Speaker_0017,Speaker_0017_00006.wav,59.9793125
/Users/gertrudisrms/Documents/Kuliah/Semester 6/Speech Processing/Projek_FInal_Speaker_Identification/data/50_speakers_audio_data/Speaker_0017/Speaker_0017_00002.wav,Speaker_0017,Speaker_0017_00002.wav,59.9793125
/Users/gertrudisrms/Documents/Kuliah/Semester 6/Speech Processing/Projek_FInal_Speaker_Identification/data/50_speakers_audio_data/Speaker_0017/Speaker_0017_00016.wav,Speaker_0017,Speaker_0017_00016.wav,59.9793125
/Users/gertrudisrms/Documents/Kuliah/Semester 6/Speech Processing/Projek_FInal_Speaker_Identification/data/50_speakers_audio_data/Speaker_0017/Speaker_0017_00017.wav,Speaker_0017,Speaker_0017_00017.wav,59.9793125
/Users/gertrudisrms/Documents/Kuliah/Semester 6/Speech Processing/Projek_FInal_Speaker_Identification/data/50_speakers_audio_data/Speaker_0017/Speaker_0017_00003.wav,Speaker_0017,Speaker_0017_00003.wav,59.9793125
/Users/gertrudisrms/Documents/Kuliah/Semester 6/Speech Processing/Projek_FInal_Speaker_Identification/data/50_speakers_audio_data/Speaker_0017/Speaker_0017_00015.wav,Speaker_0017,Speaker_0017_00015.wav,59.9531875
/Users/gertrudisrms/Documents/Kuliah/Semester 6/Speech Processing/Projek_FInal_Speaker_Identification/data/50_speakers_audio_data/Speaker_0017/Speaker_0017_00001.wav,Speaker_0017,Speaker_0017_00001.wav,59.9793125
/Users/gertrudisrms/Documents/Kuliah/Semester 6/Speech Processing/Projek_FInal_Speaker_Identification/data/50_speakers_audio_data/Speaker_0017/Speaker_0017_00029.wav,Speaker_0017,Speaker_0017_00029.wav,59.9793125
/Users/gertrudisrms/Documents/Kuliah/Semester 6/Speech Processing/Projek_FInal_Speaker_Identification/data/50_speakers_audio_data/Speaker_0017/Speaker_0017_00028.wav,Speaker_0017,Speaker_0017_00028.wav,59.9793125
/Users/gertrudisrms/Documents/Kuliah/Semester 6/Speech Processing/Projek_FInal_Speaker_Identification/data/50_speakers_audio_data/Speaker_0017/Speaker_0017_00000.wav,Speaker_0017,Speaker_0017_00000.wav,59.9531875
/Users/gertrudisrms/Documents/Kuliah/Semester 6/Speech Processing/Projek_FInal_Speaker_Identification/data/50_speakers_audio_data/Speaker_0017/Speaker_0017_00014.wav,Speaker_0017,Speaker_0017_00014.wav,59.9793125
/Users/gertrudisrms/Documents/Kuliah/Semester 6/Speech Processing/Projek_FInal_Speaker_Identification/data/50_speakers_audio_data/Speaker_0017/Speaker_0017_00040.wav,Speaker_0017,Speaker_0017_00040.wav,59.9793125
/Users/gertrudisrms/Documents/Kuliah/Semester 6/Speech Processing/Projek_FInal_Speaker_Identification/data/50_speakers_audio_data/Speaker_0017/Speaker_0017_00041.wav,Speaker_0017,Speaker_0017_00041.wav,59.9793125
/Users/gertrudisrms/Documents/Kuliah/Semester 6/Speech Processing/Projek_FInal_Speaker_Identification/data/50_speakers_audio_data/Speaker_0017/Speaker_0017_00043.wav,Speaker_0017,Speaker_0017_00043.wav,47.38325
/Users/gertrudisrms/Documents/Kuliah/Semester 6/Speech Processing/Projek_FInal_Speaker_Identification/data/50_speakers_audio_data/Speaker_0017/Speaker_0017_00042.wav,Speaker_0017,Speaker_0017_00042.wav,59.9793125
/Users/gertrudisrms/Documents/Kuliah/Semester 6/Speech Processing/Projek_FInal_Speaker_Identification/data/50_speakers_audio_data/Speaker_0017/Speaker_0017_00019.wav,Speaker_0017,Speaker_0017_00019.wav,59.9793125
/Users/gertrudisrms/Documents/Kuliah/Semester 6/Speech Processing/Projek_FInal_Speaker_Identification/data/50_speakers_audio_data/Speaker_0017/Speaker_0017_00031.wav,Speaker_0017,Speaker_0017_00031.wav,59.9531875
/Users/gertrudisrms/Documents/Kuliah/Semester 6/Speech Processing/Projek_FInal_Speaker_Identification/data/50_speakers_audio_data/Speaker_0017/Speaker_0017_00025.wav,Speaker_0017,Speaker_0017_00025.wav,59.9793125
/Users/gertrudisrms/Documents/Kuliah/Semester 6/Speech Processing/Projek_FInal_Speaker_Identification/data/50_speakers_audio_data/Speaker_0017/Speaker_0017_00024.wav,Speaker_0017,Speaker_0017_00024.wav,59.9793125
/Users/gertrudisrms/Documents/Kuliah/Semester 6/Speech Processing/Projek_FInal_Speaker_Identification/data/50_speakers_audio_data/Speaker_0017/Speaker_0017_00030.wav,Speaker_0017,Speaker_0017_00030.wav,59.9793125
/Users/gertrudisrms/Documents/Kuliah/Semester 6/Speech Processing/Projek_FInal_Speaker_Identification/data/50_speakers_audio_data/Speaker_0017/Speaker_0017_00018.wav,Speaker_0017,Speaker_0017_00018.wav,59.9793125
/Users/gertrudisrms/Documents/Kuliah/Semester 6/Speech Processing/Projek_FInal_Speaker_Identification/data/50_speakers_audio_data/Speaker_0017/Speaker_0017_00026.wav,Speaker_0017,Speaker_0017_00026.wav,59.9793125
/Users/gertrudisrms/Documents/Kuliah/Semester 6/Speech Processing/Projek_FInal_Speaker_Identification/data/50_speakers_audio_data/Speaker_0017/Speaker_0017_00032.wav,Speaker_0017,Speaker_0017_00032.wav,59.9793125
/Users/gertrudisrms/Documents/Kuliah/Semester 6/Speech Processing/Projek_FInal_Speaker_Identification/data/50_speakers_audio_data/Speaker_0017/Speaker_0017_00033.wav,Speaker_0017,Speaker_0017_00033.wav,59.9793125
/Users/gertrudisrms/Documents/Kuliah/Semester 6/Speech Processing/Projek_FInal_Speaker_Identification/data/50_speakers_audio_data/Speaker_0017/Speaker_0017_00027.wav,Speaker_0017,Speaker_0017_00027.wav,59.9793125
/Users/gertrudisrms/Documents/Kuliah/Semester 6/Speech Processing/Projek_FInal_Speaker_Identification/data/50_speakers_audio_data/Speaker_0017/Speaker_0017_00023.wav,Speaker_0017,Speaker_0017_00023.wav,59.9531875
/Users/gertrudisrms/Documents/Kuliah/Semester 6/Speech Processing/Projek_FInal_Speaker_Identification/data/50_speakers_audio_data/Speaker_0017/Speaker_0017_00037.wav,Speaker_0017,Speaker_0017_00037.wav,59.9793125
/Users/gertrudisrms/Documents/Kuliah/Semester 6/Speech Processing/Projek_FInal_Speaker_Identification/data/50_speakers_audio_data/Speaker_0017/Speaker_0017_00036.wav,Speaker_0017,Speaker_0017_00036.wav,59.9793125
/Users/gertrudisrms/Documents/Kuliah/Semester 6/Speech Processing/Projek_FInal_Speaker_Identification/data/50_speakers_audio_data/Speaker_0017/Speaker_0017_00022.wav,Speaker_0017,Speaker_0017_00022.wav,59.9793125
/Users/gertrudisrms/Documents/Kuliah/Semester 6/Speech Processing/Projek_FInal_Speaker_Identification/data/50_speakers_audio_data/Speaker_0017/Speaker_0017_00034.wav,Speaker_0017,Speaker_0017_00034.wav,59.9793125
/Users/gertrudisrms/Documents/Kuliah/Semester 6/Speech Processing/Projek_FInal_Speaker_Identification/data/50_speakers_audio_data/Speaker_0017/Speaker_0017_00020.wav,Speaker_0017,Speaker_0017_00020.wav,59.9793125
/Users/gertrudisrms/Documents/Kuliah/Semester 6/Speech Processing/Projek_FInal_Speaker_Identification/data/50_speakers_audio_data/Speaker_0017/Speaker_0017_00008.wav,Speaker_0017,Speaker_0017_00008.wav,59.9793125
/Users/gertrudisrms/Documents/Kuliah/Semester 6/Speech Processing/Projek_FInal_Speaker_Identification/data/50_speakers_audio_data/Speaker_0017/Speaker_0017_00009.wav,Speaker_0017,Speaker_0017_00009.wav,59.9793125
/Users/gertrudisrms/Documents/Kuliah/Semester 6/Speech Processing/Projek_FInal_Speaker_Identification/data/50_speakers_audio_data/Speaker_0017/Speaker_0017_00021.wav,Speaker_0017,Speaker_0017_00021.wav,59.9793125
/Users/gertrudisrms/Documents/Kuliah/Semester 6/Speech Processing/Projek_FInal_Speaker_Identification/data/50_speakers_audio_data/Speaker_0017/Speaker_0017_00035.wav,Speaker_0017,Speaker_0017_00035.wav,59.9793125
/Users/gertrudisrms/Documents/Kuliah/Semester 6/Speech Processing/Projek_FInal_Speaker_Identification/data/50_speakers_audio_data/Speaker_0016/Speaker_0016_00010.wav,Speaker_0016,Speaker_0016_00010.wav,59.9793125
/Users/gertrudisrms/Documents/Kuliah/Semester 6/Speech Processing/Projek_FInal_Speaker_Identification/data/50_speakers_audio_data/Speaker_0016/Speaker_0016_00004.wav,Speaker_0016,Speaker_0016_00004.wav,59.9793125
/Users/gertrudisrms/Documents/Kuliah/Semester 6/Speech Processing/Projek_FInal_Speaker_Identification/data/50_speakers_audio_data/Speaker_0016/Speaker_0016_00038.wav,Speaker_0016,Speaker_0016_00038.wav,59.9793125
/Users/gertrudisrms/Documents/Kuliah/Semester 6/Speech Processing/Projek_FInal_Speaker_Identification/data/50_speakers_audio_data/Speaker_0016/Speaker_0016_00039.wav,Speaker_0016,Speaker_0016_00039.wav,59.9531875
/Users/gertrudisrms/Documents/Kuliah/Semester 6/Speech Processing/Projek_FInal_Speaker_Identification/data/50_speakers_audio_data/Speaker_0016/Speaker_0016_00005.wav,Speaker_0016,Speaker_0016_00005.wav,59.9793125
/Users/gertrudisrms/Documents/Kuliah/Semester 6/Speech Processing/Projek_FInal_Speaker_Identification/data/50_speakers_audio_data/Speaker_0016/Speaker_0016_00011.wav,Speaker_0016,Speaker_0016_00011.wav,59.9793125
/Users/gertrudisrms/Documents/Kuliah/Semester 6/Speech Processing/Projek_FInal_Speaker_Identification/data/50_speakers_audio_data/Speaker_0016/Speaker_0016_00007.wav,Speaker_0016,Speaker_0016_00007.wav,59.9531875
/Users/gertrudisrms/Documents/Kuliah/Semester 6/Speech Processing/Projek_FInal_Speaker_Identification/data/50_speakers_audio_data/Speaker_0016/Speaker_0016_00013.wav,Speaker_0016,Speaker_0016_00013.wav,59.9793125
/Users/gertrudisrms/Documents/Kuliah/Semester 6/Speech Processing/Projek_FInal_Speaker_Identification/data/50_speakers_audio_data/Speaker_0016/Speaker_0016_00012.wav,Speaker_0016,Speaker_0016_00012.wav,59.9793125
/Users/gertrudisrms/Documents/Kuliah/Semester 6/Speech Processing/Projek_FInal_Speaker_Identification/data/50_speakers_audio_data/Speaker_0016/Speaker_0016_00006.wav,Speaker_0016,Speaker_0016_00006.wav,59.9793125
/Users/gertrudisrms/Documents/Kuliah/Semester 6/Speech Processing/Projek_FInal_Speaker_Identification/data/50_speakers_audio_data/Speaker_0016/Speaker_0016_00002.wav,Speaker_0016,Speaker_0016_00002.wav,59.9793125
/Users/gertrudisrms/Documents/Kuliah/Semester 6/Speech Processing/Projek_FInal_Speaker_Identification/data/50_speakers_audio_data/Speaker_0016/Speaker_0016_00016.wav,Speaker_0016,Speaker_0016_00016.wav,59.9793125
/Users/gertrudisrms/Documents/Kuliah/Semester 6/Speech Processing/Projek_FInal_Speaker_Identification/data/50_speakers_audio_data/Speaker_0016/Speaker_0016_00017.wav,Speaker_0016,Speaker_0016_00017.wav,59.9793125
/Users/gertrudisrms/Documents/Kuliah/Semester 6/Speech Processing/Projek_FInal_Speaker_Identification/data/50_speakers_audio_data/Speaker_0016/Speaker_0016_00003.wav,Speaker_0016,Speaker_0016_00003.wav,59.9793125
/Users/gertrudisrms/Documents/Kuliah/Semester 6/Speech Processing/Projek_FInal_Speaker_Identification/data/50_speakers_audio_data/Speaker_0016/Speaker_0016_00029.wav,Speaker_0016,Speaker_0016_00029.wav,59.9793125
/Users/gertrudisrms/Documents/Kuliah/Semester 6/Speech Processing/Projek_FInal_Speaker_Identification/data/50_speakers_audio_data/Speaker_0016/Speaker_0016_00015.wav,Speaker_0016,Speaker_0016_00015.wav,59.9531875
/Users/gertrudisrms/Documents/Kuliah/Semester 6/Speech Processing/Projek_FInal_Speaker_Identification/data/50_speakers_audio_data/Speaker_0016/Speaker_0016_00001.wav,Speaker_0016,Speaker_0016_00001.wav,59.9793125
/Users/gertrudisrms/Documents/Kuliah/Semester 6/Speech Processing/Projek_FInal_Speaker_Identification/data/50_speakers_audio_data/Speaker_0016/Speaker_0016_00000.wav,Speaker_0016,Speaker_0016_00000.wav,59.9531875
/Users/gertrudisrms/Documents/Kuliah/Semester 6/Speech Processing/Projek_FInal_Speaker_Identification/data/50_speakers_audio_data/Speaker_0016/Speaker_0016_00014.wav,Speaker_0016,Speaker_0016_00014.wav,59.9793125
/Users/gertrudisrms/Documents/Kuliah/Semester 6/Speech Processing/Projek_FInal_Speaker_Identification/data/50_speakers_audio_data/Speaker_0016/Speaker_0016_00028.wav,Speaker_0016,Speaker_0016_00028.wav,59.9793125
/Users/gertrudisrms/Documents/Kuliah/Semester 6/Speech Processing/Projek_FInal_Speaker_Identification/data/50_speakers_audio_data/Speaker_0016/Speaker_0016_00031.wav,Speaker_0016,Speaker_0016_00031.wav,59.9531875
/Users/gertrudisrms/Documents/Kuliah/Semester 6/Speech Processing/Projek_FInal_Speaker_Identification/data/50_speakers_audio_data/Speaker_0016/Speaker_0016_00025.wav,Speaker_0016,Speaker_0016_00025.wav,59.9793125
/Users/gertrudisrms/Documents/Kuliah/Semester 6/Speech Processing/Projek_FInal_Speaker_Identification/data/50_speakers_audio_data/Speaker_0016/Speaker_0016_00019.wav,Speaker_0016,Speaker_0016_00019.wav,59.9793125
/Users/gertrudisrms/Documents/Kuliah/Semester 6/Speech Processing/Projek_FInal_Speaker_Identification/data/50_speakers_audio_data/Speaker_0016/Speaker_0016_00018.wav,Speaker_0016,Speaker_0016_00018.wav,59.9793125
/Users/gertrudisrms/Documents/Kuliah/Semester 6/Speech Processing/Projek_FInal_Speaker_Identification/data/50_speakers_audio_data/Speaker_0016/Speaker_0016_00024.wav,Speaker_0016,Speaker_0016_00024.wav,59.9793125
/Users/gertrudisrms/Documents/Kuliah/Semester 6/Speech Processing/Projek_FInal_Speaker_Identification/data/50_speakers_audio_data/Speaker_0016/Speaker_0016_00030.wav,Speaker_0016,Speaker_0016_00030.wav,59.9793125
/Users/gertrudisrms/Documents/Kuliah/Semester 6/Speech Processing/Projek_FInal_Speaker_Identification/data/50_speakers_audio_data/Speaker_0016/Speaker_0016_00026.wav,Speaker_0016,Speaker_0016_00026.wav,59.9793125
/Users/gertrudisrms/Documents/Kuliah/Semester 6/Speech Processing/Projek_FInal_Speaker_Identification/data/50_speakers_audio_data/Speaker_0016/Speaker_0016_00032.wav,Speaker_0016,Speaker_0016_00032.wav,59.9793125
/Users/gertrudisrms/Documents/Kuliah/Semester 6/Speech Processing/Projek_FInal_Speaker_Identification/data/50_speakers_audio_data/Speaker_0016/Speaker_0016_00033.wav,Speaker_0016,Speaker_0016_00033.wav,59.9793125
/Users/gertrudisrms/Documents/Kuliah/Semester 6/Speech Processing/Projek_FInal_Speaker_Identification/data/50_speakers_audio_data/Speaker_0016/Speaker_0016_00027.wav,Speaker_0016,Speaker_0016_00027.wav,59.9793125
/Users/gertrudisrms/Documents/Kuliah/Semester 6/Speech Processing/Projek_FInal_Speaker_Identification/data/50_speakers_audio_data/Speaker_0016/Speaker_0016_00023.wav,Speaker_0016,Speaker_0016_00023.wav,59.9531875
/Users/gertrudisrms/Documents/Kuliah/Semester 6/Speech Processing/Projek_FInal_Speaker_Identification/data/50_speakers_audio_data/Speaker_0016/Speaker_0016_00037.wav,Speaker_0016,Speaker_0016_00037.wav,59.9793125
/Users/gertrudisrms/Documents/Kuliah/Semester 6/Speech Processing/Projek_FInal_Speaker_Identification/data/50_speakers_audio_data/Speaker_0016/Speaker_0016_00036.wav,Speaker_0016,Speaker_0016_00036.wav,59.9793125
/Users/gertrudisrms/Documents/Kuliah/Semester 6/Speech Processing/Projek_FInal_Speaker_Identification/data/50_speakers_audio_data/Speaker_0016/Speaker_0016_00022.wav,Speaker_0016,Speaker_0016_00022.wav,59.9793125
/Users/gertrudisrms/Documents/Kuliah/Semester 6/Speech Processing/Projek_FInal_Speaker_Identification/data/50_speakers_audio_data/Speaker_0016/Speaker_0016_00008.wav,Speaker_0016,Speaker_0016_00008.wav,59.9793125
/Users/gertrudisrms/Documents/Kuliah/Semester 6/Speech Processing/Projek_FInal_Speaker_Identification/data/50_speakers_audio_data/Speaker_0016/Speaker_0016_00034.wav,Speaker_0016,Speaker_0016_00034.wav,59.9793125
/Users/gertrudisrms/Documents/Kuliah/Semester 6/Speech Processing/Projek_FInal_Speaker_Identification/data/50_speakers_audio_data/Speaker_0016/Speaker_0016_00020.wav,Speaker_0016,Speaker_0016_00020.wav,59.9793125
/Users/gertrudisrms/Documents/Kuliah/Semester 6/Speech Processing/Projek_FInal_Speaker_Identification/data/50_speakers_audio_data/Speaker_0016/Speaker_0016_00021.wav,Speaker_0016,Speaker_0016_00021.wav,59.9793125
/Users/gertrudisrms/Documents/Kuliah/Semester 6/Speech Processing/Projek_FInal_Speaker_Identification/data/50_speakers_audio_data/Speaker_0016/Speaker_0016_00035.wav,Speaker_0016,Speaker_0016_00035.wav,59.9793125
/Users/gertrudisrms/Documents/Kuliah/Semester 6/Speech Processing/Projek_FInal_Speaker_Identification/data/50_speakers_audio_data/Speaker_0016/Speaker_0016_00009.wav,Speaker_0016,Speaker_0016_00009.wav,59.9793125
/Users/gertrudisrms/Documents/Kuliah/Semester 6/Speech Processing/Projek_FInal_Speaker_Identification/data/50_speakers_audio_data/Speaker_0016/Speaker_0016_00046.wav,Speaker_0016,Speaker_0016_00046.wav,59.9793125
/Users/gertrudisrms/Documents/Kuliah/Semester 6/Speech Processing/Projek_FInal_Speaker_Identification/data/50_speakers_audio_data/Speaker_0016/Speaker_0016_00047.wav,Speaker_0016,Speaker_0016_00047.wav,21.9059375
/Users/gertrudisrms/Documents/Kuliah/Semester 6/Speech Processing/Projek_FInal_Speaker_Identification/data/50_speakers_audio_data/Speaker_0016/Speaker_0016_00045.wav,Speaker_0016,Speaker_0016_00045.wav,59.9793125
/Users/gertrudisrms/Documents/Kuliah/Semester 6/Speech Processing/Projek_FInal_Speaker_Identification/data/50_speakers_audio_data/Speaker_0016/Speaker_0016_00044.wav,Speaker_0016,Speaker_0016_00044.wav,59.9793125
/Users/gertrudisrms/Documents/Kuliah/Semester 6/Speech Processing/Projek_FInal_Speaker_Identification/data/50_speakers_audio_data/Speaker_0016/Speaker_0016_00040.wav,Speaker_0016,Speaker_0016_00040.wav,59.9793125
/Users/gertrudisrms/Documents/Kuliah/Semester 6/Speech Processing/Projek_FInal_Speaker_Identification/data/50_speakers_audio_data/Speaker_0016/Speaker_0016_00041.wav,Speaker_0016,Speaker_0016_00041.wav,59.9793125
/Users/gertrudisrms/Documents/Kuliah/Semester 6/Speech Processing/Projek_FInal_Speaker_Identification/data/50_speakers_audio_data/Speaker_0016/Speaker_0016_00043.wav,Speaker_0016,Speaker_0016_00043.wav,59.9793125
/Users/gertrudisrms/Documents/Kuliah/Semester 6/Speech Processing/Projek_FInal_Speaker_Identification/data/50_speakers_audio_data/Speaker_0016/Speaker_0016_00042.wav,Speaker_0016,Speaker_0016_00042.wav,59.9793125
/Users/gertrudisrms/Documents/Kuliah/Semester 6/Speech Processing/Projek_FInal_Speaker_Identification/data/50_speakers_audio_data/Speaker_0011/Speaker_0011_00017.wav,Speaker_0011,Speaker_0011_00017.wav,59.9793125
/Users/gertrudisrms/Documents/Kuliah/Semester 6/Speech Processing/Projek_FInal_Speaker_Identification/data/50_speakers_audio_data/Speaker_0011/Speaker_0011_00003.wav,Speaker_0011,Speaker_0011_00003.wav,59.9793125
/Users/gertrudisrms/Documents/Kuliah/Semester 6/Speech Processing/Projek_FInal_Speaker_Identification/data/50_speakers_audio_data/Speaker_0011/Speaker_0011_00002.wav,Speaker_0011,Speaker_0011_00002.wav,59.9793125
/Users/gertrudisrms/Documents/Kuliah/Semester 6/Speech Processing/Projek_FInal_Speaker_Identification/data/50_speakers_audio_data/Speaker_0011/Speaker_0011_00016.wav,Speaker_0011,Speaker_0011_00016.wav,59.9793125
/Users/gertrudisrms/Documents/Kuliah/Semester 6/Speech Processing/Projek_FInal_Speaker_Identification/data/50_speakers_audio_data/Speaker_0011/Speaker_0011_00000.wav,Speaker_0011,Speaker_0011_00000.wav,59.9531875
/Users/gertrudisrms/Documents/Kuliah/Semester 6/Speech Processing/Projek_FInal_Speaker_Identification/data/50_speakers_audio_data/Speaker_0011/Speaker_0011_00014.wav,Speaker_0011,Speaker_0011_00014.wav,59.9793125
/Users/gertrudisrms/Documents/Kuliah/Semester 6/Speech Processing/Projek_FInal_Speaker_Identification/data/50_speakers_audio_data/Speaker_0011/Speaker_0011_00028.wav,Speaker_0011,Speaker_0011_00028.wav,59.9793125
/Users/gertrudisrms/Documents/Kuliah/Semester 6/Speech Processing/Projek_FInal_Speaker_Identification/data/50_speakers_audio_data/Speaker_0011/Speaker_0011_00029.wav,Speaker_0011,Speaker_0011_00029.wav,59.9793125
/Users/gertrudisrms/Documents/Kuliah/Semester 6/Speech Processing/Projek_FInal_Speaker_Identification/data/50_speakers_audio_data/Speaker_0011/Speaker_0011_00015.wav,Speaker_0011,Speaker_0011_00015.wav,59.9531875
/Users/gertrudisrms/Documents/Kuliah/Semester 6/Speech Processing/Projek_FInal_Speaker_Identification/data/50_speakers_audio_data/Speaker_0011/Speaker_0011_00001.wav,Speaker_0011,Speaker_0011_00001.wav,59.9793125
/Users/gertrudisrms/Documents/Kuliah/Semester 6/Speech Processing/Projek_FInal_Speaker_Identification/data/50_speakers_audio_data/Speaker_0011/Speaker_0011_00039.wav,Speaker_0011,Speaker_0011_00039.wav,59.9531875
/Users/gertrudisrms/Documents/Kuliah/Semester 6/Speech Processing/Projek_FInal_Speaker_Identification/data/50_speakers_audio_data/Speaker_0011/Speaker_0011_00005.wav,Speaker_0011,Speaker_0011_00005.wav,59.9793125
/Users/gertrudisrms/Documents/Kuliah/Semester 6/Speech Processing/Projek_FInal_Speaker_Identification/data/50_speakers_audio_data/Speaker_0011/Speaker_0011_00011.wav,Speaker_0011,Speaker_0011_00011.wav,59.9793125
/Users/gertrudisrms/Documents/Kuliah/Semester 6/Speech Processing/Projek_FInal_Speaker_Identification/data/50_speakers_audio_data/Speaker_0011/Speaker_0011_00010.wav,Speaker_0011,Speaker_0011_00010.wav,59.9793125
/Users/gertrudisrms/Documents/Kuliah/Semester 6/Speech Processing/Projek_FInal_Speaker_Identification/data/50_speakers_audio_data/Speaker_0011/Speaker_0011_00004.wav,Speaker_0011,Speaker_0011_00004.wav,59.9793125
/Users/gertrudisrms/Documents/Kuliah/Semester 6/Speech Processing/Projek_FInal_Speaker_Identification/data/50_speakers_audio_data/Speaker_0011/Speaker_0011_00038.wav,Speaker_0011,Speaker_0011_00038.wav,59.9793125
/Users/gertrudisrms/Documents/Kuliah/Semester 6/Speech Processing/Projek_FInal_Speaker_Identification/data/50_speakers_audio_data/Speaker_0011/Speaker_0011_00012.wav,Speaker_0011,Speaker_0011_00012.wav,59.9793125
/Users/gertrudisrms/Documents/Kuliah/Semester 6/Speech Processing/Projek_FInal_Speaker_Identification/data/50_speakers_audio_data/Speaker_0011/Speaker_0011_00006.wav,Speaker_0011,Speaker_0011_00006.wav,59.9793125
/Users/gertrudisrms/Documents/Kuliah/Semester 6/Speech Processing/Projek_FInal_Speaker_Identification/data/50_speakers_audio_data/Speaker_0011/Speaker_0011_00007.wav,Speaker_0011,Speaker_0011_00007.wav,59.9531875
/Users/gertrudisrms/Documents/Kuliah/Semester 6/Speech Processing/Projek_FInal_Speaker_Identification/data/50_speakers_audio_data/Speaker_0011/Speaker_0011_00013.wav,Speaker_0011,Speaker_0011_00013.wav,59.9793125
/Users/gertrudisrms/Documents/Kuliah/Semester 6/Speech Processing/Projek_FInal_Speaker_Identification/data/50_speakers_audio_data/Speaker_0011/Speaker_0011_00060.wav,Speaker_0011,Speaker_0011_00060.wav,59.9793125
/Users/gertrudisrms/Documents/Kuliah/Semester 6/Speech Processing/Projek_FInal_Speaker_Identification/data/50_speakers_audio_data/Speaker_0011/Speaker_0011_00048.wav,Speaker_0011,Speaker_0011_00048.wav,59.9793125
/Users/gertrudisrms/Documents/Kuliah/Semester 6/Speech Processing/Projek_FInal_Speaker_Identification/data/50_speakers_audio_data/Speaker_0011/Speaker_0011_00049.wav,Speaker_0011,Speaker_0011_00049.wav,59.9793125
/Users/gertrudisrms/Documents/Kuliah/Semester 6/Speech Processing/Projek_FInal_Speaker_Identification/data/50_speakers_audio_data/Speaker_0011/Speaker_0011_00061.wav,Speaker_0011,Speaker_0011_00061.wav,59.9793125
/Users/gertrudisrms/Documents/Kuliah/Semester 6/Speech Processing/Projek_FInal_Speaker_Identification/data/50_speakers_audio_data/Speaker_0011/Speaker_0011_00063.wav,Speaker_0011,Speaker_0011_00063.wav,59.9531875
/Users/gertrudisrms/Documents/Kuliah/Semester 6/Speech Processing/Projek_FInal_Speaker_Identification/data/50_speakers_audio_data/Speaker_0011/Speaker_0011_00062.wav,Speaker_0011,Speaker_0011_00062.wav,59.9793125
/Users/gertrudisrms/Documents/Kuliah/Semester 6/Speech Processing/Projek_FInal_Speaker_Identification/data/50_speakers_audio_data/Speaker_0011/Speaker_0011_00059.wav,Speaker_0011,Speaker_0011_00059.wav,59.9793125
/Users/gertrudisrms/Documents/Kuliah/Semester 6/Speech Processing/Projek_FInal_Speaker_Identification/data/50_speakers_audio_data/Speaker_0011/Speaker_0011_00064.wav,Speaker_0011,Speaker_0011_00064.wav,5.402375
/Users/gertrudisrms/Documents/Kuliah/Semester 6/Speech Processing/Projek_FInal_Speaker_Identification/data/50_speakers_audio_data/Speaker_0011/Speaker_0011_00058.wav,Speaker_0011,Speaker_0011_00058.wav,59.9793125
/Users/gertrudisrms/Documents/Kuliah/Semester 6/Speech Processing/Projek_FInal_Speaker_Identification/data/50_speakers_audio_data/Speaker_0011/Speaker_0011_00055.wav,Speaker_0011,Speaker_0011_00055.wav,59.9531875
/Users/gertrudisrms/Documents/Kuliah/Semester 6/Speech Processing/Projek_FInal_Speaker_Identification/data/50_speakers_audio_data/Speaker_0011/Speaker_0011_00041.wav,Speaker_0011,Speaker_0011_00041.wav,59.9793125
/Users/gertrudisrms/Documents/Kuliah/Semester 6/Speech Processing/Projek_FInal_Speaker_Identification/data/50_speakers_audio_data/Speaker_0011/Speaker_0011_00040.wav,Speaker_0011,Speaker_0011_00040.wav,59.9793125
/Users/gertrudisrms/Documents/Kuliah/Semester 6/Speech Processing/Projek_FInal_Speaker_Identification/data/50_speakers_audio_data/Speaker_0011/Speaker_0011_00054.wav,Speaker_0011,Speaker_0011_00054.wav,59.9793125
/Users/gertrudisrms/Documents/Kuliah/Semester 6/Speech Processing/Projek_FInal_Speaker_Identification/data/50_speakers_audio_data/Speaker_0011/Speaker_0011_00042.wav,Speaker_0011,Speaker_0011_00042.wav,59.9793125
/Users/gertrudisrms/Documents/Kuliah/Semester 6/Speech Processing/Projek_FInal_Speaker_Identification/data/50_speakers_audio_data/Speaker_0011/Speaker_0011_00056.wav,Speaker_0011,Speaker_0011_00056.wav,59.9793125
/Users/gertrudisrms/Documents/Kuliah/Semester 6/Speech Processing/Projek_FInal_Speaker_Identification/data/50_speakers_audio_data/Speaker_0011/Speaker_0011_00057.wav,Speaker_0011,Speaker_0011_00057.wav,59.9793125
/Users/gertrudisrms/Documents/Kuliah/Semester 6/Speech Processing/Projek_FInal_Speaker_Identification/data/50_speakers_audio_data/Speaker_0011/Speaker_0011_00043.wav,Speaker_0011,Speaker_0011_00043.wav,59.9793125
/Users/gertrudisrms/Documents/Kuliah/Semester 6/Speech Processing/Projek_FInal_Speaker_Identification/data/50_speakers_audio_data/Speaker_0011/Speaker_0011_00047.wav,Speaker_0011,Speaker_0011_00047.wav,59.9531875
/Users/gertrudisrms/Documents/Kuliah/Semester 6/Speech Processing/Projek_FInal_Speaker_Identification/data/50_speakers_audio_data/Speaker_0011/Speaker_0011_00053.wav,Speaker_0011,Speaker_0011_00053.wav,59.9793125
/Users/gertrudisrms/Documents/Kuliah/Semester 6/Speech Processing/Projek_FInal_Speaker_Identification/data/50_speakers_audio_data/Speaker_0011/Speaker_0011_00052.wav,Speaker_0011,Speaker_0011_00052.wav,59.9793125
/Users/gertrudisrms/Documents/Kuliah/Semester 6/Speech Processing/Projek_FInal_Speaker_Identification/data/50_speakers_audio_data/Speaker_0011/Speaker_0011_00046.wav,Speaker_0011,Speaker_0011_00046.wav,59.9793125
/Users/gertrudisrms/Documents/Kuliah/Semester 6/Speech Processing/Projek_FInal_Speaker_Identification/data/50_speakers_audio_data/Speaker_0011/Speaker_0011_00050.wav,Speaker_0011,Speaker_0011_00050.wav,59.9793125
/Users/gertrudisrms/Documents/Kuliah/Semester 6/Speech Processing/Projek_FInal_Speaker_Identification/data/50_speakers_audio_data/Speaker_0011/Speaker_0011_00044.wav,Speaker_0011,Speaker_0011_00044.wav,59.9793125
/Users/gertrudisrms/Documents/Kuliah/Semester 6/Speech Processing/Projek_FInal_Speaker_Identification/data/50_speakers_audio_data/Speaker_0011/Speaker_0011_00045.wav,Speaker_0011,Speaker_0011_00045.wav,59.9793125
/Users/gertrudisrms/Documents/Kuliah/Semester 6/Speech Processing/Projek_FInal_Speaker_Identification/data/50_speakers_audio_data/Speaker_0011/Speaker_0011_00051.wav,Speaker_0011,Speaker_0011_00051.wav,59.9793125
/Users/gertrudisrms/Documents/Kuliah/Semester 6/Speech Processing/Projek_FInal_Speaker_Identification/data/50_speakers_audio_data/Speaker_0011/Speaker_0011_00036.wav,Speaker_0011,Speaker_0011_00036.wav,59.9793125
/Users/gertrudisrms/Documents/Kuliah/Semester 6/Speech Processing/Projek_FInal_Speaker_Identification/data/50_speakers_audio_data/Speaker_0011/Speaker_0011_00022.wav,Speaker_0011,Speaker_0011_00022.wav,59.9793125
/Users/gertrudisrms/Documents/Kuliah/Semester 6/Speech Processing/Projek_FInal_Speaker_Identification/data/50_speakers_audio_data/Speaker_0011/Speaker_0011_00023.wav,Speaker_0011,Speaker_0011_00023.wav,59.9531875
/Users/gertrudisrms/Documents/Kuliah/Semester 6/Speech Processing/Projek_FInal_Speaker_Identification/data/50_speakers_audio_data/Speaker_0011/Speaker_0011_00037.wav,Speaker_0011,Speaker_0011_00037.wav,59.9793125
/Users/gertrudisrms/Documents/Kuliah/Semester 6/Speech Processing/Projek_FInal_Speaker_Identification/data/50_speakers_audio_data/Speaker_0011/Speaker_0011_00021.wav,Speaker_0011,Speaker_0011_00021.wav,59.9793125
/Users/gertrudisrms/Documents/Kuliah/Semester 6/Speech Processing/Projek_FInal_Speaker_Identification/data/50_speakers_audio_data/Speaker_0011/Speaker_0011_00035.wav,Speaker_0011,Speaker_0011_00035.wav,59.9793125
/Users/gertrudisrms/Documents/Kuliah/Semester 6/Speech Processing/Projek_FInal_Speaker_Identification/data/50_speakers_audio_data/Speaker_0011/Speaker_0011_00009.wav,Speaker_0011,Speaker_0011_00009.wav,59.9793125
/Users/gertrudisrms/Documents/Kuliah/Semester 6/Speech Processing/Projek_FInal_Speaker_Identification/data/50_speakers_audio_data/Speaker_0011/Speaker_0011_00008.wav,Speaker_0011,Speaker_0011_00008.wav,59.9793125
/Users/gertrudisrms/Documents/Kuliah/Semester 6/Speech Processing/Projek_FInal_Speaker_Identification/data/50_speakers_audio_data/Speaker_0011/Speaker_0011_00034.wav,Speaker_0011,Speaker_0011_00034.wav,59.9793125
/Users/gertrudisrms/Documents/Kuliah/Semester 6/Speech Processing/Projek_FInal_Speaker_Identification/data/50_speakers_audio_data/Speaker_0011/Speaker_0011_00020.wav,Speaker_0011,Speaker_0011_00020.wav,59.9793125
/Users/gertrudisrms/Documents/Kuliah/Semester 6/Speech Processing/Projek_FInal_Speaker_Identification/data/50_speakers_audio_data/Speaker_0011/Speaker_0011_00018.wav,Speaker_0011,Speaker_0011_00018.wav,59.9793125
/Users/gertrudisrms/Documents/Kuliah/Semester 6/Speech Processing/Projek_FInal_Speaker_Identification/data/50_speakers_audio_data/Speaker_0011/Speaker_0011_00024.wav,Speaker_0011,Speaker_0011_00024.wav,59.9793125
/Users/gertrudisrms/Documents/Kuliah/Semester 6/Speech Processing/Projek_FInal_Speaker_Identification/data/50_speakers_audio_data/Speaker_0011/Speaker_0011_00030.wav,Speaker_0011,Speaker_0011_00030.wav,59.9793125
/Users/gertrudisrms/Documents/Kuliah/Semester 6/Speech Processing/Projek_FInal_Speaker_Identification/data/50_speakers_audio_data/Speaker_0011/Speaker_0011_00031.wav,Speaker_0011,Speaker_0011_00031.wav,59.9531875
/Users/gertrudisrms/Documents/Kuliah/Semester 6/Speech Processing/Projek_FInal_Speaker_Identification/data/50_speakers_audio_data/Speaker_0011/Speaker_0011_00025.wav,Speaker_0011,Speaker_0011_00025.wav,59.9793125
/Users/gertrudisrms/Documents/Kuliah/Semester 6/Speech Processing/Projek_FInal_Speaker_Identification/data/50_speakers_audio_data/Speaker_0011/Speaker_0011_00019.wav,Speaker_0011,Speaker_0011_00019.wav,59.9793125
/Users/gertrudisrms/Documents/Kuliah/Semester 6/Speech Processing/Projek_FInal_Speaker_Identification/data/50_speakers_audio_data/Speaker_0011/Speaker_0011_00033.wav,Speaker_0011,Speaker_0011_00033.wav,59.9793125
/Users/gertrudisrms/Documents/Kuliah/Semester 6/Speech Processing/Projek_FInal_Speaker_Identification/data/50_speakers_audio_data/Speaker_0011/Speaker_0011_00027.wav,Speaker_0011,Speaker_0011_00027.wav,59.9793125
/Users/gertrudisrms/Documents/Kuliah/Semester 6/Speech Processing/Projek_FInal_Speaker_Identification/data/50_speakers_audio_data/Speaker_0011/Speaker_0011_00026.wav,Speaker_0011,Speaker_0011_00026.wav,59.9793125
/Users/gertrudisrms/Documents/Kuliah/Semester 6/Speech Processing/Projek_FInal_Speaker_Identification/data/50_speakers_audio_data/Speaker_0011/Speaker_0011_00032.wav,Speaker_0011,Speaker_0011_00032.wav,59.9793125
/Users/gertrudisrms/Documents/Kuliah/Semester 6/Speech Processing/Projek_FInal_Speaker_Identification/data/50_speakers_audio_data/Speaker_0018/Speaker_0018_00027.wav,Speaker_0018,Speaker_0018_00027.wav,59.9793125
/Users/gertrudisrms/Documents/Kuliah/Semester 6/Speech Processing/Projek_FInal_Speaker_Identification/data/50_speakers_audio_data/Speaker_0018/Speaker_0018_00033.wav,Speaker_0018,Speaker_0018_00033.wav,59.9793125
/Users/gertrudisrms/Documents/Kuliah/Semester 6/Speech Processing/Projek_FInal_Speaker_Identification/data/50_speakers_audio_data/Speaker_0018/Speaker_0018_00032.wav,Speaker_0018,Speaker_0018_00032.wav,59.9793125
/Users/gertrudisrms/Documents/Kuliah/Semester 6/Speech Processing/Projek_FInal_Speaker_Identification/data/50_speakers_audio_data/Speaker_0018/Speaker_0018_00026.wav,Speaker_0018,Speaker_0018_00026.wav,59.9793125
/Users/gertrudisrms/Documents/Kuliah/Semester 6/Speech Processing/Projek_FInal_Speaker_Identification/data/50_speakers_audio_data/Speaker_0018/Speaker_0018_00018.wav,Speaker_0018,Speaker_0018_00018.wav,59.9793125
/Users/gertrudisrms/Documents/Kuliah/Semester 6/Speech Processing/Projek_FInal_Speaker_Identification/data/50_speakers_audio_data/Speaker_0018/Speaker_0018_00030.wav,Speaker_0018,Speaker_0018_00030.wav,59.9793125
/Users/gertrudisrms/Documents/Kuliah/Semester 6/Speech Processing/Projek_FInal_Speaker_Identification/data/50_speakers_audio_data/Speaker_0018/Speaker_0018_00024.wav,Speaker_0018,Speaker_0018_00024.wav,59.9793125
/Users/gertrudisrms/Documents/Kuliah/Semester 6/Speech Processing/Projek_FInal_Speaker_Identification/data/50_speakers_audio_data/Speaker_0018/Speaker_0018_00025.wav,Speaker_0018,Speaker_0018_00025.wav,59.9793125
/Users/gertrudisrms/Documents/Kuliah/Semester 6/Speech Processing/Projek_FInal_Speaker_Identification/data/50_speakers_audio_data/Speaker_0018/Speaker_0018_00031.wav,Speaker_0018,Speaker_0018_00031.wav,59.9531875
/Users/gertrudisrms/Documents/Kuliah/Semester 6/Speech Processing/Projek_FInal_Speaker_Identification/data/50_speakers_audio_data/Speaker_0018/Speaker_0018_00019.wav,Speaker_0018,Speaker_0018_00019.wav,59.9793125
/Users/gertrudisrms/Documents/Kuliah/Semester 6/Speech Processing/Projek_FInal_Speaker_Identification/data/50_speakers_audio_data/Speaker_0018/Speaker_0018_00035.wav,Speaker_0018,Speaker_0018_00035.wav,59.9793125
/Users/gertrudisrms/Documents/Kuliah/Semester 6/Speech Processing/Projek_FInal_Speaker_Identification/data/50_speakers_audio_data/Speaker_0018/Speaker_0018_00021.wav,Speaker_0018,Speaker_0018_00021.wav,59.9793125
/Users/gertrudisrms/Documents/Kuliah/Semester 6/Speech Processing/Projek_FInal_Speaker_Identification/data/50_speakers_audio_data/Speaker_0018/Speaker_0018_00009.wav,Speaker_0018,Speaker_0018_00009.wav,59.9793125
/Users/gertrudisrms/Documents/Kuliah/Semester 6/Speech Processing/Projek_FInal_Speaker_Identification/data/50_speakers_audio_data/Speaker_0018/Speaker_0018_00008.wav,Speaker_0018,Speaker_0018_00008.wav,59.9793125
/Users/gertrudisrms/Documents/Kuliah/Semester 6/Speech Processing/Projek_FInal_Speaker_Identification/data/50_speakers_audio_data/Speaker_0018/Speaker_0018_00020.wav,Speaker_0018,Speaker_0018_00020.wav,59.9793125
/Users/gertrudisrms/Documents/Kuliah/Semester 6/Speech Processing/Projek_FInal_Speaker_Identification/data/50_speakers_audio_data/Speaker_0018/Speaker_0018_00034.wav,Speaker_0018,Speaker_0018_00034.wav,59.9793125
/Users/gertrudisrms/Documents/Kuliah/Semester 6/Speech Processing/Projek_FInal_Speaker_Identification/data/50_speakers_audio_data/Speaker_0018/Speaker_0018_00022.wav,Speaker_0018,Speaker_0018_00022.wav,59.9793125
/Users/gertrudisrms/Documents/Kuliah/Semester 6/Speech Processing/Projek_FInal_Speaker_Identification/data/50_speakers_audio_data/Speaker_0018/Speaker_0018_00036.wav,Speaker_0018,Speaker_0018_00036.wav,59.9793125
/Users/gertrudisrms/Documents/Kuliah/Semester 6/Speech Processing/Projek_FInal_Speaker_Identification/data/50_speakers_audio_data/Speaker_0018/Speaker_0018_00037.wav,Speaker_0018,Speaker_0018_00037.wav,59.9793125
/Users/gertrudisrms/Documents/Kuliah/Semester 6/Speech Processing/Projek_FInal_Speaker_Identification/data/50_speakers_audio_data/Speaker_0018/Speaker_0018_00023.wav,Speaker_0018,Speaker_0018_00023.wav,59.9531875
/Users/gertrudisrms/Documents/Kuliah/Semester 6/Speech Processing/Projek_FInal_Speaker_Identification/data/50_speakers_audio_data/Speaker_0018/Speaker_0018_00006.wav,Speaker_0018,Speaker_0018_00006.wav,59.9793125
/Users/gertrudisrms/Documents/Kuliah/Semester 6/Speech Processing/Projek_FInal_Speaker_Identification/data/50_speakers_audio_data/Speaker_0018/Speaker_0018_00012.wav,Speaker_0018,Speaker_0018_00012.wav,59.9793125
/Users/gertrudisrms/Documents/Kuliah/Semester 6/Speech Processing/Projek_FInal_Speaker_Identification/data/50_speakers_audio_data/Speaker_0018/Speaker_0018_00013.wav,Speaker_0018,Speaker_0018_00013.wav,59.9793125
/Users/gertrudisrms/Documents/Kuliah/Semester 6/Speech Processing/Projek_FInal_Speaker_Identification/data/50_speakers_audio_data/Speaker_0018/Speaker_0018_00007.wav,Speaker_0018,Speaker_0018_00007.wav,59.9531875
/Users/gertrudisrms/Documents/Kuliah/Semester 6/Speech Processing/Projek_FInal_Speaker_Identification/data/50_speakers_audio_data/Speaker_0018/Speaker_0018_00039.wav,Speaker_0018,Speaker_0018_00039.wav,13.03225
/Users/gertrudisrms/Documents/Kuliah/Semester 6/Speech Processing/Projek_FInal_Speaker_Identification/data/50_speakers_audio_data/Speaker_0018/Speaker_0018_00011.wav,Speaker_0018,Speaker_0018_00011.wav,59.9793125
/Users/gertrudisrms/Documents/Kuliah/Semester 6/Speech Processing/Projek_FInal_Speaker_Identification/data/50_speakers_audio_data/Speaker_0018/Speaker_0018_00005.wav,Speaker_0018,Speaker_0018_00005.wav,59.9793125
/Users/gertrudisrms/Documents/Kuliah/Semester 6/Speech Processing/Projek_FInal_Speaker_Identification/data/50_speakers_audio_data/Speaker_0018/Speaker_0018_00004.wav,Speaker_0018,Speaker_0018_00004.wav,59.9793125
/Users/gertrudisrms/Documents/Kuliah/Semester 6/Speech Processing/Projek_FInal_Speaker_Identification/data/50_speakers_audio_data/Speaker_0018/Speaker_0018_00010.wav,Speaker_0018,Speaker_0018_00010.wav,59.9793125
/Users/gertrudisrms/Documents/Kuliah/Semester 6/Speech Processing/Projek_FInal_Speaker_Identification/data/50_speakers_audio_data/Speaker_0018/Speaker_0018_00038.wav,Speaker_0018,Speaker_0018_00038.wav,59.9793125
/Users/gertrudisrms/Documents/Kuliah/Semester 6/Speech Processing/Projek_FInal_Speaker_Identification/data/50_speakers_audio_data/Speaker_0018/Speaker_0018_00014.wav,Speaker_0018,Speaker_0018_00014.wav,59.9793125
/Users/gertrudisrms/Documents/Kuliah/Semester 6/Speech Processing/Projek_FInal_Speaker_Identification/data/50_speakers_audio_data/Speaker_0018/Speaker_0018_00000.wav,Speaker_0018,Speaker_0018_00000.wav,59.9531875
/Users/gertrudisrms/Documents/Kuliah/Semester 6/Speech Processing/Projek_FInal_Speaker_Identification/data/50_speakers_audio_data/Speaker_0018/Speaker_0018_00028.wav,Speaker_0018,Speaker_0018_00028.wav,59.9793125
/Users/gertrudisrms/Documents/Kuliah/Semester 6/Speech Processing/Projek_FInal_Speaker_Identification/data/50_speakers_audio_data/Speaker_0018/Speaker_0018_00029.wav,Speaker_0018,Speaker_0018_00029.wav,59.9793125
/Users/gertrudisrms/Documents/Kuliah/Semester 6/Speech Processing/Projek_FInal_Speaker_Identification/data/50_speakers_audio_data/Speaker_0018/Speaker_0018_00001.wav,Speaker_0018,Speaker_0018_00001.wav,59.9793125
/Users/gertrudisrms/Documents/Kuliah/Semester 6/Speech Processing/Projek_FInal_Speaker_Identification/data/50_speakers_audio_data/Speaker_0018/Speaker_0018_00015.wav,Speaker_0018,Speaker_0018_00015.wav,59.9531875
/Users/gertrudisrms/Documents/Kuliah/Semester 6/Speech Processing/Projek_FInal_Speaker_Identification/data/50_speakers_audio_data/Speaker_0018/Speaker_0018_00003.wav,Speaker_0018,Speaker_0018_00003.wav,59.9793125
/Users/gertrudisrms/Documents/Kuliah/Semester 6/Speech Processing/Projek_FInal_Speaker_Identification/data/50_speakers_audio_data/Speaker_0018/Speaker_0018_00017.wav,Speaker_0018,Speaker_0018_00017.wav,59.9793125
/Users/gertrudisrms/Documents/Kuliah/Semester 6/Speech Processing/Projek_FInal_Speaker_Identification/data/50_speakers_audio_data/Speaker_0018/Speaker_0018_00016.wav,Speaker_0018,Speaker_0018_00016.wav,59.9793125
/Users/gertrudisrms/Documents/Kuliah/Semester 6/Speech Processing/Projek_FInal_Speaker_Identification/data/50_speakers_audio_data/Speaker_0018/Speaker_0018_00002.wav,Speaker_0018,Speaker_0018_00002.wav,59.9793125
/Users/gertrudisrms/Documents/Kuliah/Semester 6/Speech Processing/Projek_FInal_Speaker_Identification/data/50_speakers_audio_data/Speaker_0020/Speaker_0020_00008.wav,Speaker_0020,Speaker_0020_00008.wav,
/Users/gertrudisrms/Documents/Kuliah/Semester 6/Speech Processing/Projek_FInal_Speaker_Identification/data/50_speakers_audio_data/Speaker_0020/Speaker_0020_00009.wav,Speaker_0020,Speaker_0020_00009.wav,
/Users/gertrudisrms/Documents/Kuliah/Semester 6/Speech Processing/Projek_FInal_Speaker_Identification/data/50_speakers_audio_data/Speaker_0020/Speaker_0020_00004.wav,Speaker_0020,Speaker_0020_00004.wav,
/Users/gertrudisrms/Documents/Kuliah/Semester 6/Speech Processing/Projek_FInal_Speaker_Identification/data/50_speakers_audio_data/Speaker_0020/Speaker_0020_00005.wav,Speaker_0020,Speaker_0020_00005.wav,
/Users/gertrudisrms/Documents/Kuliah/Semester 6/Speech Processing/Projek_FInal_Speaker_Identification/data/50_speakers_audio_data/Speaker_0020/Speaker_0020_00007.wav,Speaker_0020,Speaker_0020_00007.wav,
/Users/gertrudisrms/Documents/Kuliah/Semester 6/Speech Processing/Projek_FInal_Speaker_Identification/data/50_speakers_audio_data/Speaker_0020/Speaker_0020_00006.wav,Speaker_0020,Speaker_0020_00006.wav,
/Users/gertrudisrms/Documents/Kuliah/Semester 6/Speech Processing/Projek_FInal_Speaker_Identification/data/50_speakers_audio_data/Speaker_0020/Speaker_0020_00002.wav,Speaker_0020,Speaker_0020_00002.wav,
/Users/gertrudisrms/Documents/Kuliah/Semester 6/Speech Processing/Projek_FInal_Speaker_Identification/data/50_speakers_audio_data/Speaker_0020/Speaker_0020_00003.wav,Speaker_0020,Speaker_0020_00003.wav,
/Users/gertrudisrms/Documents/Kuliah/Semester 6/Speech Processing/Projek_FInal_Speaker_Identification/data/50_speakers_audio_data/Speaker_0020/Speaker_0020_00001.wav,Speaker_0020,Speaker_0020_00001.wav,
/Users/gertrudisrms/Documents/Kuliah/Semester 6/Speech Processing/Projek_FInal_Speaker_Identification/data/50_speakers_audio_data/Speaker_0020/Speaker_0020_00000.wav,Speaker_0020,Speaker_0020_00000.wav,
/Users/gertrudisrms/Documents/Kuliah/Semester 6/Speech Processing/Projek_FInal_Speaker_Identification/data/50_speakers_audio_data/Speaker0043/Speaker0043_016.wav,Speaker0043,Speaker0043_016.wav,
/Users/gertrudisrms/Documents/Kuliah/Semester 6/Speech Processing/Projek_FInal_Speaker_Identification/data/50_speakers_audio_data/Speaker0043/Speaker0043_002.wav,Speaker0043,Speaker0043_002.wav,
/Users/gertrudisrms/Documents/Kuliah/Semester 6/Speech Processing/Projek_FInal_Speaker_Identification/data/50_speakers_audio_data/Speaker0043/Speaker0043_003.wav,Speaker0043,Speaker0043_003.wav,
/Users/gertrudisrms/Documents/Kuliah/Semester 6/Speech Processing/Projek_FInal_Speaker_Identification/data/50_speakers_audio_data/Speaker0043/Speaker0043_017.wav,Speaker0043,Speaker0043_017.wav,
/Users/gertrudisrms/Documents/Kuliah/Semester 6/Speech Processing/Projek_FInal_Speaker_Identification/data/50_speakers_audio_data/Speaker0043/Speaker0043_001.wav,Speaker0043,Speaker0043_001.wav,
/Users/gertrudisrms/Documents/Kuliah/Semester 6/Speech Processing/Projek_FInal_Speaker_Identification/data/50_speakers_audio_data/Speaker0043/Speaker0043_015.wav,Speaker0043,Speaker0043_015.wav,
/Users/gertrudisrms/Documents/Kuliah/Semester 6/Speech Processing/Projek_FInal_Speaker_Identification/data/50_speakers_audio_data/Speaker0043/Speaker0043_029.wav,Speaker0043,Speaker0043_029.wav,
/Users/gertrudisrms/Documents/Kuliah/Semester 6/Speech Processing/Projek_FInal_Speaker_Identification/data/50_speakers_audio_data/Speaker0043/Speaker0043_028.wav,Speaker0043,Speaker0043_028.wav,
/Users/gertrudisrms/Documents/Kuliah/Semester 6/Speech Processing/Projek_FInal_Speaker_Identification/data/50_speakers_audio_data/Speaker0043/Speaker0043_014.wav,Speaker0043,Speaker0043_014.wav,
/Users/gertrudisrms/Documents/Kuliah/Semester 6/Speech Processing/Projek_FInal_Speaker_Identification/data/50_speakers_audio_data/Speaker0043/Speaker0043_000.wav,Speaker0043,Speaker0043_000.wav,
/Users/gertrudisrms/Documents/Kuliah/Semester 6/Speech Processing/Projek_FInal_Speaker_Identification/data/50_speakers_audio_data/Speaker0043/Speaker0043_004.wav,Speaker0043,Speaker0043_004.wav,
/Users/gertrudisrms/Documents/Kuliah/Semester 6/Speech Processing/Projek_FInal_Speaker_Identification/data/50_speakers_audio_data/Speaker0043/Speaker0043_010.wav,Speaker0043,Speaker0043_010.wav,
/Users/gertrudisrms/Documents/Kuliah/Semester 6/Speech Processing/Projek_FInal_Speaker_Identification/data/50_speakers_audio_data/Speaker0043/Speaker0043_011.wav,Speaker0043,Speaker0043_011.wav,
/Users/gertrudisrms/Documents/Kuliah/Semester 6/Speech Processing/Projek_FInal_Speaker_Identification/data/50_speakers_audio_data/Speaker0043/Speaker0043_005.wav,Speaker0043,Speaker0043_005.wav,
/Users/gertrudisrms/Documents/Kuliah/Semester 6/Speech Processing/Projek_FInal_Speaker_Identification/data/50_speakers_audio_data/Speaker0043/Speaker0043_013.wav,Speaker0043,Speaker0043_013.wav,
/Users/gertrudisrms/Documents/Kuliah/Semester 6/Speech Processing/Projek_FInal_Speaker_Identification/data/50_speakers_audio_data/Speaker0043/Speaker0043_007.wav,Speaker0043,Speaker0043_007.wav,
/Users/gertrudisrms/Documents/Kuliah/Semester 6/Speech Processing/Projek_FInal_Speaker_Identification/data/50_speakers_audio_data/Speaker0043/Speaker0043_006.wav,Speaker0043,Speaker0043_006.wav,
/Users/gertrudisrms/Documents/Kuliah/Semester 6/Speech Processing/Projek_FInal_Speaker_Identification/data/50_speakers_audio_data/Speaker0043/Speaker0043_012.wav,Speaker0043,Speaker0043_012.wav,
/Users/gertrudisrms/Documents/Kuliah/Semester 6/Speech Processing/Projek_FInal_Speaker_Identification/data/50_speakers_audio_data/Speaker0043/Speaker0043_023.wav,Speaker0043,Speaker0043_023.wav,
/Users/gertrudisrms/Documents/Kuliah/Semester 6/Speech Processing/Projek_FInal_Speaker_Identification/data/50_speakers_audio_data/Speaker0043/Speaker0043_022.wav,Speaker0043,Speaker0043_022.wav,
/Users/gertrudisrms/Documents/Kuliah/Semester 6/Speech Processing/Projek_FInal_Speaker_Identification/data/50_speakers_audio_data/Speaker0043/Speaker0043_020.wav,Speaker0043,Speaker0043_020.wav,
/Users/gertrudisrms/Documents/Kuliah/Semester 6/Speech Processing/Projek_FInal_Speaker_Identification/data/50_speakers_audio_data/Speaker0043/Speaker0043_008.wav,Speaker0043,Speaker0043_008.wav,
/Users/gertrudisrms/Documents/Kuliah/Semester 6/Speech Processing/Projek_FInal_Speaker_Identification/data/50_speakers_audio_data/Speaker0043/Speaker0043_009.wav,Speaker0043,Speaker0043_009.wav,
/Users/gertrudisrms/Documents/Kuliah/Semester 6/Speech Processing/Projek_FInal_Speaker_Identification/data/50_speakers_audio_data/Speaker0043/Speaker0043_021.wav,Speaker0043,Speaker0043_021.wav,
/Users/gertrudisrms/Documents/Kuliah/Semester 6/Speech Processing/Projek_FInal_Speaker_Identification/data/50_speakers_audio_data/Speaker0043/Speaker0043_019.wav,Speaker0043,Speaker0043_019.wav,
/Users/gertrudisrms/Documents/Kuliah/Semester 6/Speech Processing/Projek_FInal_Speaker_Identification/data/50_speakers_audio_data/Speaker0043/Speaker0043_025.wav,Speaker0043,Speaker0043_025.wav,
/Users/gertrudisrms/Documents/Kuliah/Semester 6/Speech Processing/Projek_FInal_Speaker_Identification/data/50_speakers_audio_data/Speaker0043/Speaker0043_031.wav,Speaker0043,Speaker0043_031.wav,
/Users/gertrudisrms/Documents/Kuliah/Semester 6/Speech Processing/Projek_FInal_Speaker_Identification/data/50_speakers_audio_data/Speaker0043/Speaker0043_030.wav,Speaker0043,Speaker0043_030.wav,
/Users/gertrudisrms/Documents/Kuliah/Semester 6/Speech Processing/Projek_FInal_Speaker_Identification/data/50_speakers_audio_data/Speaker0043/Speaker0043_024.wav,Speaker0043,Speaker0043_024.wav,
/Users/gertrudisrms/Documents/Kuliah/Semester 6/Speech Processing/Projek_FInal_Speaker_Identification/data/50_speakers_audio_data/Speaker0043/Speaker0043_018.wav,Speaker0043,Speaker0043_018.wav,
/Users/gertrudisrms/Documents/Kuliah/Semester 6/Speech Processing/Projek_FInal_Speaker_Identification/data/50_speakers_audio_data/Speaker0043/Speaker0043_032.wav,Speaker0043,Speaker0043_032.wav,
/Users/gertrudisrms/Documents/Kuliah/Semester 6/Speech Processing/Projek_FInal_Speaker_Identification/data/50_speakers_audio_data/Speaker0043/Speaker0043_026.wav,Speaker0043,Speaker0043_026.wav,
/Users/gertrudisrms/Documents/Kuliah/Semester 6/Speech Processing/Projek_FInal_Speaker_Identification/data/50_speakers_audio_data/Speaker0043/Speaker0043_027.wav,Speaker0043,Speaker0043_027.wav,
/Users/gertrudisrms/Documents/Kuliah/Semester 6/Speech Processing/Projek_FInal_Speaker_Identification/data/50_speakers_audio_data/Speaker0043/Speaker0043_033.wav,Speaker0043,Speaker0043_033.wav,
/Users/gertrudisrms/Documents/Kuliah/Semester 6/Speech Processing/Projek_FInal_Speaker_Identification/data/50_speakers_audio_data/Speaker0044/Speaker0044_035.wav,Speaker0044,Speaker0044_035.wav,
/Users/gertrudisrms/Documents/Kuliah/Semester 6/Speech Processing/Projek_FInal_Speaker_Identification/data/50_speakers_audio_data/Speaker0044/Speaker0044_021.wav,Speaker0044,Speaker0044_021.wav,
/Users/gertrudisrms/Documents/Kuliah/Semester 6/Speech Processing/Projek_FInal_Speaker_Identification/data/50_speakers_audio_data/Speaker0044/Speaker0044_009.wav,Speaker0044,Speaker0044_009.wav,
/Users/gertrudisrms/Documents/Kuliah/Semester 6/Speech Processing/Projek_FInal_Speaker_Identification/data/50_speakers_audio_data/Speaker0044/Speaker0044_008.wav,Speaker0044,Speaker0044_008.wav,
/Users/gertrudisrms/Documents/Kuliah/Semester 6/Speech Processing/Projek_FInal_Speaker_Identification/data/50_speakers_audio_data/Speaker0044/Speaker0044_020.wav,Speaker0044,Speaker0044_020.wav,
/Users/gertrudisrms/Documents/Kuliah/Semester 6/Speech Processing/Projek_FInal_Speaker_Identification/data/50_speakers_audio_data/Speaker0044/Speaker0044_034.wav,Speaker0044,Speaker0044_034.wav,
/Users/gertrudisrms/Documents/Kuliah/Semester 6/Speech Processing/Projek_FInal_Speaker_Identification/data/50_speakers_audio_data/Speaker0044/Speaker0044_022.wav,Speaker0044,Speaker0044_022.wav,
/Users/gertrudisrms/Documents/Kuliah/Semester 6/Speech Processing/Projek_FInal_Speaker_Identification/data/50_speakers_audio_data/Speaker0044/Speaker0044_036.wav,Speaker0044,Speaker0044_036.wav,
/Users/gertrudisrms/Documents/Kuliah/Semester 6/Speech Processing/Projek_FInal_Speaker_Identification/data/50_speakers_audio_data/Speaker0044/Speaker0044_023.wav,Speaker0044,Speaker0044_023.wav,
/Users/gertrudisrms/Documents/Kuliah/Semester 6/Speech Processing/Projek_FInal_Speaker_Identification/data/50_speakers_audio_data/Speaker0044/Speaker0044_027.wav,Speaker0044,Speaker0044_027.wav,
/Users/gertrudisrms/Documents/Kuliah/Semester 6/Speech Processing/Projek_FInal_Speaker_Identification/data/50_speakers_audio_data/Speaker0044/Speaker0044_033.wav,Speaker0044,Speaker0044_033.wav,
/Users/gertrudisrms/Documents/Kuliah/Semester 6/Speech Processing/Projek_FInal_Speaker_Identification/data/50_speakers_audio_data/Speaker0044/Speaker0044_032.wav,Speaker0044,Speaker0044_032.wav,
/Users/gertrudisrms/Documents/Kuliah/Semester 6/Speech Processing/Projek_FInal_Speaker_Identification/data/50_speakers_audio_data/Speaker0044/Speaker0044_026.wav,Speaker0044,Speaker0044_026.wav,
/Users/gertrudisrms/Documents/Kuliah/Semester 6/Speech Processing/Projek_FInal_Speaker_Identification/data/50_speakers_audio_data/Speaker0044/Speaker0044_018.wav,Speaker0044,Speaker0044_018.wav,
/Users/gertrudisrms/Documents/Kuliah/Semester 6/Speech Processing/Projek_FInal_Speaker_Identification/data/50_speakers_audio_data/Speaker0044/Speaker0044_030.wav,Speaker0044,Speaker0044_030.wav,
/Users/gertrudisrms/Documents/Kuliah/Semester 6/Speech Processing/Projek_FInal_Speaker_Identification/data/50_speakers_audio_data/Speaker0044/Speaker0044_024.wav,Speaker0044,Speaker0044_024.wav,
/Users/gertrudisrms/Documents/Kuliah/Semester 6/Speech Processing/Projek_FInal_Speaker_Identification/data/50_speakers_audio_data/Speaker0044/Speaker0044_025.wav,Speaker0044,Speaker0044_025.wav,
/Users/gertrudisrms/Documents/Kuliah/Semester 6/Speech Processing/Projek_FInal_Speaker_Identification/data/50_speakers_audio_data/Speaker0044/Speaker0044_031.wav,Speaker0044,Speaker0044_031.wav,
/Users/gertrudisrms/Documents/Kuliah/Semester 6/Speech Processing/Projek_FInal_Speaker_Identification/data/50_speakers_audio_data/Speaker0044/Speaker0044_019.wav,Speaker0044,Speaker0044_019.wav,
/Users/gertrudisrms/Documents/Kuliah/Semester 6/Speech Processing/Projek_FInal_Speaker_Identification/data/50_speakers_audio_data/Speaker0044/Speaker0044_014.wav,Speaker0044,Speaker0044_014.wav,
/Users/gertrudisrms/Documents/Kuliah/Semester 6/Speech Processing/Projek_FInal_Speaker_Identification/data/50_speakers_audio_data/Speaker0044/Speaker0044_000.wav,Speaker0044,Speaker0044_000.wav,
/Users/gertrudisrms/Documents/Kuliah/Semester 6/Speech Processing/Projek_FInal_Speaker_Identification/data/50_speakers_audio_data/Speaker0044/Speaker0044_028.wav,Speaker0044,Speaker0044_028.wav,
/Users/gertrudisrms/Documents/Kuliah/Semester 6/Speech Processing/Projek_FInal_Speaker_Identification/data/50_speakers_audio_data/Speaker0044/Speaker0044_029.wav,Speaker0044,Speaker0044_029.wav,
/Users/gertrudisrms/Documents/Kuliah/Semester 6/Speech Processing/Projek_FInal_Speaker_Identification/data/50_speakers_audio_data/Speaker0044/Speaker0044_001.wav,Speaker0044,Speaker0044_001.wav,
/Users/gertrudisrms/Documents/Kuliah/Semester 6/Speech Processing/Projek_FInal_Speaker_Identification/data/50_speakers_audio_data/Speaker0044/Speaker0044_015.wav,Speaker0044,Speaker0044_015.wav,
/Users/gertrudisrms/Documents/Kuliah/Semester 6/Speech Processing/Projek_FInal_Speaker_Identification/data/50_speakers_audio_data/Speaker0044/Speaker0044_003.wav,Speaker0044,Speaker0044_003.wav,
/Users/gertrudisrms/Documents/Kuliah/Semester 6/Speech Processing/Projek_FInal_Speaker_Identification/data/50_speakers_audio_data/Speaker0044/Speaker0044_017.wav,Speaker0044,Speaker0044_017.wav,
/Users/gertrudisrms/Documents/Kuliah/Semester 6/Speech Processing/Projek_FInal_Speaker_Identification/data/50_speakers_audio_data/Speaker0044/Speaker0044_016.wav,Speaker0044,Speaker0044_016.wav,
/Users/gertrudisrms/Documents/Kuliah/Semester 6/Speech Processing/Projek_FInal_Speaker_Identification/data/50_speakers_audio_data/Speaker0044/Speaker0044_002.wav,Speaker0044,Speaker0044_002.wav,
/Users/gertrudisrms/Documents/Kuliah/Semester 6/Speech Processing/Projek_FInal_Speaker_Identification/data/50_speakers_audio_data/Speaker0044/Speaker0044_006.wav,Speaker0044,Speaker0044_006.wav,
/Users/gertrudisrms/Documents/Kuliah/Semester 6/Speech Processing/Projek_FInal_Speaker_Identification/data/50_speakers_audio_data/Speaker0044/Speaker0044_012.wav,Speaker0044,Speaker0044_012.wav,
/Users/gertrudisrms/Documents/Kuliah/Semester 6/Speech Processing/Projek_FInal_Speaker_Identification/data/50_speakers_audio_data/Speaker0044/Speaker0044_013.wav,Speaker0044,Speaker0044_013.wav,
/Users/gertrudisrms/Documents/Kuliah/Semester 6/Speech Processing/Projek_FInal_Speaker_Identification/data/50_speakers_audio_data/Speaker0044/Speaker0044_007.wav,Speaker0044,Speaker0044_007.wav,
/Users/gertrudisrms/Documents/Kuliah/Semester 6/Speech Processing/Projek_FInal_Speaker_Identification/data/50_speakers_audio_data/Speaker0044/Speaker0044_011.wav,Speaker0044,Speaker0044_011.wav,
/Users/gertrudisrms/Documents/Kuliah/Semester 6/Speech Processing/Projek_FInal_Speaker_Identification/data/50_speakers_audio_data/Speaker0044/Speaker0044_005.wav,Speaker0044,Speaker0044_005.wav,
/Users/gertrudisrms/Documents/Kuliah/Semester 6/Speech Processing/Projek_FInal_Speaker_Identification/data/50_speakers_audio_data/Speaker0044/Speaker0044_004.wav,Speaker0044,Speaker0044_004.wav,
/Users/gertrudisrms/Documents/Kuliah/Semester 6/Speech Processing/Projek_FInal_Speaker_Identification/data/50_speakers_audio_data/Speaker0044/Speaker0044_010.wav,Speaker0044,Speaker0044_010.wav,
/Users/gertrudisrms/Documents/Kuliah/Semester 6/Speech Processing/Projek_FInal_Speaker_Identification/data/50_speakers_audio_data/Speaker0028/Speaker28_033.wav,Speaker0028,Speaker28_033.wav,60.00036281179138
/Users/gertrudisrms/Documents/Kuliah/Semester 6/Speech Processing/Projek_FInal_Speaker_Identification/data/50_speakers_audio_data/Speaker0028/Speaker28_027.wav,Speaker0028,Speaker28_027.wav,60.00036281179138
/Users/gertrudisrms/Documents/Kuliah/Semester 6/Speech Processing/Projek_FInal_Speaker_Identification/data/50_speakers_audio_data/Speaker0028/Speaker28_026.wav,Speaker0028,Speaker28_026.wav,60.00036281179138
/Users/gertrudisrms/Documents/Kuliah/Semester 6/Speech Processing/Projek_FInal_Speaker_Identification/data/50_speakers_audio_data/Speaker0028/Speaker28_032.wav,Speaker0028,Speaker28_032.wav,60.00036281179138
/Users/gertrudisrms/Documents/Kuliah/Semester 6/Speech Processing/Projek_FInal_Speaker_Identification/data/50_speakers_audio_data/Speaker0028/Speaker28_018.wav,Speaker0028,Speaker28_018.wav,60.00036281179138
/Users/gertrudisrms/Documents/Kuliah/Semester 6/Speech Processing/Projek_FInal_Speaker_Identification/data/50_speakers_audio_data/Speaker0028/Speaker28_024.wav,Speaker0028,Speaker28_024.wav,60.00036281179138
/Users/gertrudisrms/Documents/Kuliah/Semester 6/Speech Processing/Projek_FInal_Speaker_Identification/data/50_speakers_audio_data/Speaker0028/Speaker28_030.wav,Speaker0028,Speaker28_030.wav,60.00036281179138
/Users/gertrudisrms/Documents/Kuliah/Semester 6/Speech Processing/Projek_FInal_Speaker_Identification/data/50_speakers_audio_data/Speaker0028/Speaker28_031.wav,Speaker0028,Speaker28_031.wav,60.00036281179138
/Users/gertrudisrms/Documents/Kuliah/Semester 6/Speech Processing/Projek_FInal_Speaker_Identification/data/50_speakers_audio_data/Speaker0028/Speaker28_025.wav,Speaker0028,Speaker28_025.wav,60.00036281179138
/Users/gertrudisrms/Documents/Kuliah/Semester 6/Speech Processing/Projek_FInal_Speaker_Identification/data/50_speakers_audio_data/Speaker0028/Speaker28_019.wav,Speaker0028,Speaker28_019.wav,60.00036281179138
/Users/gertrudisrms/Documents/Kuliah/Semester 6/Speech Processing/Projek_FInal_Speaker_Identification/data/50_speakers_audio_data/Speaker0028/Speaker28_021.wav,Speaker0028,Speaker28_021.wav,60.00036281179138
/Users/gertrudisrms/Documents/Kuliah/Semester 6/Speech Processing/Projek_FInal_Speaker_Identification/data/50_speakers_audio_data/Speaker0028/Speaker28_035.wav,Speaker0028,Speaker28_035.wav,60.00036281179138
/Users/gertrudisrms/Documents/Kuliah/Semester 6/Speech Processing/Projek_FInal_Speaker_Identification/data/50_speakers_audio_data/Speaker0028/Speaker28_009.wav,Speaker0028,Speaker28_009.wav,60.00036281179138
/Users/gertrudisrms/Documents/Kuliah/Semester 6/Speech Processing/Projek_FInal_Speaker_Identification/data/50_speakers_audio_data/Speaker0028/Speaker28_008.wav,Speaker0028,Speaker28_008.wav,60.00036281179138
/Users/gertrudisrms/Documents/Kuliah/Semester 6/Speech Processing/Projek_FInal_Speaker_Identification/data/50_speakers_audio_data/Speaker0028/Speaker28_034.wav,Speaker0028,Speaker28_034.wav,60.00036281179138
/Users/gertrudisrms/Documents/Kuliah/Semester 6/Speech Processing/Projek_FInal_Speaker_Identification/data/50_speakers_audio_data/Speaker0028/Speaker28_020.wav,Speaker0028,Speaker28_020.wav,60.00036281179138
/Users/gertrudisrms/Documents/Kuliah/Semester 6/Speech Processing/Projek_FInal_Speaker_Identification/data/50_speakers_audio_data/Speaker0028/Speaker28_036.wav,Speaker0028,Speaker28_036.wav,60.00036281179138
/Users/gertrudisrms/Documents/Kuliah/Semester 6/Speech Processing/Projek_FInal_Speaker_Identification/data/50_speakers_audio_data/Speaker0028/Speaker28_022.wav,Speaker0028,Speaker28_022.wav,60.00036281179138
/Users/gertrudisrms/Documents/Kuliah/Semester 6/Speech Processing/Projek_FInal_Speaker_Identification/data/50_speakers_audio_data/Speaker0028/Speaker28_023.wav,Speaker0028,Speaker28_023.wav,60.00036281179138
/Users/gertrudisrms/Documents/Kuliah/Semester 6/Speech Processing/Projek_FInal_Speaker_Identification/data/50_speakers_audio_data/Speaker0028/Speaker28_037.wav,Speaker0028,Speaker28_037.wav,60.00036281179138
/Users/gertrudisrms/Documents/Kuliah/Semester 6/Speech Processing/Projek_FInal_Speaker_Identification/data/50_speakers_audio_data/Speaker0028/Speaker28_050.wav,Speaker0028,Speaker28_050.wav,60.00036281179138
/Users/gertrudisrms/Documents/Kuliah/Semester 6/Speech Processing/Projek_FInal_Speaker_Identification/data/50_speakers_audio_data/Speaker0028/Speaker28_044.wav,Speaker0028,Speaker28_044.wav,60.00036281179138
/Users/gertrudisrms/Documents/Kuliah/Semester 6/Speech Processing/Projek_FInal_Speaker_Identification/data/50_speakers_audio_data/Speaker0028/Speaker28_045.wav,Speaker0028,Speaker28_045.wav,60.00036281179138
/Users/gertrudisrms/Documents/Kuliah/Semester 6/Speech Processing/Projek_FInal_Speaker_Identification/data/50_speakers_audio_data/Speaker0028/Speaker28_051.wav,Speaker0028,Speaker28_051.wav,60.00036281179138
/Users/gertrudisrms/Documents/Kuliah/Semester 6/Speech Processing/Projek_FInal_Speaker_Identification/data/50_speakers_audio_data/Speaker0028/Speaker28_047.wav,Speaker0028,Speaker28_047.wav,60.00036281179138
/Users/gertrudisrms/Documents/Kuliah/Semester 6/Speech Processing/Projek_FInal_Speaker_Identification/data/50_speakers_audio_data/Speaker0028/Speaker28_053.wav,Speaker0028,Speaker28_053.wav,60.00036281179138
/Users/gertrudisrms/Documents/Kuliah/Semester 6/Speech Processing/Projek_FInal_Speaker_Identification/data/50_speakers_audio_data/Speaker0028/Speaker28_052.wav,Speaker0028,Speaker28_052.wav,60.00036281179138
/Users/gertrudisrms/Documents/Kuliah/Semester 6/Speech Processing/Projek_FInal_Speaker_Identification/data/50_speakers_audio_data/Speaker0028/Speaker28_046.wav,Speaker0028,Speaker28_046.wav,60.00036281179138
/Users/gertrudisrms/Documents/Kuliah/Semester 6/Speech Processing/Projek_FInal_Speaker_Identification/data/50_speakers_audio_data/Speaker0028/Speaker28_042.wav,Speaker0028,Speaker28_042.wav,60.00036281179138
/Users/gertrudisrms/Documents/Kuliah/Semester 6/Speech Processing/Projek_FInal_Speaker_Identification/data/50_speakers_audio_data/Speaker0028/Speaker28_056.wav,Speaker0028,Speaker28_056.wav,60.00036281179138
/Users/gertrudisrms/Documents/Kuliah/Semester 6/Speech Processing/Projek_FInal_Speaker_Identification/data/50_speakers_audio_data/Speaker0028/Speaker28_057.wav,Speaker0028,Speaker28_057.wav,60.00036281179138
/Users/gertrudisrms/Documents/Kuliah/Semester 6/Speech Processing/Projek_FInal_Speaker_Identification/data/50_speakers_audio_data/Speaker0028/Speaker28_043.wav,Speaker0028,Speaker28_043.wav,60.00036281179138
/Users/gertrudisrms/Documents/Kuliah/Semester 6/Speech Processing/Projek_FInal_Speaker_Identification/data/50_speakers_audio_data/Speaker0028/Speaker28_055.wav,Speaker0028,Speaker28_055.wav,60.00036281179138
/Users/gertrudisrms/Documents/Kuliah/Semester 6/Speech Processing/Projek_FInal_Speaker_Identification/data/50_speakers_audio_data/Speaker0028/Speaker28_041.wav,Speaker0028,Speaker28_041.wav,60.00036281179138
/Users/gertrudisrms/Documents/Kuliah/Semester 6/Speech Processing/Projek_FInal_Speaker_Identification/data/50_speakers_audio_data/Speaker0028/Speaker28_040.wav,Speaker0028,Speaker28_040.wav,60.00036281179138
/Users/gertrudisrms/Documents/Kuliah/Semester 6/Speech Processing/Projek_FInal_Speaker_Identification/data/50_speakers_audio_data/Speaker0028/Speaker28_054.wav,Speaker0028,Speaker28_054.wav,60.00036281179138
/Users/gertrudisrms/Documents/Kuliah/Semester 6/Speech Processing/Projek_FInal_Speaker_Identification/data/50_speakers_audio_data/Speaker0028/Speaker28_058.wav,Speaker0028,Speaker28_058.wav,27.100589569161
/Users/gertrudisrms/Documents/Kuliah/Semester 6/Speech Processing/Projek_FInal_Speaker_Identification/data/50_speakers_audio_data/Speaker0028/Speaker28_048.wav,Speaker0028,Speaker28_048.wav,60.00036281179138
/Users/gertrudisrms/Documents/Kuliah/Semester 6/Speech Processing/Projek_FInal_Speaker_Identification/data/50_speakers_audio_data/Speaker0028/Speaker28_049.wav,Speaker0028,Speaker28_049.wav,60.00036281179138
/Users/gertrudisrms/Documents/Kuliah/Semester 6/Speech Processing/Projek_FInal_Speaker_Identification/data/50_speakers_audio_data/Speaker0028/Speaker28_012.wav,Speaker0028,Speaker28_012.wav,60.00036281179138
/Users/gertrudisrms/Documents/Kuliah/Semester 6/Speech Processing/Projek_FInal_Speaker_Identification/data/50_speakers_audio_data/Speaker0028/Speaker28_006.wav,Speaker0028,Speaker28_006.wav,60.00036281179138
/Users/gertrudisrms/Documents/Kuliah/Semester 6/Speech Processing/Projek_FInal_Speaker_Identification/data/50_speakers_audio_data/Speaker0028/Speaker28_007.wav,Speaker0028,Speaker28_007.wav,60.00036281179138
/Users/gertrudisrms/Documents/Kuliah/Semester 6/Speech Processing/Projek_FInal_Speaker_Identification/data/50_speakers_audio_data/Speaker0028/Speaker28_013.wav,Speaker0028,Speaker28_013.wav,60.00036281179138
/Users/gertrudisrms/Documents/Kuliah/Semester 6/Speech Processing/Projek_FInal_Speaker_Identification/data/50_speakers_audio_data/Speaker0028/Speaker28_039.wav,Speaker0028,Speaker28_039.wav,60.00036281179138
/Users/gertrudisrms/Documents/Kuliah/Semester 6/Speech Processing/Projek_FInal_Speaker_Identification/data/50_speakers_audio_data/Speaker0028/Speaker28_005.wav,Speaker0028,Speaker28_005.wav,60.00036281179138
/Users/gertrudisrms/Documents/Kuliah/Semester 6/Speech Processing/Projek_FInal_Speaker_Identification/data/50_speakers_audio_data/Speaker0028/Speaker28_011.wav,Speaker0028,Speaker28_011.wav,60.00036281179138
/Users/gertrudisrms/Documents/Kuliah/Semester 6/Speech Processing/Projek_FInal_Speaker_Identification/data/50_speakers_audio_data/Speaker0028/Speaker28_010.wav,Speaker0028,Speaker28_010.wav,60.00036281179138
/Users/gertrudisrms/Documents/Kuliah/Semester 6/Speech Processing/Projek_FInal_Speaker_Identification/data/50_speakers_audio_data/Speaker0028/Speaker28_004.wav,Speaker0028,Speaker28_004.wav,60.00036281179138
/Users/gertrudisrms/Documents/Kuliah/Semester 6/Speech Processing/Projek_FInal_Speaker_Identification/data/50_speakers_audio_data/Speaker0028/Speaker28_038.wav,Speaker0028,Speaker28_038.wav,60.00036281179138
/Users/gertrudisrms/Documents/Kuliah/Semester 6/Speech Processing/Projek_FInal_Speaker_Identification/data/50_speakers_audio_data/Speaker0028/Speaker28_000.wav,Speaker0028,Speaker28_000.wav,60.00036281179138
/Users/gertrudisrms/Documents/Kuliah/Semester 6/Speech Processing/Projek_FInal_Speaker_Identification/data/50_speakers_audio_data/Speaker0028/Speaker28_014.wav,Speaker0028,Speaker28_014.wav,60.00036281179138
/Users/gertrudisrms/Documents/Kuliah/Semester 6/Speech Processing/Projek_FInal_Speaker_Identification/data/50_speakers_audio_data/Speaker0028/Speaker28_028.wav,Speaker0028,Speaker28_028.wav,60.00036281179138
/Users/gertrudisrms/Documents/Kuliah/Semester 6/Speech Processing/Projek_FInal_Speaker_Identification/data/50_speakers_audio_data/Speaker0028/Speaker28_029.wav,Speaker0028,Speaker28_029.wav,60.00036281179138
/Users/gertrudisrms/Documents/Kuliah/Semester 6/Speech Processing/Projek_FInal_Speaker_Identification/data/50_speakers_audio_data/Speaker0028/Speaker28_015.wav,Speaker0028,Speaker28_015.wav,60.00036281179138
/Users/gertrudisrms/Documents/Kuliah/Semester 6/Speech Processing/Projek_FInal_Speaker_Identification/data/50_speakers_audio_data/Speaker0028/Speaker28_001.wav,Speaker0028,Speaker28_001.wav,60.00036281179138
/Users/gertrudisrms/Documents/Kuliah/Semester 6/Speech Processing/Projek_FInal_Speaker_Identification/data/50_speakers_audio_data/Speaker0028/Speaker28_017.wav,Speaker0028,Speaker28_017.wav,60.00036281179138
/Users/gertrudisrms/Documents/Kuliah/Semester 6/Speech Processing/Projek_FInal_Speaker_Identification/data/50_speakers_audio_data/Speaker0028/Speaker28_003.wav,Speaker0028,Speaker28_003.wav,60.00036281179138
/Users/gertrudisrms/Documents/Kuliah/Semester 6/Speech Processing/Projek_FInal_Speaker_Identification/data/50_speakers_audio_data/Speaker0028/Speaker28_002.wav,Speaker0028,Speaker28_002.wav,60.00036281179138
/Users/gertrudisrms/Documents/Kuliah/Semester 6/Speech Processing/Projek_FInal_Speaker_Identification/data/50_speakers_audio_data/Speaker0028/Speaker28_016.wav,Speaker0028,Speaker28_016.wav,60.00036281179138
/Users/gertrudisrms/Documents/Kuliah/Semester 6/Speech Processing/Projek_FInal_Speaker_Identification/data/50_speakers_audio_data/Speaker0026/Speaker26_013.wav,Speaker0026,Speaker26_013.wav,60.00036281179138
/Users/gertrudisrms/Documents/Kuliah/Semester 6/Speech Processing/Projek_FInal_Speaker_Identification/data/50_speakers_audio_data/Speaker0026/Speaker26_007.wav,Speaker0026,Speaker26_007.wav,60.00036281179138
/Users/gertrudisrms/Documents/Kuliah/Semester 6/Speech Processing/Projek_FInal_Speaker_Identification/data/50_speakers_audio_data/Speaker0026/Speaker26_006.wav,Speaker0026,Speaker26_006.wav,60.00036281179138
/Users/gertrudisrms/Documents/Kuliah/Semester 6/Speech Processing/Projek_FInal_Speaker_Identification/data/50_speakers_audio_data/Speaker0026/Speaker26_012.wav,Speaker0026,Speaker26_012.wav,60.00036281179138
/Users/gertrudisrms/Documents/Kuliah/Semester 6/Speech Processing/Projek_FInal_Speaker_Identification/data/50_speakers_audio_data/Speaker0026/Speaker26_038.wav,Speaker0026,Speaker26_038.wav,60.00036281179138
/Users/gertrudisrms/Documents/Kuliah/Semester 6/Speech Processing/Projek_FInal_Speaker_Identification/data/50_speakers_audio_data/Speaker0026/Speaker26_004.wav,Speaker0026,Speaker26_004.wav,60.00036281179138
/Users/gertrudisrms/Documents/Kuliah/Semester 6/Speech Processing/Projek_FInal_Speaker_Identification/data/50_speakers_audio_data/Speaker0026/Speaker26_010.wav,Speaker0026,Speaker26_010.wav,60.00036281179138
/Users/gertrudisrms/Documents/Kuliah/Semester 6/Speech Processing/Projek_FInal_Speaker_Identification/data/50_speakers_audio_data/Speaker0026/Speaker26_011.wav,Speaker0026,Speaker26_011.wav,60.00036281179138
/Users/gertrudisrms/Documents/Kuliah/Semester 6/Speech Processing/Projek_FInal_Speaker_Identification/data/50_speakers_audio_data/Speaker0026/Speaker26_005.wav,Speaker0026,Speaker26_005.wav,60.00036281179138
/Users/gertrudisrms/Documents/Kuliah/Semester 6/Speech Processing/Projek_FInal_Speaker_Identification/data/50_speakers_audio_data/Speaker0026/Speaker26_039.wav,Speaker0026,Speaker26_039.wav,60.00036281179138
/Users/gertrudisrms/Documents/Kuliah/Semester 6/Speech Processing/Projek_FInal_Speaker_Identification/data/50_speakers_audio_data/Speaker0026/Speaker26_001.wav,Speaker0026,Speaker26_001.wav,60.00036281179138
/Users/gertrudisrms/Documents/Kuliah/Semester 6/Speech Processing/Projek_FInal_Speaker_Identification/data/50_speakers_audio_data/Speaker0026/Speaker26_015.wav,Speaker0026,Speaker26_015.wav,60.00036281179138
/Users/gertrudisrms/Documents/Kuliah/Semester 6/Speech Processing/Projek_FInal_Speaker_Identification/data/50_speakers_audio_data/Speaker0026/Speaker26_029.wav,Speaker0026,Speaker26_029.wav,60.00036281179138
/Users/gertrudisrms/Documents/Kuliah/Semester 6/Speech Processing/Projek_FInal_Speaker_Identification/data/50_speakers_audio_data/Speaker0026/Speaker26_028.wav,Speaker0026,Speaker26_028.wav,60.00036281179138
/Users/gertrudisrms/Documents/Kuliah/Semester 6/Speech Processing/Projek_FInal_Speaker_Identification/data/50_speakers_audio_data/Speaker0026/Speaker26_014.wav,Speaker0026,Speaker26_014.wav,60.00036281179138
/Users/gertrudisrms/Documents/Kuliah/Semester 6/Speech Processing/Projek_FInal_Speaker_Identification/data/50_speakers_audio_data/Speaker0026/Speaker26_000.wav,Speaker0026,Speaker26_000.wav,60.00036281179138
/Users/gertrudisrms/Documents/Kuliah/Semester 6/Speech Processing/Projek_FInal_Speaker_Identification/data/50_speakers_audio_data/Speaker0026/Speaker26_016.wav,Speaker0026,Speaker26_016.wav,60.00036281179138
/Users/gertrudisrms/Documents/Kuliah/Semester 6/Speech Processing/Projek_FInal_Speaker_Identification/data/50_speakers_audio_data/Speaker0026/Speaker26_002.wav,Speaker0026,Speaker26_002.wav,60.00036281179138
/Users/gertrudisrms/Documents/Kuliah/Semester 6/Speech Processing/Projek_FInal_Speaker_Identification/data/50_speakers_audio_data/Speaker0026/Speaker26_003.wav,Speaker0026,Speaker26_003.wav,60.00036281179138
/Users/gertrudisrms/Documents/Kuliah/Semester 6/Speech Processing/Projek_FInal_Speaker_Identification/data/50_speakers_audio_data/Speaker0026/Speaker26_017.wav,Speaker0026,Speaker26_017.wav,60.00036281179138
/Users/gertrudisrms/Documents/Kuliah/Semester 6/Speech Processing/Projek_FInal_Speaker_Identification/data/50_speakers_audio_data/Speaker0026/Speaker26_032.wav,Speaker0026,Speaker26_032.wav,60.00036281179138
/Users/gertrudisrms/Documents/Kuliah/Semester 6/Speech Processing/Projek_FInal_Speaker_Identification/data/50_speakers_audio_data/Speaker0026/Speaker26_026.wav,Speaker0026,Speaker26_026.wav,60.00036281179138
/Users/gertrudisrms/Documents/Kuliah/Semester 6/Speech Processing/Projek_FInal_Speaker_Identification/data/50_speakers_audio_data/Speaker0026/Speaker26_027.wav,Speaker0026,Speaker26_027.wav,60.00036281179138
/Users/gertrudisrms/Documents/Kuliah/Semester 6/Speech Processing/Projek_FInal_Speaker_Identification/data/50_speakers_audio_data/Speaker0026/Speaker26_033.wav,Speaker0026,Speaker26_033.wav,60.00036281179138
/Users/gertrudisrms/Documents/Kuliah/Semester 6/Speech Processing/Projek_FInal_Speaker_Identification/data/50_speakers_audio_data/Speaker0026/Speaker26_019.wav,Speaker0026,Speaker26_019.wav,60.00036281179138
/Users/gertrudisrms/Documents/Kuliah/Semester 6/Speech Processing/Projek_FInal_Speaker_Identification/data/50_speakers_audio_data/Speaker0026/Speaker26_025.wav,Speaker0026,Speaker26_025.wav,60.00036281179138
/Users/gertrudisrms/Documents/Kuliah/Semester 6/Speech Processing/Projek_FInal_Speaker_Identification/data/50_speakers_audio_data/Speaker0026/Speaker26_031.wav,Speaker0026,Speaker26_031.wav,60.00036281179138
/Users/gertrudisrms/Documents/Kuliah/Semester 6/Speech Processing/Projek_FInal_Speaker_Identification/data/50_speakers_audio_data/Speaker0026/Speaker26_030.wav,Speaker0026,Speaker26_030.wav,60.00036281179138
/Users/gertrudisrms/Documents/Kuliah/Semester 6/Speech Processing/Projek_FInal_Speaker_Identification/data/50_speakers_audio_data/Speaker0026/Speaker26_024.wav,Speaker0026,Speaker26_024.wav,60.00036281179138
/Users/gertrudisrms/Documents/Kuliah/Semester 6/Speech Processing/Projek_FInal_Speaker_Identification/data/50_speakers_audio_data/Speaker0026/Speaker26_018.wav,Speaker0026,Speaker26_018.wav,60.00036281179138
/Users/gertrudisrms/Documents/Kuliah/Semester 6/Speech Processing/Projek_FInal_Speaker_Identification/data/50_speakers_audio_data/Speaker0026/Speaker26_020.wav,Speaker0026,Speaker26_020.wav,60.00036281179138
/Users/gertrudisrms/Documents/Kuliah/Semester 6/Speech Processing/Projek_FInal_Speaker_Identification/data/50_speakers_audio_data/Speaker0026/Speaker26_034.wav,Speaker0026,Speaker26_034.wav,60.00036281179138
/Users/gertrudisrms/Documents/Kuliah/Semester 6/Speech Processing/Projek_FInal_Speaker_Identification/data/50_speakers_audio_data/Speaker0026/Speaker26_008.wav,Speaker0026,Speaker26_008.wav,60.00036281179138
/Users/gertrudisrms/Documents/Kuliah/Semester 6/Speech Processing/Projek_FInal_Speaker_Identification/data/50_speakers_audio_data/Speaker0026/Speaker26_009.wav,Speaker0026,Speaker26_009.wav,60.00036281179138
/Users/gertrudisrms/Documents/Kuliah/Semester 6/Speech Processing/Projek_FInal_Speaker_Identification/data/50_speakers_audio_data/Speaker0026/Speaker26_035.wav,Speaker0026,Speaker26_035.wav,60.00036281179138
/Users/gertrudisrms/Documents/Kuliah/Semester 6/Speech Processing/Projek_FInal_Speaker_Identification/data/50_speakers_audio_data/Speaker0026/Speaker26_021.wav,Speaker0026,Speaker26_021.wav,60.00036281179138
/Users/gertrudisrms/Documents/Kuliah/Semester 6/Speech Processing/Projek_FInal_Speaker_Identification/data/50_speakers_audio_data/Speaker0026/Speaker26_037.wav,Speaker0026,Speaker26_037.wav,60.00036281179138
/Users/gertrudisrms/Documents/Kuliah/Semester 6/Speech Processing/Projek_FInal_Speaker_Identification/data/50_speakers_audio_data/Speaker0026/Speaker26_023.wav,Speaker0026,Speaker26_023.wav,60.00036281179138
/Users/gertrudisrms/Documents/Kuliah/Semester 6/Speech Processing/Projek_FInal_Speaker_Identification/data/50_speakers_audio_data/Speaker0026/Speaker26_022.wav,Speaker0026,Speaker26_022.wav,60.00036281179138
/Users/gertrudisrms/Documents/Kuliah/Semester 6/Speech Processing/Projek_FInal_Speaker_Identification/data/50_speakers_audio_data/Speaker0026/Speaker26_036.wav,Speaker0026,Speaker26_036.wav,60.00036281179138
/Users/gertrudisrms/Documents/Kuliah/Semester 6/Speech Processing/Projek_FInal_Speaker_Identification/data/50_speakers_audio_data/Speaker0026/Speaker26_044.wav,Speaker0026,Speaker26_044.wav,14.782403628117914
/Users/gertrudisrms/Documents/Kuliah/Semester 6/Speech Processing/Projek_FInal_Speaker_Identification/data/50_speakers_audio_data/Speaker0026/Speaker26_043.wav,Speaker0026,Speaker26_043.wav,60.00036281179138
/Users/gertrudisrms/Documents/Kuliah/Semester 6/Speech Processing/Projek_FInal_Speaker_Identification/data/50_speakers_audio_data/Speaker0026/Speaker26_042.wav,Speaker0026,Speaker26_042.wav,60.00036281179138
/Users/gertrudisrms/Documents/Kuliah/Semester 6/Speech Processing/Projek_FInal_Speaker_Identification/data/50_speakers_audio_data/Speaker0026/Speaker26_040.wav,Speaker0026,Speaker26_040.wav,60.00036281179138
/Users/gertrudisrms/Documents/Kuliah/Semester 6/Speech Processing/Projek_FInal_Speaker_Identification/data/50_speakers_audio_data/Speaker0026/Speaker26_041.wav,Speaker0026,Speaker26_041.wav,60.00036281179138
/Users/gertrudisrms/Documents/Kuliah/Semester 6/Speech Processing/Projek_FInal_Speaker_Identification/data/50_speakers_audio_data/Speaker0045/Speaker0045_041.wav,Speaker0045,Speaker0045_041.wav,27.704308390022675
/Users/gertrudisrms/Documents/Kuliah/Semester 6/Speech Processing/Projek_FInal_Speaker_Identification/data/50_speakers_audio_data/Speaker0045/Speaker0045_040.wav,Speaker0045,Speaker0045_040.wav,60.00036281179138
/Users/gertrudisrms/Documents/Kuliah/Semester 6/Speech Processing/Projek_FInal_Speaker_Identification/data/50_speakers_audio_data/Speaker0045/Speaker0045_024.wav,Speaker0045,Speaker0045_024.wav,60.00036281179138
/Users/gertrudisrms/Documents/Kuliah/Semester 6/Speech Processing/Projek_FInal_Speaker_Identification/data/50_speakers_audio_data/Speaker0045/Speaker0045_030.wav,Speaker0045,Speaker0045_030.wav,60.00036281179138
/Users/gertrudisrms/Documents/Kuliah/Semester 6/Speech Processing/Projek_FInal_Speaker_Identification/data/50_speakers_audio_data/Speaker0045/Speaker0045_018.wav,Speaker0045,Speaker0045_018.wav,60.00036281179138
/Users/gertrudisrms/Documents/Kuliah/Semester 6/Speech Processing/Projek_FInal_Speaker_Identification/data/50_speakers_audio_data/Speaker0045/Speaker0045_019.wav,Speaker0045,Speaker0045_019.wav,60.00036281179138
/Users/gertrudisrms/Documents/Kuliah/Semester 6/Speech Processing/Projek_FInal_Speaker_Identification/data/50_speakers_audio_data/Speaker0045/Speaker0045_031.wav,Speaker0045,Speaker0045_031.wav,60.00036281179138
/Users/gertrudisrms/Documents/Kuliah/Semester 6/Speech Processing/Projek_FInal_Speaker_Identification/data/50_speakers_audio_data/Speaker0045/Speaker0045_025.wav,Speaker0045,Speaker0045_025.wav,60.00036281179138
/Users/gertrudisrms/Documents/Kuliah/Semester 6/Speech Processing/Projek_FInal_Speaker_Identification/data/50_speakers_audio_data/Speaker0045/Speaker0045_033.wav,Speaker0045,Speaker0045_033.wav,60.00036281179138
/Users/gertrudisrms/Documents/Kuliah/Semester 6/Speech Processing/Projek_FInal_Speaker_Identification/data/50_speakers_audio_data/Speaker0045/Speaker0045_027.wav,Speaker0045,Speaker0045_027.wav,60.00036281179138
/Users/gertrudisrms/Documents/Kuliah/Semester 6/Speech Processing/Projek_FInal_Speaker_Identification/data/50_speakers_audio_data/Speaker0045/Speaker0045_026.wav,Speaker0045,Speaker0045_026.wav,60.00036281179138
/Users/gertrudisrms/Documents/Kuliah/Semester 6/Speech Processing/Projek_FInal_Speaker_Identification/data/50_speakers_audio_data/Speaker0045/Speaker0045_032.wav,Speaker0045,Speaker0045_032.wav,60.00036281179138
/Users/gertrudisrms/Documents/Kuliah/Semester 6/Speech Processing/Projek_FInal_Speaker_Identification/data/50_speakers_audio_data/Speaker0045/Speaker0045_036.wav,Speaker0045,Speaker0045_036.wav,60.00036281179138
/Users/gertrudisrms/Documents/Kuliah/Semester 6/Speech Processing/Projek_FInal_Speaker_Identification/data/50_speakers_audio_data/Speaker0045/Speaker0045_022.wav,Speaker0045,Speaker0045_022.wav,60.00036281179138
/Users/gertrudisrms/Documents/Kuliah/Semester 6/Speech Processing/Projek_FInal_Speaker_Identification/data/50_speakers_audio_data/Speaker0045/Speaker0045_023.wav,Speaker0045,Speaker0045_023.wav,60.00036281179138
/Users/gertrudisrms/Documents/Kuliah/Semester 6/Speech Processing/Projek_FInal_Speaker_Identification/data/50_speakers_audio_data/Speaker0045/Speaker0045_037.wav,Speaker0045,Speaker0045_037.wav,60.00036281179138
/Users/gertrudisrms/Documents/Kuliah/Semester 6/Speech Processing/Projek_FInal_Speaker_Identification/data/50_speakers_audio_data/Speaker0045/Speaker0045_009.wav,Speaker0045,Speaker0045_009.wav,60.00036281179138
/Users/gertrudisrms/Documents/Kuliah/Semester 6/Speech Processing/Projek_FInal_Speaker_Identification/data/50_speakers_audio_data/Speaker0045/Speaker0045_021.wav,Speaker0045,Speaker0045_021.wav,60.00036281179138
/Users/gertrudisrms/Documents/Kuliah/Semester 6/Speech Processing/Projek_FInal_Speaker_Identification/data/50_speakers_audio_data/Speaker0045/Speaker0045_035.wav,Speaker0045,Speaker0045_035.wav,60.00036281179138
/Users/gertrudisrms/Documents/Kuliah/Semester 6/Speech Processing/Projek_FInal_Speaker_Identification/data/50_speakers_audio_data/Speaker0045/Speaker0045_034.wav,Speaker0045,Speaker0045_034.wav,60.00036281179138
/Users/gertrudisrms/Documents/Kuliah/Semester 6/Speech Processing/Projek_FInal_Speaker_Identification/data/50_speakers_audio_data/Speaker0045/Speaker0045_020.wav,Speaker0045,Speaker0045_020.wav,60.00036281179138
/Users/gertrudisrms/Documents/Kuliah/Semester 6/Speech Processing/Projek_FInal_Speaker_Identification/data/50_speakers_audio_data/Speaker0045/Speaker0045_008.wav,Speaker0045,Speaker0045_008.wav,60.00036281179138
/Users/gertrudisrms/Documents/Kuliah/Semester 6/Speech Processing/Projek_FInal_Speaker_Identification/data/50_speakers_audio_data/Speaker0045/Speaker0045_005.wav,Speaker0045,Speaker0045_005.wav,60.00036281179138
/Users/gertrudisrms/Documents/Kuliah/Semester 6/Speech Processing/Projek_FInal_Speaker_Identification/data/50_speakers_audio_data/Speaker0045/Speaker0045_011.wav,Speaker0045,Speaker0045_011.wav,60.00036281179138
/Users/gertrudisrms/Documents/Kuliah/Semester 6/Speech Processing/Projek_FInal_Speaker_Identification/data/50_speakers_audio_data/Speaker0045/Speaker0045_039.wav,Speaker0045,Speaker0045_039.wav,60.00036281179138
/Users/gertrudisrms/Documents/Kuliah/Semester 6/Speech Processing/Projek_FInal_Speaker_Identification/data/50_speakers_audio_data/Speaker0045/Speaker0045_038.wav,Speaker0045,Speaker0045_038.wav,60.00036281179138
/Users/gertrudisrms/Documents/Kuliah/Semester 6/Speech Processing/Projek_FInal_Speaker_Identification/data/50_speakers_audio_data/Speaker0045/Speaker0045_010.wav,Speaker0045,Speaker0045_010.wav,60.00036281179138
/Users/gertrudisrms/Documents/Kuliah/Semester 6/Speech Processing/Projek_FInal_Speaker_Identification/data/50_speakers_audio_data/Speaker0045/Speaker0045_004.wav,Speaker0045,Speaker0045_004.wav,60.00036281179138
/Users/gertrudisrms/Documents/Kuliah/Semester 6/Speech Processing/Projek_FInal_Speaker_Identification/data/50_speakers_audio_data/Speaker0045/Speaker0045_012.wav,Speaker0045,Speaker0045_012.wav,60.00036281179138
/Users/gertrudisrms/Documents/Kuliah/Semester 6/Speech Processing/Projek_FInal_Speaker_Identification/data/50_speakers_audio_data/Speaker0045/Speaker0045_006.wav,Speaker0045,Speaker0045_006.wav,60.00036281179138
/Users/gertrudisrms/Documents/Kuliah/Semester 6/Speech Processing/Projek_FInal_Speaker_Identification/data/50_speakers_audio_data/Speaker0045/Speaker0045_007.wav,Speaker0045,Speaker0045_007.wav,60.00036281179138
/Users/gertrudisrms/Documents/Kuliah/Semester 6/Speech Processing/Projek_FInal_Speaker_Identification/data/50_speakers_audio_data/Speaker0045/Speaker0045_013.wav,Speaker0045,Speaker0045_013.wav,60.00036281179138
/Users/gertrudisrms/Documents/Kuliah/Semester 6/Speech Processing/Projek_FInal_Speaker_Identification/data/50_speakers_audio_data/Speaker0045/Speaker0045_017.wav,Speaker0045,Speaker0045_017.wav,60.00036281179138
/Users/gertrudisrms/Documents/Kuliah/Semester 6/Speech Processing/Projek_FInal_Speaker_Identification/data/50_speakers_audio_data/Speaker0045/Speaker0045_003.wav,Speaker0045,Speaker0045_003.wav,60.00036281179138
/Users/gertrudisrms/Documents/Kuliah/Semester 6/Speech Processing/Projek_FInal_Speaker_Identification/data/50_speakers_audio_data/Speaker0045/Speaker0045_002.wav,Speaker0045,Speaker0045_002.wav,60.00036281179138
/Users/gertrudisrms/Documents/Kuliah/Semester 6/Speech Processing/Projek_FInal_Speaker_Identification/data/50_speakers_audio_data/Speaker0045/Speaker0045_016.wav,Speaker0045,Speaker0045_016.wav,60.00036281179138
/Users/gertrudisrms/Documents/Kuliah/Semester 6/Speech Processing/Projek_FInal_Speaker_Identification/data/50_speakers_audio_data/Speaker0045/Speaker0045_028.wav,Speaker0045,Speaker0045_028.wav,60.00036281179138
/Users/gertrudisrms/Documents/Kuliah/Semester 6/Speech Processing/Projek_FInal_Speaker_Identification/data/50_speakers_audio_data/Speaker0045/Speaker0045_000.wav,Speaker0045,Speaker0045_000.wav,60.00036281179138
/Users/gertrudisrms/Documents/Kuliah/Semester 6/Speech Processing/Projek_FInal_Speaker_Identification/data/50_speakers_audio_data/Speaker0045/Speaker0045_014.wav,Speaker0045,Speaker0045_014.wav,60.00036281179138
/Users/gertrudisrms/Documents/Kuliah/Semester 6/Speech Processing/Projek_FInal_Speaker_Identification/data/50_speakers_audio_data/Speaker0045/Speaker0045_015.wav,Speaker0045,Speaker0045_015.wav,60.00036281179138
/Users/gertrudisrms/Documents/Kuliah/Semester 6/Speech Processing/Projek_FInal_Speaker_Identification/data/50_speakers_audio_data/Speaker0045/Speaker0045_001.wav,Speaker0045,Speaker0045_001.wav,60.00036281179138
/Users/gertrudisrms/Documents/Kuliah/Semester 6/Speech Processing/Projek_FInal_Speaker_Identification/data/50_speakers_audio_data/Speaker0045/Speaker0045_029.wav,Speaker0045,Speaker0045_029.wav,60.00036281179138
/Users/gertrudisrms/Documents/Kuliah/Semester 6/Speech Processing/Projek_FInal_Speaker_Identification/data/50_speakers_audio_data/Speaker0042/Speaker0042_007.wav,Speaker0042,Speaker0042_007.wav,60.00036281179138
/Users/gertrudisrms/Documents/Kuliah/Semester 6/Speech Processing/Projek_FInal_Speaker_Identification/data/50_speakers_audio_data/Speaker0042/Speaker0042_013.wav,Speaker0042,Speaker0042_013.wav,60.00036281179138
/Users/gertrudisrms/Documents/Kuliah/Semester 6/Speech Processing/Projek_FInal_Speaker_Identification/data/50_speakers_audio_data/Speaker0042/Speaker0042_012.wav,Speaker0042,Speaker0042_012.wav,60.00036281179138
/Users/gertrudisrms/Documents/Kuliah/Semester 6/Speech Processing/Projek_FInal_Speaker_Identification/data/50_speakers_audio_data/Speaker0042/Speaker0042_006.wav,Speaker0042,Speaker0042_006.wav,60.00036281179138
/Users/gertrudisrms/Documents/Kuliah/Semester 6/Speech Processing/Projek_FInal_Speaker_Identification/data/50_speakers_audio_data/Speaker0042/Speaker0042_010.wav,Speaker0042,Speaker0042_010.wav,60.00036281179138
/Users/gertrudisrms/Documents/Kuliah/Semester 6/Speech Processing/Projek_FInal_Speaker_Identification/data/50_speakers_audio_data/Speaker0042/Speaker0042_004.wav,Speaker0042,Speaker0042_004.wav,60.00036281179138
/Users/gertrudisrms/Documents/Kuliah/Semester 6/Speech Processing/Projek_FInal_Speaker_Identification/data/50_speakers_audio_data/Speaker0042/Speaker0042_038.wav,Speaker0042,Speaker0042_038.wav,60.00036281179138
/Users/gertrudisrms/Documents/Kuliah/Semester 6/Speech Processing/Projek_FInal_Speaker_Identification/data/50_speakers_audio_data/Speaker0042/Speaker0042_039.wav,Speaker0042,Speaker0042_039.wav,60.00036281179138
/Users/gertrudisrms/Documents/Kuliah/Semester 6/Speech Processing/Projek_FInal_Speaker_Identification/data/50_speakers_audio_data/Speaker0042/Speaker0042_005.wav,Speaker0042,Speaker0042_005.wav,60.00036281179138
/Users/gertrudisrms/Documents/Kuliah/Semester 6/Speech Processing/Projek_FInal_Speaker_Identification/data/50_speakers_audio_data/Speaker0042/Speaker0042_011.wav,Speaker0042,Speaker0042_011.wav,60.00036281179138
/Users/gertrudisrms/Documents/Kuliah/Semester 6/Speech Processing/Projek_FInal_Speaker_Identification/data/50_speakers_audio_data/Speaker0042/Speaker0042_029.wav,Speaker0042,Speaker0042_029.wav,60.00036281179138
/Users/gertrudisrms/Documents/Kuliah/Semester 6/Speech Processing/Projek_FInal_Speaker_Identification/data/50_speakers_audio_data/Speaker0042/Speaker0042_015.wav,Speaker0042,Speaker0042_015.wav,60.00036281179138
/Users/gertrudisrms/Documents/Kuliah/Semester 6/Speech Processing/Projek_FInal_Speaker_Identification/data/50_speakers_audio_data/Speaker0042/Speaker0042_001.wav,Speaker0042,Speaker0042_001.wav,60.00036281179138
/Users/gertrudisrms/Documents/Kuliah/Semester 6/Speech Processing/Projek_FInal_Speaker_Identification/data/50_speakers_audio_data/Speaker0042/Speaker0042_000.wav,Speaker0042,Speaker0042_000.wav,60.00036281179138
/Users/gertrudisrms/Documents/Kuliah/Semester 6/Speech Processing/Projek_FInal_Speaker_Identification/data/50_speakers_audio_data/Speaker0042/Speaker0042_014.wav,Speaker0042,Speaker0042_014.wav,60.00036281179138
/Users/gertrudisrms/Documents/Kuliah/Semester 6/Speech Processing/Projek_FInal_Speaker_Identification/data/50_speakers_audio_data/Speaker0042/Speaker0042_028.wav,Speaker0042,Speaker0042_028.wav,60.00036281179138
/Users/gertrudisrms/Documents/Kuliah/Semester 6/Speech Processing/Projek_FInal_Speaker_Identification/data/50_speakers_audio_data/Speaker0042/Speaker0042_002.wav,Speaker0042,Speaker0042_002.wav,60.00036281179138
/Users/gertrudisrms/Documents/Kuliah/Semester 6/Speech Processing/Projek_FInal_Speaker_Identification/data/50_speakers_audio_data/Speaker0042/Speaker0042_016.wav,Speaker0042,Speaker0042_016.wav,60.00036281179138
/Users/gertrudisrms/Documents/Kuliah/Semester 6/Speech Processing/Projek_FInal_Speaker_Identification/data/50_speakers_audio_data/Speaker0042/Speaker0042_017.wav,Speaker0042,Speaker0042_017.wav,60.00036281179138
/Users/gertrudisrms/Documents/Kuliah/Semester 6/Speech Processing/Projek_FInal_Speaker_Identification/data/50_speakers_audio_data/Speaker0042/Speaker0042_003.wav,Speaker0042,Speaker0042_003.wav,60.00036281179138
/Users/gertrudisrms/Documents/Kuliah/Semester 6/Speech Processing/Projek_FInal_Speaker_Identification/data/50_speakers_audio_data/Speaker0042/Speaker0042_040.wav,Speaker0042,Speaker0042_040.wav,14.248344671201814
/Users/gertrudisrms/Documents/Kuliah/Semester 6/Speech Processing/Projek_FInal_Speaker_Identification/data/50_speakers_audio_data/Speaker0042/Speaker0042_026.wav,Speaker0042,Speaker0042_026.wav,60.00036281179138
/Users/gertrudisrms/Documents/Kuliah/Semester 6/Speech Processing/Projek_FInal_Speaker_Identification/data/50_speakers_audio_data/Speaker0042/Speaker0042_032.wav,Speaker0042,Speaker0042_032.wav,60.00036281179138
/Users/gertrudisrms/Documents/Kuliah/Semester 6/Speech Processing/Projek_FInal_Speaker_Identification/data/50_speakers_audio_data/Speaker0042/Speaker0042_033.wav,Speaker0042,Speaker0042_033.wav,60.00036281179138
/Users/gertrudisrms/Documents/Kuliah/Semester 6/Speech Processing/Projek_FInal_Speaker_Identification/data/50_speakers_audio_data/Speaker0042/Speaker0042_027.wav,Speaker0042,Speaker0042_027.wav,60.00036281179138
/Users/gertrudisrms/Documents/Kuliah/Semester 6/Speech Processing/Projek_FInal_Speaker_Identification/data/50_speakers_audio_data/Speaker0042/Speaker0042_031.wav,Speaker0042,Speaker0042_031.wav,60.00036281179138
/Users/gertrudisrms/Documents/Kuliah/Semester 6/Speech Processing/Projek_FInal_Speaker_Identification/data/50_speakers_audio_data/Speaker0042/Speaker0042_025.wav,Speaker0042,Speaker0042_025.wav,60.00036281179138
/Users/gertrudisrms/Documents/Kuliah/Semester 6/Speech Processing/Projek_FInal_Speaker_Identification/data/50_speakers_audio_data/Speaker0042/Speaker0042_019.wav,Speaker0042,Speaker0042_019.wav,60.00036281179138
/Users/gertrudisrms/Documents/Kuliah/Semester 6/Speech Processing/Projek_FInal_Speaker_Identification/data/50_speakers_audio_data/Speaker0042/Speaker0042_018.wav,Speaker0042,Speaker0042_018.wav,60.00036281179138
/Users/gertrudisrms/Documents/Kuliah/Semester 6/Speech Processing/Projek_FInal_Speaker_Identification/data/50_speakers_audio_data/Speaker0042/Speaker0042_024.wav,Speaker0042,Speaker0042_024.wav,60.00036281179138
/Users/gertrudisrms/Documents/Kuliah/Semester 6/Speech Processing/Projek_FInal_Speaker_Identification/data/50_speakers_audio_data/Speaker0042/Speaker0042_030.wav,Speaker0042,Speaker0042_030.wav,60.00036281179138
/Users/gertrudisrms/Documents/Kuliah/Semester 6/Speech Processing/Projek_FInal_Speaker_Identification/data/50_speakers_audio_data/Speaker0042/Speaker0042_008.wav,Speaker0042,Speaker0042_008.wav,60.00036281179138
/Users/gertrudisrms/Documents/Kuliah/Semester 6/Speech Processing/Projek_FInal_Speaker_Identification/data/50_speakers_audio_data/Speaker0042/Speaker0042_034.wav,Speaker0042,Speaker0042_034.wav,60.00036281179138
/Users/gertrudisrms/Documents/Kuliah/Semester 6/Speech Processing/Projek_FInal_Speaker_Identification/data/50_speakers_audio_data/Speaker0042/Speaker0042_020.wav,Speaker0042,Speaker0042_020.wav,60.00036281179138
/Users/gertrudisrms/Documents/Kuliah/Semester 6/Speech Processing/Projek_FInal_Speaker_Identification/data/50_speakers_audio_data/Speaker0042/Speaker0042_021.wav,Speaker0042,Speaker0042_021.wav,60.00036281179138
/Users/gertrudisrms/Documents/Kuliah/Semester 6/Speech Processing/Projek_FInal_Speaker_Identification/data/50_speakers_audio_data/Speaker0042/Speaker0042_035.wav,Speaker0042,Speaker0042_035.wav,60.00036281179138
/Users/gertrudisrms/Documents/Kuliah/Semester 6/Speech Processing/Projek_FInal_Speaker_Identification/data/50_speakers_audio_data/Speaker0042/Speaker0042_009.wav,Speaker0042,Speaker0042_009.wav,60.00036281179138
/Users/gertrudisrms/Documents/Kuliah/Semester 6/Speech Processing/Projek_FInal_Speaker_Identification/data/50_speakers_audio_data/Speaker0042/Speaker0042_023.wav,Speaker0042,Speaker0042_023.wav,60.00036281179138
/Users/gertrudisrms/Documents/Kuliah/Semester 6/Speech Processing/Projek_FInal_Speaker_Identification/data/50_speakers_audio_data/Speaker0042/Speaker0042_037.wav,Speaker0042,Speaker0042_037.wav,60.00036281179138
/Users/gertrudisrms/Documents/Kuliah/Semester 6/Speech Processing/Projek_FInal_Speaker_Identification/data/50_speakers_audio_data/Speaker0042/Speaker0042_036.wav,Speaker0042,Speaker0042_036.wav,60.00036281179138
/Users/gertrudisrms/Documents/Kuliah/Semester 6/Speech Processing/Projek_FInal_Speaker_Identification/data/50_speakers_audio_data/Speaker0042/Speaker0042_022.wav,Speaker0042,Speaker0042_022.wav,60.00036281179138
/Users/gertrudisrms/Documents/Kuliah/Semester 6/Speech Processing/Projek_FInal_Speaker_Identification/data/50_speakers_audio_data/Speaker0027/Speaker27_002.wav,Speaker0027,Speaker27_002.wav,60.00036281179138
/Users/gertrudisrms/Documents/Kuliah/Semester 6/Speech Processing/Projek_FInal_Speaker_Identification/data/50_speakers_audio_data/Speaker0027/Speaker27_016.wav,Speaker0027,Speaker27_016.wav,60.00036281179138
/Users/gertrudisrms/Documents/Kuliah/Semester 6/Speech Processing/Projek_FInal_Speaker_Identification/data/50_speakers_audio_data/Speaker0027/Speaker27_017.wav,Speaker0027,Speaker27_017.wav,60.00036281179138
/Users/gertrudisrms/Documents/Kuliah/Semester 6/Speech Processing/Projek_FInal_Speaker_Identification/data/50_speakers_audio_data/Speaker0027/Speaker27_003.wav,Speaker0027,Speaker27_003.wav,60.00036281179138
/Users/gertrudisrms/Documents/Kuliah/Semester 6/Speech Processing/Projek_FInal_Speaker_Identification/data/50_speakers_audio_data/Speaker0027/Speaker27_029.wav,Speaker0027,Speaker27_029.wav,60.00036281179138
/Users/gertrudisrms/Documents/Kuliah/Semester 6/Speech Processing/Projek_FInal_Speaker_Identification/data/50_speakers_audio_data/Speaker0027/Speaker27_015.wav,Speaker0027,Speaker27_015.wav,60.00036281179138
/Users/gertrudisrms/Documents/Kuliah/Semester 6/Speech Processing/Projek_FInal_Speaker_Identification/data/50_speakers_audio_data/Speaker0027/Speaker27_001.wav,Speaker0027,Speaker27_001.wav,60.00036281179138
/Users/gertrudisrms/Documents/Kuliah/Semester 6/Speech Processing/Projek_FInal_Speaker_Identification/data/50_speakers_audio_data/Speaker0027/Speaker27_000.wav,Speaker0027,Speaker27_000.wav,60.00036281179138
/Users/gertrudisrms/Documents/Kuliah/Semester 6/Speech Processing/Projek_FInal_Speaker_Identification/data/50_speakers_audio_data/Speaker0027/Speaker27_014.wav,Speaker0027,Speaker27_014.wav,60.00036281179138
/Users/gertrudisrms/Documents/Kuliah/Semester 6/Speech Processing/Projek_FInal_Speaker_Identification/data/50_speakers_audio_data/Speaker0027/Speaker27_028.wav,Speaker0027,Speaker27_028.wav,60.00036281179138
/Users/gertrudisrms/Documents/Kuliah/Semester 6/Speech Processing/Projek_FInal_Speaker_Identification/data/50_speakers_audio_data/Speaker0027/Speaker27_010.wav,Speaker0027,Speaker27_010.wav,60.00036281179138
/Users/gertrudisrms/Documents/Kuliah/Semester 6/Speech Processing/Projek_FInal_Speaker_Identification/data/50_speakers_audio_data/Speaker0027/Speaker27_004.wav,Speaker0027,Speaker27_004.wav,60.00036281179138
/Users/gertrudisrms/Documents/Kuliah/Semester 6/Speech Processing/Projek_FInal_Speaker_Identification/data/50_speakers_audio_data/Speaker0027/Speaker27_038.wav,Speaker0027,Speaker27_038.wav,60.00036281179138
/Users/gertrudisrms/Documents/Kuliah/Semester 6/Speech Processing/Projek_FInal_Speaker_Identification/data/50_speakers_audio_data/Speaker0027/Speaker27_039.wav,Speaker0027,Speaker27_039.wav,60.00036281179138
/Users/gertrudisrms/Documents/Kuliah/Semester 6/Speech Processing/Projek_FInal_Speaker_Identification/data/50_speakers_audio_data/Speaker0027/Speaker27_005.wav,Speaker0027,Speaker27_005.wav,60.00036281179138
/Users/gertrudisrms/Documents/Kuliah/Semester 6/Speech Processing/Projek_FInal_Speaker_Identification/data/50_speakers_audio_data/Speaker0027/Speaker27_011.wav,Speaker0027,Speaker27_011.wav,60.00036281179138
/Users/gertrudisrms/Documents/Kuliah/Semester 6/Speech Processing/Projek_FInal_Speaker_Identification/data/50_speakers_audio_data/Speaker0027/Speaker27_007.wav,Speaker0027,Speaker27_007.wav,60.00036281179138
/Users/gertrudisrms/Documents/Kuliah/Semester 6/Speech Processing/Projek_FInal_Speaker_Identification/data/50_speakers_audio_data/Speaker0027/Speaker27_013.wav,Speaker0027,Speaker27_013.wav,60.00036281179138
/Users/gertrudisrms/Documents/Kuliah/Semester 6/Speech Processing/Projek_FInal_Speaker_Identification/data/50_speakers_audio_data/Speaker0027/Speaker27_012.wav,Speaker0027,Speaker27_012.wav,60.00036281179138
/Users/gertrudisrms/Documents/Kuliah/Semester 6/Speech Processing/Projek_FInal_Speaker_Identification/data/50_speakers_audio_data/Speaker0027/Speaker27_006.wav,Speaker0027,Speaker27_006.wav,60.00036281179138
/Users/gertrudisrms/Documents/Kuliah/Semester 6/Speech Processing/Projek_FInal_Speaker_Identification/data/50_speakers_audio_data/Speaker0027/Speaker27_023.wav,Speaker0027,Speaker27_023.wav,60.00036281179138
/Users/gertrudisrms/Documents/Kuliah/Semester 6/Speech Processing/Projek_FInal_Speaker_Identification/data/50_speakers_audio_data/Speaker0027/Speaker27_037.wav,Speaker0027,Speaker27_037.wav,60.00036281179138
/Users/gertrudisrms/Documents/Kuliah/Semester 6/Speech Processing/Projek_FInal_Speaker_Identification/data/50_speakers_audio_data/Speaker0027/Speaker27_036.wav,Speaker0027,Speaker27_036.wav,60.00036281179138
/Users/gertrudisrms/Documents/Kuliah/Semester 6/Speech Processing/Projek_FInal_Speaker_Identification/data/50_speakers_audio_data/Speaker0027/Speaker27_022.wav,Speaker0027,Speaker27_022.wav,60.00036281179138
/Users/gertrudisrms/Documents/Kuliah/Semester 6/Speech Processing/Projek_FInal_Speaker_Identification/data/50_speakers_audio_data/Speaker0027/Speaker27_008.wav,Speaker0027,Speaker27_008.wav,60.00036281179138
/Users/gertrudisrms/Documents/Kuliah/Semester 6/Speech Processing/Projek_FInal_Speaker_Identification/data/50_speakers_audio_data/Speaker0027/Speaker27_034.wav,Speaker0027,Speaker27_034.wav,60.00036281179138
/Users/gertrudisrms/Documents/Kuliah/Semester 6/Speech Processing/Projek_FInal_Speaker_Identification/data/50_speakers_audio_data/Speaker0027/Speaker27_020.wav,Speaker0027,Speaker27_020.wav,60.00036281179138
/Users/gertrudisrms/Documents/Kuliah/Semester 6/Speech Processing/Projek_FInal_Speaker_Identification/data/50_speakers_audio_data/Speaker0027/Speaker27_021.wav,Speaker0027,Speaker27_021.wav,60.00036281179138
/Users/gertrudisrms/Documents/Kuliah/Semester 6/Speech Processing/Projek_FInal_Speaker_Identification/data/50_speakers_audio_data/Speaker0027/Speaker27_035.wav,Speaker0027,Speaker27_035.wav,60.00036281179138
/Users/gertrudisrms/Documents/Kuliah/Semester 6/Speech Processing/Projek_FInal_Speaker_Identification/data/50_speakers_audio_data/Speaker0027/Speaker27_009.wav,Speaker0027,Speaker27_009.wav,60.00036281179138
/Users/gertrudisrms/Documents/Kuliah/Semester 6/Speech Processing/Projek_FInal_Speaker_Identification/data/50_speakers_audio_data/Speaker0027/Speaker27_031.wav,Speaker0027,Speaker27_031.wav,60.00036281179138
/Users/gertrudisrms/Documents/Kuliah/Semester 6/Speech Processing/Projek_FInal_Speaker_Identification/data/50_speakers_audio_data/Speaker0027/Speaker27_025.wav,Speaker0027,Speaker27_025.wav,60.00036281179138
/Users/gertrudisrms/Documents/Kuliah/Semester 6/Speech Processing/Projek_FInal_Speaker_Identification/data/50_speakers_audio_data/Speaker0027/Speaker27_019.wav,Speaker0027,Speaker27_019.wav,60.00036281179138
/Users/gertrudisrms/Documents/Kuliah/Semester 6/Speech Processing/Projek_FInal_Speaker_Identification/data/50_speakers_audio_data/Speaker0027/Speaker27_018.wav,Speaker0027,Speaker27_018.wav,60.00036281179138
/Users/gertrudisrms/Documents/Kuliah/Semester 6/Speech Processing/Projek_FInal_Speaker_Identification/data/50_speakers_audio_data/Speaker0027/Speaker27_024.wav,Speaker0027,Speaker27_024.wav,60.00036281179138
/Users/gertrudisrms/Documents/Kuliah/Semester 6/Speech Processing/Projek_FInal_Speaker_Identification/data/50_speakers_audio_data/Speaker0027/Speaker27_030.wav,Speaker0027,Speaker27_030.wav,60.00036281179138
/Users/gertrudisrms/Documents/Kuliah/Semester 6/Speech Processing/Projek_FInal_Speaker_Identification/data/50_speakers_audio_data/Speaker0027/Speaker27_026.wav,Speaker0027,Speaker27_026.wav,60.00036281179138
/Users/gertrudisrms/Documents/Kuliah/Semester 6/Speech Processing/Projek_FInal_Speaker_Identification/data/50_speakers_audio_data/Speaker0027/Speaker27_032.wav,Speaker0027,Speaker27_032.wav,60.00036281179138
/Users/gertrudisrms/Documents/Kuliah/Semester 6/Speech Processing/Projek_FInal_Speaker_Identification/data/50_speakers_audio_data/Speaker0027/Speaker27_033.wav,Speaker0027,Speaker27_033.wav,60.00036281179138
/Users/gertrudisrms/Documents/Kuliah/Semester 6/Speech Processing/Projek_FInal_Speaker_Identification/data/50_speakers_audio_data/Speaker0027/Speaker27_027.wav,Speaker0027,Speaker27_027.wav,60.00036281179138
/Users/gertrudisrms/Documents/Kuliah/Semester 6/Speech Processing/Projek_FInal_Speaker_Identification/data/50_speakers_audio_data/Speaker0027/Speaker27_040.wav,Speaker0027,Speaker27_040.wav,60.00036281179138
/Users/gertrudisrms/Documents/Kuliah/Semester 6/Speech Processing/Projek_FInal_Speaker_Identification/data/50_speakers_audio_data/Speaker0027/Speaker27_041.wav,Speaker0027,Speaker27_041.wav,60.00036281179138
/Users/gertrudisrms/Documents/Kuliah/Semester 6/Speech Processing/Projek_FInal_Speaker_Identification/data/50_speakers_audio_data/Speaker0027/Speaker27_043.wav,Speaker0027,Speaker27_043.wav,60.00036281179138
/Users/gertrudisrms/Documents/Kuliah/Semester 6/Speech Processing/Projek_FInal_Speaker_Identification/data/50_speakers_audio_data/Speaker0027/Speaker27_042.wav,Speaker0027,Speaker27_042.wav,60.00036281179138
/Users/gertrudisrms/Documents/Kuliah/Semester 6/Speech Processing/Projek_FInal_Speaker_Identification/data/50_speakers_audio_data/Speaker0027/Speaker27_046.wav,Speaker0027,Speaker27_046.wav,6.193922902494331
/Users/gertrudisrms/Documents/Kuliah/Semester 6/Speech Processing/Projek_FInal_Speaker_Identification/data/50_speakers_audio_data/Speaker0027/Speaker27_045.wav,Speaker0027,Speaker27_045.wav,60.00036281179138
/Users/gertrudisrms/Documents/Kuliah/Semester 6/Speech Processing/Projek_FInal_Speaker_Identification/data/50_speakers_audio_data/Speaker0027/Speaker27_044.wav,Speaker0027,Speaker27_044.wav,60.00036281179138
/Users/gertrudisrms/Documents/Kuliah/Semester 6/Speech Processing/Projek_FInal_Speaker_Identification/data/50_speakers_audio_data/Speaker0029/Speaker29_022.wav,Speaker0029,Speaker29_022.wav,60.00036281179138
/Users/gertrudisrms/Documents/Kuliah/Semester 6/Speech Processing/Projek_FInal_Speaker_Identification/data/50_speakers_audio_data/Speaker0029/Speaker29_023.wav,Speaker0029,Speaker29_023.wav,60.00036281179138
/Users/gertrudisrms/Documents/Kuliah/Semester 6/Speech Processing/Projek_FInal_Speaker_Identification/data/50_speakers_audio_data/Speaker0029/Speaker29_009.wav,Speaker0029,Speaker29_009.wav,60.00036281179138
/Users/gertrudisrms/Documents/Kuliah/Semester 6/Speech Processing/Projek_FInal_Speaker_Identification/data/50_speakers_audio_data/Speaker0029/Speaker29_021.wav,Speaker0029,Speaker29_021.wav,60.00036281179138
/Users/gertrudisrms/Documents/Kuliah/Semester 6/Speech Processing/Projek_FInal_Speaker_Identification/data/50_speakers_audio_data/Speaker0029/Speaker29_020.wav,Speaker0029,Speaker29_020.wav,60.00036281179138
/Users/gertrudisrms/Documents/Kuliah/Semester 6/Speech Processing/Projek_FInal_Speaker_Identification/data/50_speakers_audio_data/Speaker0029/Speaker29_008.wav,Speaker0029,Speaker29_008.wav,60.00036281179138
/Users/gertrudisrms/Documents/Kuliah/Semester 6/Speech Processing/Projek_FInal_Speaker_Identification/data/50_speakers_audio_data/Speaker0029/Speaker29_030.wav,Speaker0029,Speaker29_030.wav,7.401360544217687
/Users/gertrudisrms/Documents/Kuliah/Semester 6/Speech Processing/Projek_FInal_Speaker_Identification/data/50_speakers_audio_data/Speaker0029/Speaker29_024.wav,Speaker0029,Speaker29_024.wav,60.00036281179138
/Users/gertrudisrms/Documents/Kuliah/Semester 6/Speech Processing/Projek_FInal_Speaker_Identification/data/50_speakers_audio_data/Speaker0029/Speaker29_018.wav,Speaker0029,Speaker29_018.wav,60.00036281179138
/Users/gertrudisrms/Documents/Kuliah/Semester 6/Speech Processing/Projek_FInal_Speaker_Identification/data/50_speakers_audio_data/Speaker0029/Speaker29_019.wav,Speaker0029,Speaker29_019.wav,60.00036281179138
/Users/gertrudisrms/Documents/Kuliah/Semester 6/Speech Processing/Projek_FInal_Speaker_Identification/data/50_speakers_audio_data/Speaker0029/Speaker29_025.wav,Speaker0029,Speaker29_025.wav,60.00036281179138
/Users/gertrudisrms/Documents/Kuliah/Semester 6/Speech Processing/Projek_FInal_Speaker_Identification/data/50_speakers_audio_data/Speaker0029/Speaker29_027.wav,Speaker0029,Speaker29_027.wav,60.00036281179138
/Users/gertrudisrms/Documents/Kuliah/Semester 6/Speech Processing/Projek_FInal_Speaker_Identification/data/50_speakers_audio_data/Speaker0029/Speaker29_026.wav,Speaker0029,Speaker29_026.wav,60.00036281179138
/Users/gertrudisrms/Documents/Kuliah/Semester 6/Speech Processing/Projek_FInal_Speaker_Identification/data/50_speakers_audio_data/Speaker0029/Speaker29_003.wav,Speaker0029,Speaker29_003.wav,60.00036281179138
/Users/gertrudisrms/Documents/Kuliah/Semester 6/Speech Processing/Projek_FInal_Speaker_Identification/data/50_speakers_audio_data/Speaker0029/Speaker29_017.wav,Speaker0029,Speaker29_017.wav,60.00036281179138
/Users/gertrudisrms/Documents/Kuliah/Semester 6/Speech Processing/Projek_FInal_Speaker_Identification/data/50_speakers_audio_data/Speaker0029/Speaker29_016.wav,Speaker0029,Speaker29_016.wav,60.00036281179138
/Users/gertrudisrms/Documents/Kuliah/Semester 6/Speech Processing/Projek_FInal_Speaker_Identification/data/50_speakers_audio_data/Speaker0029/Speaker29_002.wav,Speaker0029,Speaker29_002.wav,60.00036281179138
/Users/gertrudisrms/Documents/Kuliah/Semester 6/Speech Processing/Projek_FInal_Speaker_Identification/data/50_speakers_audio_data/Speaker0029/Speaker29_028.wav,Speaker0029,Speaker29_028.wav,60.00036281179138
/Users/gertrudisrms/Documents/Kuliah/Semester 6/Speech Processing/Projek_FInal_Speaker_Identification/data/50_speakers_audio_data/Speaker0029/Speaker29_014.wav,Speaker0029,Speaker29_014.wav,60.00036281179138
/Users/gertrudisrms/Documents/Kuliah/Semester 6/Speech Processing/Projek_FInal_Speaker_Identification/data/50_speakers_audio_data/Speaker0029/Speaker29_000.wav,Speaker0029,Speaker29_000.wav,60.00036281179138
/Users/gertrudisrms/Documents/Kuliah/Semester 6/Speech Processing/Projek_FInal_Speaker_Identification/data/50_speakers_audio_data/Speaker0029/Speaker29_001.wav,Speaker0029,Speaker29_001.wav,60.00036281179138
/Users/gertrudisrms/Documents/Kuliah/Semester 6/Speech Processing/Projek_FInal_Speaker_Identification/data/50_speakers_audio_data/Speaker0029/Speaker29_015.wav,Speaker0029,Speaker29_015.wav,60.00036281179138
/Users/gertrudisrms/Documents/Kuliah/Semester 6/Speech Processing/Projek_FInal_Speaker_Identification/data/50_speakers_audio_data/Speaker0029/Speaker29_029.wav,Speaker0029,Speaker29_029.wav,60.00036281179138
/Users/gertrudisrms/Documents/Kuliah/Semester 6/Speech Processing/Projek_FInal_Speaker_Identification/data/50_speakers_audio_data/Speaker0029/Speaker29_011.wav,Speaker0029,Speaker29_011.wav,60.00036281179138
/Users/gertrudisrms/Documents/Kuliah/Semester 6/Speech Processing/Projek_FInal_Speaker_Identification/data/50_speakers_audio_data/Speaker0029/Speaker29_005.wav,Speaker0029,Speaker29_005.wav,60.00036281179138
/Users/gertrudisrms/Documents/Kuliah/Semester 6/Speech Processing/Projek_FInal_Speaker_Identification/data/50_speakers_audio_data/Speaker0029/Speaker29_004.wav,Speaker0029,Speaker29_004.wav,60.00036281179138
/Users/gertrudisrms/Documents/Kuliah/Semester 6/Speech Processing/Projek_FInal_Speaker_Identification/data/50_speakers_audio_data/Speaker0029/Speaker29_010.wav,Speaker0029,Speaker29_010.wav,60.00036281179138
/Users/gertrudisrms/Documents/Kuliah/Semester 6/Speech Processing/Projek_FInal_Speaker_Identification/data/50_speakers_audio_data/Speaker0029/Speaker29_006.wav,Speaker0029,Speaker29_006.wav,60.00036281179138
/Users/gertrudisrms/Documents/Kuliah/Semester 6/Speech Processing/Projek_FInal_Speaker_Identification/data/50_speakers_audio_data/Speaker0029/Speaker29_012.wav,Speaker0029,Speaker29_012.wav,60.00036281179138
/Users/gertrudisrms/Documents/Kuliah/Semester 6/Speech Processing/Projek_FInal_Speaker_Identification/data/50_speakers_audio_data/Speaker0029/Speaker29_013.wav,Speaker0029,Speaker29_013.wav,60.00036281179138
/Users/gertrudisrms/Documents/Kuliah/Semester 6/Speech Processing/Projek_FInal_Speaker_Identification/data/50_speakers_audio_data/Speaker0029/Speaker29_007.wav,Speaker0029,Speaker29_007.wav,60.00036281179138
